category_name,brand_name,month,trends_index,raw_index,batch,scale_factor,stitch_flag
Skincare (Female Only),Sukin,2021-08-01,19.0,19.0,0,1.0,
Skincare (Female Only),Sukin,2021-09-01,17.5,17.5,0,1.0,
Skincare (Female Only),Sukin,2021-10-01,16.4,16.4,0,1.0,
Skincare (Female Only),Sukin,2021-11-01,17.5,17.5,0,1.0,
Skincare (Female Only),Sukin,2021-12-01,18.0,18.0,0,1.0,
Skincare (Female Only),Sukin,2022-01-01,17.0,17.0,0,1.0,
Skincare (Female Only),Sukin,2022-02-01,15.5,15.5,0,1.0,
Skincare (Female Only),Sukin,2022-03-01,16.75,16.75,0,1.0,
Skincare (Female Only),Sukin,2022-04-01,21.25,21.25,0,1.0,
Skincare (Female Only),Sukin,2022-05-01,20.6,20.6,0,1.0,
Skincare (Female Only),Sukin,2022-06-01,18.0,18.0,0,1.0,
Skincare (Female Only),Sukin,2022-07-01,17.4,17.4,0,1.0,
Skincare (Female Only),Sukin,2022-08-01,18.5,18.5,0,1.0,
Skincare (Female Only),Sukin,2022-09-01,18.25,18.25,0,1.0,
Skincare (Female Only),Sukin,2022-10-01,16.4,16.4,0,1.0,
Skincare (Female Only),Sukin,2022-11-01,19.5,19.5,0,1.0,
Skincare (Female Only),Sukin,2022-12-01,19.75,19.75,0,1.0,
Skincare (Female Only),Sukin,2023-01-01,19.2,19.2,0,1.0,
Skincare (Female Only),Sukin,2023-02-01,18.25,18.25,0,1.0,
Skincare (Female Only),Sukin,2023-03-01,18.0,18.0,0,1.0,
Skincare (Female Only),Sukin,2023-04-01,22.6,22.6,0,1.0,
Skincare (Female Only),Sukin,2023-05-01,18.25,18.25,0,1.0,
Skincare (Female Only),Sukin,2023-06-01,20.5,20.5,0,1.0,
Skincare (Female Only),Sukin,2023-07-01,20.2,20.2,0,1.0,
Skincare (Female Only),Sukin,2023-08-01,20.25,20.25,0,1.0,
Skincare (Female Only),Sukin,2023-09-01,18.0,18.0,0,1.0,
Skincare (Female Only),Sukin,2023-10-01,19.4,19.4,0,1.0,
Skincare (Female Only),Sukin,2023-11-01,21.5,21.5,0,1.0,
Skincare (Female Only),Sukin,2023-12-01,21.4,21.4,0,1.0,
Skincare (Female Only),Sukin,2024-01-01,19.75,19.75,0,1.0,
Skincare (Female Only),Sukin,2024-02-01,17.25,17.25,0,1.0,
Skincare (Female Only),Sukin,2024-03-01,16.2,16.2,0,1.0,
Skincare (Female Only),Sukin,2024-04-01,17.75,17.75,0,1.0,
Skincare (Female Only),Sukin,2024-05-01,16.5,16.5,0,1.0,
Skincare (Female Only),Sukin,2024-06-01,15.8,15.8,0,1.0,
Skincare (Female Only),Sukin,2024-07-01,17.25,17.25,0,1.0,
Skincare (Female Only),Sukin,2024-08-01,15.5,15.5,0,1.0,
Skincare (Female Only),Sukin,2024-09-01,15.6,15.6,0,1.0,
Skincare (Female Only),Sukin,2024-10-01,17.5,17.5,0,1.0,
Skincare (Female Only),Sukin,2024-11-01,16.75,16.75,0,1.0,
Skincare (Female Only),Sukin,2024-12-01,19.4,19.4,0,1.0,
Skincare (Female Only),Sukin,2025-01-01,17.5,17.5,0,1.0,
Skincare (Female Only),Sukin,2025-02-01,17.25,17.25,0,1.0,
Skincare (Female Only),Sukin,2025-03-01,16.0,16.0,0,1.0,
Skincare (Female Only),Aesop,2021-08-01,33.0,33.0,0,1.0,
Skincare (Female Only),Aesop,2021-09-01,32.25,32.25,0,1.0,
Skincare (Female Only),Aesop,2021-10-01,29.0,29.0,0,1.0,
Skincare (Female Only),Aesop,2021-11-01,44.0,44.0,0,1.0,
Skincare (Female Only),Aesop,2021-12-01,56.25,56.25,0,1.0,
Skincare (Female Only),Aesop,2022-01-01,33.2,33.2,0,1.0,
Skincare (Female Only),Aesop,2022-02-01,33.25,33.25,0,1.0,
Skincare (Female Only),Aesop,2022-03-01,34.5,34.5,0,1.0,
Skincare (Female Only),Aesop,2022-04-01,35.75,35.75,0,1.0,
Skincare (Female Only),Aesop,2022-05-01,36.0,36.0,0,1.0,
Skincare (Female Only),Aesop,2022-06-01,34.25,34.25,0,1.0,
Skincare (Female Only),Aesop,2022-07-01,34.4,34.4,0,1.0,
Skincare (Female Only),Aesop,2022-08-01,37.5,37.5,0,1.0,
Skincare (Female Only),Aesop,2022-09-01,34.0,34.0,0,1.0,
Skincare (Female Only),Aesop,2022-10-01,37.4,37.4,0,1.0,
Skincare (Female Only),Aesop,2022-11-01,55.0,55.0,0,1.0,
Skincare (Female Only),Aesop,2022-12-01,73.0,73.0,0,1.0,
Skincare (Female Only),Aesop,2023-01-01,39.0,39.0,0,1.0,
Skincare (Female Only),Aesop,2023-02-01,43.75,43.75,0,1.0,
Skincare (Female Only),Aesop,2023-03-01,37.75,37.75,0,1.0,
Skincare (Female Only),Aesop,2023-04-01,54.0,54.0,0,1.0,
Skincare (Female Only),Aesop,2023-05-01,40.25,40.25,0,1.0,
Skincare (Female Only),Aesop,2023-06-01,37.0,37.0,0,1.0,
Skincare (Female Only),Aesop,2023-07-01,38.2,38.2,0,1.0,
Skincare (Female Only),Aesop,2023-08-01,40.5,40.5,0,1.0,
Skincare (Female Only),Aesop,2023-09-01,39.75,39.75,0,1.0,
Skincare (Female Only),Aesop,2023-10-01,42.2,42.2,0,1.0,
Skincare (Female Only),Aesop,2023-11-01,58.0,58.0,0,1.0,
Skincare (Female Only),Aesop,2023-12-01,70.0,70.0,0,1.0,
Skincare (Female Only),Aesop,2024-01-01,37.5,37.5,0,1.0,
Skincare (Female Only),Aesop,2024-02-01,39.25,39.25,0,1.0,
Skincare (Female Only),Aesop,2024-03-01,36.6,36.6,0,1.0,
Skincare (Female Only),Aesop,2024-04-01,41.25,41.25,0,1.0,
Skincare (Female Only),Aesop,2024-05-01,44.75,44.75,0,1.0,
Skincare (Female Only),Aesop,2024-06-01,37.6,37.6,0,1.0,
Skincare (Female Only),Aesop,2024-07-01,38.75,38.75,0,1.0,
Skincare (Female Only),Aesop,2024-08-01,42.5,42.5,0,1.0,
Skincare (Female Only),Aesop,2024-09-01,43.6,43.6,0,1.0,
Skincare (Female Only),Aesop,2024-10-01,43.25,43.25,0,1.0,
Skincare (Female Only),Aesop,2024-11-01,60.5,60.5,0,1.0,
Skincare (Female Only),Aesop,2024-12-01,78.6,78.6,0,1.0,
Skincare (Female Only),Aesop,2025-01-01,40.75,40.75,0,1.0,
Skincare (Female Only),Aesop,2025-02-01,42.5,42.5,0,1.0,
Skincare (Female Only),Aesop,2025-03-01,40.0,40.0,0,1.0,
Skincare (Female Only),Avène,2021-08-01,15.0,15.0,0,1.0,
Skincare (Female Only),Avène,2021-09-01,14.25,14.25,0,1.0,
Skincare (Female Only),Avène,2021-10-01,12.8,12.8,0,1.0,
Skincare (Female Only),Avène,2021-11-01,12.0,12.0,0,1.0,
Skincare (Female Only),Avène,2021-12-01,11.25,11.25,0,1.0,
Skincare (Female Only),Avène,2022-01-01,13.2,13.2,0,1.0,
Skincare (Female Only),Avène,2022-02-01,11.75,11.75,0,1.0,
Skincare (Female Only),Avène,2022-03-01,11.75,11.75,0,1.0,
Skincare (Female Only),Avène,2022-04-01,13.5,13.5,0,1.0,
Skincare (Female Only),Avène,2022-05-01,12.2,12.2,0,1.0,
Skincare (Female Only),Avène,2022-06-01,13.0,13.0,0,1.0,
Skincare (Female Only),Avène,2022-07-01,17.8,17.8,0,1.0,
Skincare (Female Only),Avène,2022-08-01,16.5,16.5,0,1.0,
Skincare (Female Only),Avène,2022-09-01,15.25,15.25,0,1.0,
Skincare (Female Only),Avène,2022-10-01,14.4,14.4,0,1.0,
Skincare (Female Only),Avène,2022-11-01,16.75,16.75,0,1.0,
Skincare (Female Only),Avène,2022-12-01,15.75,15.75,0,1.0,
Skincare (Female Only),Avène,2023-01-01,16.2,16.2,0,1.0,
Skincare (Female Only),Avène,2023-02-01,15.0,15.0,0,1.0,
Skincare (Female Only),Avène,2023-03-01,14.25,14.25,0,1.0,
Skincare (Female Only),Avène,2023-04-01,16.8,16.8,0,1.0,
Skincare (Female Only),Avène,2023-05-01,21.0,21.0,0,1.0,
Skincare (Female Only),Avène,2023-06-01,18.5,18.5,0,1.0,
Skincare (Female Only),Avène,2023-07-01,21.4,21.4,0,1.0,
Skincare (Female Only),Avène,2023-08-01,25.0,25.0,0,1.0,
Skincare (Female Only),Avène,2023-09-01,25.0,25.0,0,1.0,
Skincare (Female Only),Avène,2023-10-01,21.6,21.6,0,1.0,
Skincare (Female Only),Avène,2023-11-01,21.0,21.0,0,1.0,
Skincare (Female Only),Avène,2023-12-01,19.4,19.4,0,1.0,
Skincare (Female Only),Avène,2024-01-01,25.5,25.5,0,1.0,
Skincare (Female Only),Avène,2024-02-01,19.5,19.5,0,1.0,
Skincare (Female Only),Avène,2024-03-01,20.4,20.4,0,1.0,
Skincare (Female Only),Avène,2024-04-01,24.25,24.25,0,1.0,
Skincare (Female Only),Avène,2024-05-01,21.75,21.75,0,1.0,
Skincare (Female Only),Avène,2024-06-01,20.2,20.2,0,1.0,
Skincare (Female Only),Avène,2024-07-01,24.25,24.25,0,1.0,
Skincare (Female Only),Avène,2024-08-01,20.75,20.75,0,1.0,
Skincare (Female Only),Avène,2024-09-01,23.0,23.0,0,1.0,
Skincare (Female Only),Avène,2024-10-01,21.5,21.5,0,1.0,
Skincare (Female Only),Avène,2024-11-01,23.25,23.25,0,1.0,
Skincare (Female Only),Avène,2024-12-01,20.2,20.2,0,1.0,
Skincare (Female Only),Avène,2025-01-01,24.0,24.0,0,1.0,
Skincare (Female Only),Avène,2025-02-01,19.25,19.25,0,1.0,
Skincare (Female Only),Avène,2025-03-01,17.8,17.8,0,1.0,
Skincare (Female Only),Bangn Body,2021-08-01,0.0,0.0,0,1.0,
Skincare (Female Only),Bangn Body,2021-09-01,0.0,0.0,0,1.0,
Skincare (Female Only),Bangn Body,2021-10-01,0.0,0.0,0,1.0,
Skincare (Female Only),Bangn Body,2021-11-01,0.0,0.0,0,1.0,
Skincare (Female Only),Bangn Body,2021-12-01,0.0,0.0,0,1.0,
Skincare (Female Only),Bangn Body,2022-01-01,0.0,0.0,0,1.0,
Skincare (Female Only),Bangn Body,2022-02-01,0.0,0.0,0,1.0,
Skincare (Female Only),Bangn Body,2022-03-01,0.0,0.0,0,1.0,
Skincare (Female Only),Bangn Body,2022-04-01,0.0,0.0,0,1.0,
Skincare (Female Only),Bangn Body,2022-05-01,0.0,0.0,0,1.0,
Skincare (Female Only),Bangn Body,2022-06-01,0.0,0.0,0,1.0,
Skincare (Female Only),Bangn Body,2022-07-01,0.0,0.0,0,1.0,
Skincare (Female Only),Bangn Body,2022-08-01,0.0,0.0,0,1.0,
Skincare (Female Only),Bangn Body,2022-09-01,0.0,0.0,0,1.0,
Skincare (Female Only),Bangn Body,2022-10-01,0.0,0.0,0,1.0,
Skincare (Female Only),Bangn Body,2022-11-01,0.0,0.0,0,1.0,
Skincare (Female Only),Bangn Body,2022-12-01,0.0,0.0,0,1.0,
Skincare (Female Only),Bangn Body,2023-01-01,0.0,0.0,0,1.0,
Skincare (Female Only),Bangn Body,2023-02-01,0.0,0.0,0,1.0,
Skincare (Female Only),Bangn Body,2023-03-01,0.0,0.0,0,1.0,
Skincare (Female Only),Bangn Body,2023-04-01,0.0,0.0,0,1.0,
Skincare (Female Only),Bangn Body,2023-05-01,0.0,0.0,0,1.0,
Skincare (Female Only),Bangn Body,2023-06-01,0.0,0.0,0,1.0,
Skincare (Female Only),Bangn Body,2023-07-01,0.0,0.0,0,1.0,
Skincare (Female Only),Bangn Body,2023-08-01,0.0,0.0,0,1.0,
Skincare (Female Only),Bangn Body,2023-09-01,2.0,2.0,0,1.0,
Skincare (Female Only),Bangn Body,2023-10-01,2.6,2.6,0,1.0,
Skincare (Female Only),Bangn Body,2023-11-01,4.75,4.75,0,1.0,
Skincare (Female Only),Bangn Body,2023-12-01,2.8,2.8,0,1.0,
Skincare (Female Only),Bangn Body,2024-01-01,2.0,2.0,0,1.0,
Skincare (Female Only),Bangn Body,2024-02-01,3.5,3.5,0,1.0,
Skincare (Female Only),Bangn Body,2024-03-01,2.2,2.2,0,1.0,
Skincare (Female Only),Bangn Body,2024-04-01,3.0,3.0,0,1.0,
Skincare (Female Only),Bangn Body,2024-05-01,1.0,1.0,0,1.0,
Skincare (Female Only),Bangn Body,2024-06-01,2.2,2.2,0,1.0,
Skincare (Female Only),Bangn Body,2024-07-01,1.5,1.5,0,1.0,
Skincare (Female Only),Bangn Body,2024-08-01,4.25,4.25,0,1.0,
Skincare (Female Only),Bangn Body,2024-09-01,3.4,3.4,0,1.0,
Skincare (Female Only),Bangn Body,2024-10-01,5.25,5.25,0,1.0,
Skincare (Female Only),Bangn Body,2024-11-01,6.0,6.0,0,1.0,
Skincare (Female Only),Bangn Body,2024-12-01,4.4,4.4,0,1.0,
Skincare (Female Only),Bangn Body,2025-01-01,4.75,4.75,0,1.0,
Skincare (Female Only),Bangn Body,2025-02-01,3.25,3.25,0,1.0,
Skincare (Female Only),Bangn Body,2025-03-01,4.0,4.0,0,1.0,
Skincare (Female Only),Benzac,2021-08-01,4.0,4.0,0,1.0,
Skincare (Female Only),Benzac,2021-09-01,5.0,5.0,0,1.0,
Skincare (Female Only),Benzac,2021-10-01,4.6,4.6,0,1.0,
Skincare (Female Only),Benzac,2021-11-01,5.75,5.75,0,1.0,
Skincare (Female Only),Benzac,2021-12-01,5.5,5.5,0,1.0,
Skincare (Female Only),Benzac,2022-01-01,5.6,5.6,0,1.0,
Skincare (Female Only),Benzac,2022-02-01,6.0,6.0,0,1.0,
Skincare (Female Only),Benzac,2022-03-01,6.5,6.5,0,1.0,
Skincare (Female Only),Benzac,2022-04-01,6.75,6.75,0,1.0,
Skincare (Female Only),Benzac,2022-05-01,7.2,7.2,0,1.0,
Skincare (Female Only),Benzac,2022-06-01,6.5,6.5,0,1.0,
Skincare (Female Only),Benzac,2022-07-01,7.4,7.4,0,1.0,
Skincare (Female Only),Benzac,2022-08-01,7.25,7.25,0,1.0,
Skincare (Female Only),Benzac,2022-09-01,7.0,7.0,0,1.0,
Skincare (Female Only),Benzac,2022-10-01,6.2,6.2,0,1.0,
Skincare (Female Only),Benzac,2022-11-01,6.25,6.25,0,1.0,
Skincare (Female Only),Benzac,2022-12-01,6.25,6.25,0,1.0,
Skincare (Female Only),Benzac,2023-01-01,6.6,6.6,0,1.0,
Skincare (Female Only),Benzac,2023-02-01,6.0,6.0,0,1.0,
Skincare (Female Only),Benzac,2023-03-01,6.5,6.5,0,1.0,
Skincare (Female Only),Benzac,2023-04-01,7.8,7.8,0,1.0,
Skincare (Female Only),Benzac,2023-05-01,7.0,7.0,0,1.0,
Skincare (Female Only),Benzac,2023-06-01,7.0,7.0,0,1.0,
Skincare (Female Only),Benzac,2023-07-01,6.8,6.8,0,1.0,
Skincare (Female Only),Benzac,2023-08-01,7.75,7.75,0,1.0,
Skincare (Female Only),Benzac,2023-09-01,7.0,7.0,0,1.0,
Skincare (Female Only),Benzac,2023-10-01,8.0,8.0,0,1.0,
Skincare (Female Only),Benzac,2023-11-01,7.5,7.5,0,1.0,
Skincare (Female Only),Benzac,2023-12-01,8.0,8.0,0,1.0,
Skincare (Female Only),Benzac,2024-01-01,8.25,8.25,0,1.0,
Skincare (Female Only),Benzac,2024-02-01,7.5,7.5,0,1.0,
Skincare (Female Only),Benzac,2024-03-01,8.2,8.2,0,1.0,
Skincare (Female Only),Benzac,2024-04-01,8.75,8.75,0,1.0,
Skincare (Female Only),Benzac,2024-05-01,7.75,7.75,0,1.0,
Skincare (Female Only),Benzac,2024-06-01,8.6,8.6,0,1.0,
Skincare (Female Only),Benzac,2024-07-01,8.25,8.25,0,1.0,
Skincare (Female Only),Benzac,2024-08-01,8.0,8.0,0,1.0,
Skincare (Female Only),Benzac,2024-09-01,8.4,8.4,0,1.0,
Skincare (Female Only),Benzac,2024-10-01,7.0,7.0,0,1.0,
Skincare (Female Only),Benzac,2024-11-01,7.75,7.75,0,1.0,
Skincare (Female Only),Benzac,2024-12-01,7.8,7.8,0,1.0,
Skincare (Female Only),Benzac,2025-01-01,8.75,8.75,0,1.0,
Skincare (Female Only),Benzac,2025-02-01,9.5,9.5,0,1.0,
Skincare (Female Only),Benzac,2025-03-01,8.4,8.4,0,1.0,
Skincare (Female Only),Bondi Sands,2021-08-01,16.38088976550515,14.0,1,1.1700635546789393,
Skincare (Female Only),Bondi Sands,2021-09-01,22.523723427569582,19.25,1,1.1700635546789393,
Skincare (Female Only),Bondi Sands,2021-10-01,25.273372781065092,21.6,1,1.1700635546789393,
Skincare (Female Only),Bondi Sands,2021-11-01,32.469263642340565,27.75,1,1.1700635546789393,
Skincare (Female Only),Bondi Sands,2021-12-01,33.639327197019504,28.75,1,1.1700635546789393,
Skincare (Female Only),Bondi Sands,2022-01-01,24.103309226386152,20.6,1,1.1700635546789393,
Skincare (Female Only),Bondi Sands,2022-02-01,19.598564540872232,16.75,1,1.1700635546789393,
Skincare (Female Only),Bondi Sands,2022-03-01,17.843469208853826,15.25,1,1.1700635546789393,
Skincare (Female Only),Bondi Sands,2022-04-01,19.3060486522025,16.5,1,1.1700635546789393,
Skincare (Female Only),Bondi Sands,2022-05-01,17.784966031119875,15.2,1,1.1700635546789393,
Skincare (Female Only),Bondi Sands,2022-06-01,19.3060486522025,16.5,1,1.1700635546789393,
Skincare (Female Only),Bondi Sands,2022-07-01,21.295156695156695,18.2,1,1.1700635546789393,
Skincare (Female Only),Bondi Sands,2022-08-01,24.863850536927462,21.25,1,1.1700635546789393,
Skincare (Female Only),Bondi Sands,2022-09-01,31.884231865001095,27.25,1,1.1700635546789393,
Skincare (Female Only),Bondi Sands,2022-10-01,34.633881218496605,29.6,1,1.1700635546789393,
Skincare (Female Only),Bondi Sands,2022-11-01,40.65970852509314,34.75,1,1.1700635546789393,
Skincare (Female Only),Bondi Sands,2022-12-01,40.65970852509314,34.75,1,1.1700635546789393,
Skincare (Female Only),Bondi Sands,2023-01-01,36.73999561691869,31.4,1,1.1700635546789393,
Skincare (Female Only),Bondi Sands,2023-02-01,27.496493534955075,23.5,1,1.1700635546789393,
Skincare (Female Only),Bondi Sands,2023-03-01,23.108755204909052,19.75,1,1.1700635546789393,
Skincare (Female Only),Bondi Sands,2023-04-01,25.97541091387245,22.2,1,1.1700635546789393,
Skincare (Female Only),Bondi Sands,2023-05-01,26.326429980276135,22.5,1,1.1700635546789393,
Skincare (Female Only),Bondi Sands,2023-06-01,28.66655708963401,24.5,1,1.1700635546789393,
Skincare (Female Only),Bondi Sands,2023-07-01,31.59171597633136,27.0,1,1.1700635546789393,
Skincare (Female Only),Bondi Sands,2023-08-01,31.884231865001095,27.25,1,1.1700635546789393,
Skincare (Female Only),Bondi Sands,2023-09-01,43.58486741179049,37.25,1,1.1700635546789393,
Skincare (Female Only),Bondi Sands,2023-10-01,38.144071882533424,32.6,1,1.1700635546789393,
Skincare (Female Only),Bondi Sands,2023-11-01,41.537256191102344,35.5,1,1.1700635546789393,
Skincare (Female Only),Bondi Sands,2023-12-01,39.78216085908394,34.0,1,1.1700635546789393,
Skincare (Female Only),Bondi Sands,2024-01-01,33.93184308568924,29.0,1,1.1700635546789393,
Skincare (Female Only),Bondi Sands,2024-02-01,25.44888231426693,21.75,1,1.1700635546789393,
Skincare (Female Only),Bondi Sands,2024-03-01,24.33732193732194,20.8,1,1.1700635546789393,
Skincare (Female Only),Bondi Sands,2024-04-01,23.401271093578785,20.0,1,1.1700635546789393,
Skincare (Female Only),Bondi Sands,2024-05-01,22.231207538899845,19.0,1,1.1700635546789393,
Skincare (Female Only),Bondi Sands,2024-06-01,22.699232960771422,19.4,1,1.1700635546789393,
Skincare (Female Only),Bondi Sands,2024-07-01,25.44888231426693,21.75,1,1.1700635546789393,
Skincare (Female Only),Bondi Sands,2024-08-01,28.081525312294545,24.0,1,1.1700635546789393,
Skincare (Female Only),Bondi Sands,2024-09-01,32.7617795310103,28.0,1,1.1700635546789393,
Skincare (Female Only),Bondi Sands,2024-10-01,32.469263642340565,27.75,1,1.1700635546789393,
Skincare (Female Only),Bondi Sands,2024-11-01,35.10190664036818,30.0,1,1.1700635546789393,
Skincare (Female Only),Bondi Sands,2024-12-01,36.27197019504712,31.0,1,1.1700635546789393,
Skincare (Female Only),Bondi Sands,2025-01-01,29.83662064431295,25.5,1,1.1700635546789393,
Skincare (Female Only),Bondi Sands,2025-02-01,24.863850536927462,21.25,1,1.1700635546789393,
Skincare (Female Only),Bondi Sands,2025-03-01,24.80534735919351,21.2,1,1.1700635546789393,
Skincare (Female Only),CeraVe,2021-08-01,36.27197019504712,31.0,1,1.1700635546789393,
Skincare (Female Only),CeraVe,2021-09-01,36.56448608371685,31.25,1,1.1700635546789393,
Skincare (Female Only),CeraVe,2021-10-01,30.655665132588208,26.2,1,1.1700635546789393,
Skincare (Female Only),CeraVe,2021-11-01,28.959072978303748,24.75,1,1.1700635546789393,
Skincare (Female Only),CeraVe,2021-12-01,28.66655708963401,24.5,1,1.1700635546789393,
Skincare (Female Only),CeraVe,2022-01-01,33.22980495288188,28.4,1,1.1700635546789393,
Skincare (Female Only),CeraVe,2022-02-01,37.44203374972606,32.0,1,1.1700635546789393,
Skincare (Female Only),CeraVe,2022-03-01,38.319581415735264,32.75,1,1.1700635546789393,
Skincare (Female Only),CeraVe,2022-04-01,39.78216085908394,34.0,1,1.1700635546789393,
Skincare (Female Only),CeraVe,2022-05-01,36.73999561691869,31.4,1,1.1700635546789393,
Skincare (Female Only),CeraVe,2022-06-01,43.877383300460224,37.5,1,1.1700635546789393,
Skincare (Female Only),CeraVe,2022-07-01,47.036554898093364,40.2,1,1.1700635546789393,
Skincare (Female Only),CeraVe,2022-08-01,44.16989918912996,37.75,1,1.1700635546789393,
Skincare (Female Only),CeraVe,2022-09-01,48.557637519175984,41.5,1,1.1700635546789393,
Skincare (Female Only),CeraVe,2022-10-01,45.16445321060706,38.6,1,1.1700635546789393,
Skincare (Female Only),CeraVe,2022-11-01,50.02021696252466,42.75,1,1.1700635546789393,
Skincare (Female Only),CeraVe,2022-12-01,51.48279640587333,44.0,1,1.1700635546789393,
Skincare (Female Only),CeraVe,2023-01-01,54.758974358974356,46.8,1,1.1700635546789393,
Skincare (Female Only),CeraVe,2023-02-01,52.0678281832128,44.5,1,1.1700635546789393,
Skincare (Female Only),CeraVe,2023-03-01,48.85015340784572,41.75,1,1.1700635546789393,
Skincare (Female Only),CeraVe,2023-04-01,56.16305062458909,48.0,1,1.1700635546789393,
Skincare (Female Only),CeraVe,2023-05-01,60.84330484330484,52.0,1,1.1700635546789393,
Skincare (Female Only),CeraVe,2023-06-01,59.6732412886259,51.0,1,1.1700635546789393,
Skincare (Female Only),CeraVe,2023-07-01,61.77935568704799,52.8,1,1.1700635546789393,
Skincare (Female Only),CeraVe,2023-08-01,64.93852728468113,55.5,1,1.1700635546789393,
Skincare (Female Only),CeraVe,2023-09-01,71.3738768354153,61.0,1,1.1700635546789393,
Skincare (Female Only),CeraVe,2023-10-01,62.94941924172693,53.8,1,1.1700635546789393,
Skincare (Female Only),CeraVe,2023-11-01,64.06097961867192,54.75,1,1.1700635546789393,
Skincare (Female Only),CeraVe,2023-12-01,67.16164803857112,57.4,1,1.1700635546789393,
Skincare (Female Only),CeraVe,2024-01-01,87.46225071225071,74.75,1,1.1700635546789393,
Skincare (Female Only),CeraVe,2024-02-01,64.6460113960114,55.25,1,1.1700635546789393,
Skincare (Female Only),CeraVe,2024-03-01,57.8011396011396,49.4,1,1.1700635546789393,
Skincare (Female Only),CeraVe,2024-04-01,57.62563006793776,49.25,1,1.1700635546789393,
Skincare (Female Only),CeraVe,2024-05-01,58.21066184527723,49.75,1,1.1700635546789393,
Skincare (Female Only),CeraVe,2024-06-01,54.52496164803857,46.6,1,1.1700635546789393,
Skincare (Female Only),CeraVe,2024-07-01,62.59840017532325,53.5,1,1.1700635546789393,
Skincare (Female Only),CeraVe,2024-08-01,54.11543940390094,46.25,1,1.1700635546789393,
Skincare (Female Only),CeraVe,2024-09-01,60.84330484330484,52.0,1,1.1700635546789393,
Skincare (Female Only),CeraVe,2024-10-01,56.748082401928556,48.5,1,1.1700635546789393,
Skincare (Female Only),CeraVe,2024-11-01,59.6732412886259,51.0,1,1.1700635546789393,
Skincare (Female Only),CeraVe,2024-12-01,56.16305062458909,48.0,1,1.1700635546789393,
Skincare (Female Only),CeraVe,2025-01-01,64.93852728468113,55.5,1,1.1700635546789393,
Skincare (Female Only),CeraVe,2025-02-01,54.11543940390094,46.25,1,1.1700635546789393,
Skincare (Female Only),CeraVe,2025-03-01,52.1848345386807,44.6,1,1.1700635546789393,
Skincare (Female Only),Drunk Elephant,2021-08-01,11.700635546789393,10.0,1,1.1700635546789393,
Skincare (Female Only),Drunk Elephant,2021-09-01,11.993151435459128,10.25,1,1.1700635546789393,
Skincare (Female Only),Drunk Elephant,2021-10-01,9.360508437431514,8.0,1,1.1700635546789393,
Skincare (Female Only),Drunk Elephant,2021-11-01,9.06799254876178,7.75,1,1.1700635546789393,
Skincare (Female Only),Drunk Elephant,2021-12-01,9.65302432610125,8.25,1,1.1700635546789393,
Skincare (Female Only),Drunk Elephant,2022-01-01,11.700635546789393,10.0,1,1.1700635546789393,
Skincare (Female Only),Drunk Elephant,2022-02-01,9.945540214770984,8.5,1,1.1700635546789393,
Skincare (Female Only),Drunk Elephant,2022-03-01,11.408119658119658,9.75,1,1.1700635546789393,
Skincare (Female Only),Drunk Elephant,2022-04-01,10.82308788078019,9.25,1,1.1700635546789393,
Skincare (Female Only),Drunk Elephant,2022-05-01,11.232610124917818,9.6,1,1.1700635546789393,
Skincare (Female Only),Drunk Elephant,2022-06-01,11.993151435459128,10.25,1,1.1700635546789393,
Skincare (Female Only),Drunk Elephant,2022-07-01,12.870699101468333,11.0,1,1.1700635546789393,
Skincare (Female Only),Drunk Elephant,2022-08-01,12.870699101468333,11.0,1,1.1700635546789393,
Skincare (Female Only),Drunk Elephant,2022-09-01,13.163214990138068,11.25,1,1.1700635546789393,
Skincare (Female Only),Drunk Elephant,2022-10-01,16.38088976550515,14.0,1,1.1700635546789393,
Skincare (Female Only),Drunk Elephant,2022-11-01,28.959072978303748,24.75,1,1.1700635546789393,
Skincare (Female Only),Drunk Elephant,2022-12-01,41.537256191102344,35.5,1,1.1700635546789393,
Skincare (Female Only),Drunk Elephant,2023-01-01,62.01336839798378,53.0,1,1.1700635546789393,
Skincare (Female Only),Drunk Elephant,2023-02-01,40.07467674775367,34.25,1,1.1700635546789393,
Skincare (Female Only),Drunk Elephant,2023-03-01,29.25158886697348,25.0,1,1.1700635546789393,
Skincare (Female Only),Drunk Elephant,2023-04-01,32.52776682007451,27.8,1,1.1700635546789393,
Skincare (Female Only),Drunk Elephant,2023-05-01,29.83662064431295,25.5,1,1.1700635546789393,
Skincare (Female Only),Drunk Elephant,2023-06-01,31.59171597633136,27.0,1,1.1700635546789393,
Skincare (Female Only),Drunk Elephant,2023-07-01,33.463817663817665,28.6,1,1.1700635546789393,
Skincare (Female Only),Drunk Elephant,2023-08-01,34.51687486302871,29.5,1,1.1700635546789393,
Skincare (Female Only),Drunk Elephant,2023-09-01,32.469263642340565,27.75,1,1.1700635546789393,
Skincare (Female Only),Drunk Elephant,2023-10-01,32.293754109138725,27.6,1,1.1700635546789393,
Skincare (Female Only),Drunk Elephant,2023-11-01,36.85700197238659,31.5,1,1.1700635546789393,
Skincare (Female Only),Drunk Elephant,2023-12-01,39.08012272627657,33.4,1,1.1700635546789393,
Skincare (Female Only),Drunk Elephant,2024-01-01,36.85700197238659,31.5,1,1.1700635546789393,
Skincare (Female Only),Drunk Elephant,2024-02-01,22.816239316239315,19.5,1,1.1700635546789393,
Skincare (Female Only),Drunk Elephant,2024-03-01,18.487004163927242,15.8,1,1.1700635546789393,
Skincare (Female Only),Drunk Elephant,2024-04-01,16.088373876835416,13.75,1,1.1700635546789393,
Skincare (Female Only),Drunk Elephant,2024-05-01,12.285667324128863,10.5,1,1.1700635546789393,
Skincare (Female Only),Drunk Elephant,2024-06-01,10.99859741398203,9.4,1,1.1700635546789393,
Skincare (Female Only),Drunk Elephant,2024-07-01,11.408119658119658,9.75,1,1.1700635546789393,
Skincare (Female Only),Drunk Elephant,2024-08-01,10.23805610344072,8.75,1,1.1700635546789393,
Skincare (Female Only),Drunk Elephant,2024-09-01,9.594521148367301,8.2,1,1.1700635546789393,
Skincare (Female Only),Drunk Elephant,2024-10-01,11.115603769449923,9.5,1,1.1700635546789393,
Skincare (Female Only),Drunk Elephant,2024-11-01,13.163214990138068,11.25,1,1.1700635546789393,
Skincare (Female Only),Drunk Elephant,2024-12-01,11.232610124917818,9.6,1,1.1700635546789393,
Skincare (Female Only),Drunk Elephant,2025-01-01,9.65302432610125,8.25,1,1.1700635546789393,
Skincare (Female Only),Drunk Elephant,2025-02-01,7.89792899408284,6.75,1,1.1700635546789393,
Skincare (Female Only),Drunk Elephant,2025-03-01,8.892483015559938,7.6,1,1.1700635546789393,
Skincare (Female Only),Frank Body,2021-08-01,6.335212103233462,4.0,2,1.5838030258083655,
Skincare (Female Only),Frank Body,2021-09-01,7.523064372589737,4.75,2,1.5838030258083655,
Skincare (Female Only),Frank Body,2021-10-01,6.651972708395135,4.2,2,1.5838030258083655,
Skincare (Female Only),Frank Body,2021-11-01,11.878522693562742,7.5,2,1.5838030258083655,
Skincare (Female Only),Frank Body,2021-12-01,9.898768911302284,6.25,2,1.5838030258083655,
Skincare (Female Only),Frank Body,2022-01-01,6.335212103233462,4.0,2,1.5838030258083655,
Skincare (Female Only),Frank Body,2022-02-01,5.939261346781371,3.75,2,1.5838030258083655,
Skincare (Female Only),Frank Body,2022-03-01,5.54331059032928,3.5,2,1.5838030258083655,
Skincare (Female Only),Frank Body,2022-04-01,5.939261346781371,3.75,2,1.5838030258083655,
Skincare (Female Only),Frank Body,2022-05-01,4.751409077425096,3.0,2,1.5838030258083655,
Skincare (Female Only),Frank Body,2022-06-01,5.1473598338771875,3.25,2,1.5838030258083655,
Skincare (Female Only),Frank Body,2022-07-01,5.701690892910116,3.6,2,1.5838030258083655,
Skincare (Female Only),Frank Body,2022-08-01,6.335212103233462,4.0,2,1.5838030258083655,
Skincare (Female Only),Frank Body,2022-09-01,5.54331059032928,3.5,2,1.5838030258083655,
Skincare (Female Only),Frank Body,2022-10-01,6.651972708395135,4.2,2,1.5838030258083655,
Skincare (Female Only),Frank Body,2022-11-01,10.690670424206468,6.75,2,1.5838030258083655,
Skincare (Female Only),Frank Body,2022-12-01,11.48257193711065,7.25,2,1.5838030258083655,
Skincare (Female Only),Frank Body,2023-01-01,6.968733313556809,4.4,2,1.5838030258083655,
Skincare (Female Only),Frank Body,2023-02-01,6.731162859685553,4.25,2,1.5838030258083655,
Skincare (Female Only),Frank Body,2023-03-01,7.919015129041828,5.0,2,1.5838030258083655,
Skincare (Female Only),Frank Body,2023-04-01,7.919015129041828,5.0,2,1.5838030258083655,
Skincare (Female Only),Frank Body,2023-05-01,9.106867398398101,5.75,2,1.5838030258083655,
Skincare (Female Only),Frank Body,2023-06-01,8.314965885493919,5.25,2,1.5838030258083655,
Skincare (Female Only),Frank Body,2023-07-01,6.651972708395135,4.2,2,1.5838030258083655,
Skincare (Female Only),Frank Body,2023-08-01,5.939261346781371,3.75,2,1.5838030258083655,
Skincare (Female Only),Frank Body,2023-09-01,6.335212103233462,4.0,2,1.5838030258083655,
Skincare (Female Only),Frank Body,2023-10-01,9.18605754968852,5.8,2,1.5838030258083655,
Skincare (Female Only),Frank Body,2023-11-01,10.690670424206468,6.75,2,1.5838030258083655,
Skincare (Female Only),Frank Body,2023-12-01,11.08662118065856,7.0,2,1.5838030258083655,
Skincare (Female Only),Frank Body,2024-01-01,6.335212103233462,4.0,2,1.5838030258083655,
Skincare (Female Only),Frank Body,2024-02-01,5.939261346781371,3.75,2,1.5838030258083655,
Skincare (Female Only),Frank Body,2024-03-01,5.384930287748443,3.4,2,1.5838030258083655,
Skincare (Female Only),Frank Body,2024-04-01,6.731162859685553,4.25,2,1.5838030258083655,
Skincare (Female Only),Frank Body,2024-05-01,5.54331059032928,3.5,2,1.5838030258083655,
Skincare (Female Only),Frank Body,2024-06-01,4.434648472263423,2.8,2,1.5838030258083655,
Skincare (Female Only),Frank Body,2024-07-01,5.939261346781371,3.75,2,1.5838030258083655,
Skincare (Female Only),Frank Body,2024-08-01,5.54331059032928,3.5,2,1.5838030258083655,
Skincare (Female Only),Frank Body,2024-09-01,6.335212103233462,4.0,2,1.5838030258083655,
Skincare (Female Only),Frank Body,2024-10-01,6.335212103233462,4.0,2,1.5838030258083655,
Skincare (Female Only),Frank Body,2024-11-01,9.898768911302284,6.25,2,1.5838030258083655,
Skincare (Female Only),Frank Body,2024-12-01,10.13633936517354,6.4,2,1.5838030258083655,
Skincare (Female Only),Frank Body,2025-01-01,5.939261346781371,3.75,2,1.5838030258083655,
Skincare (Female Only),Frank Body,2025-02-01,5.54331059032928,3.5,2,1.5838030258083655,
Skincare (Female Only),Frank Body,2025-03-01,4.751409077425096,3.0,2,1.5838030258083655,
Skincare (Female Only),Go-To,2021-08-01,0.0,0.0,2,1.5838030258083655,
Skincare (Female Only),Go-To,2021-09-01,0.0,0.0,2,1.5838030258083655,
Skincare (Female Only),Go-To,2021-10-01,0.0,0.0,2,1.5838030258083655,
Skincare (Female Only),Go-To,2021-11-01,0.0,0.0,2,1.5838030258083655,
Skincare (Female Only),Go-To,2021-12-01,0.0,0.0,2,1.5838030258083655,
Skincare (Female Only),Go-To,2022-01-01,0.0,0.0,2,1.5838030258083655,
Skincare (Female Only),Go-To,2022-02-01,0.0,0.0,2,1.5838030258083655,
Skincare (Female Only),Go-To,2022-03-01,0.0,0.0,2,1.5838030258083655,
Skincare (Female Only),Go-To,2022-04-01,0.0,0.0,2,1.5838030258083655,
Skincare (Female Only),Go-To,2022-05-01,0.0,0.0,2,1.5838030258083655,
Skincare (Female Only),Go-To,2022-06-01,7.523064372589737,4.75,2,1.5838030258083655,
Skincare (Female Only),Go-To,2022-07-01,9.18605754968852,5.8,2,1.5838030258083655,
Skincare (Female Only),Go-To,2022-08-01,10.690670424206468,6.75,2,1.5838030258083655,
Skincare (Female Only),Go-To,2022-09-01,9.502818154850193,6.0,2,1.5838030258083655,
Skincare (Female Only),Go-To,2022-10-01,9.18605754968852,5.8,2,1.5838030258083655,
Skincare (Female Only),Go-To,2022-11-01,12.274473450014833,7.75,2,1.5838030258083655,
Skincare (Female Only),Go-To,2022-12-01,11.08662118065856,7.0,2,1.5838030258083655,
Skincare (Female Only),Go-To,2023-01-01,6.651972708395135,4.2,2,1.5838030258083655,
Skincare (Female Only),Go-To,2023-02-01,5.54331059032928,3.5,2,1.5838030258083655,
Skincare (Female Only),Go-To,2023-03-01,6.335212103233462,4.0,2,1.5838030258083655,
Skincare (Female Only),Go-To,2023-04-01,8.869296944526846,5.6,2,1.5838030258083655,
Skincare (Female Only),Go-To,2023-05-01,6.335212103233462,4.0,2,1.5838030258083655,
Skincare (Female Only),Go-To,2023-06-01,8.71091664194601,5.5,2,1.5838030258083655,
Skincare (Female Only),Go-To,2023-07-01,6.018451498071789,3.8,2,1.5838030258083655,
Skincare (Female Only),Go-To,2023-08-01,5.939261346781371,3.75,2,1.5838030258083655,
Skincare (Female Only),Go-To,2023-09-01,5.939261346781371,3.75,2,1.5838030258083655,
Skincare (Female Only),Go-To,2023-10-01,7.285493918718481,4.6,2,1.5838030258083655,
Skincare (Female Only),Go-To,2023-11-01,9.106867398398101,5.75,2,1.5838030258083655,
Skincare (Female Only),Go-To,2023-12-01,6.968733313556809,4.4,2,1.5838030258083655,
Skincare (Female Only),Go-To,2024-01-01,5.1473598338771875,3.25,2,1.5838030258083655,
Skincare (Female Only),Go-To,2024-02-01,5.1473598338771875,3.25,2,1.5838030258083655,
Skincare (Female Only),Go-To,2024-03-01,4.751409077425096,3.0,2,1.5838030258083655,
Skincare (Female Only),Go-To,2024-04-01,4.751409077425096,3.0,2,1.5838030258083655,
Skincare (Female Only),Go-To,2024-05-01,5.1473598338771875,3.25,2,1.5838030258083655,
Skincare (Female Only),Go-To,2024-06-01,6.335212103233462,4.0,2,1.5838030258083655,
Skincare (Female Only),Go-To,2024-07-01,4.751409077425096,3.0,2,1.5838030258083655,
Skincare (Female Only),Go-To,2024-08-01,5.54331059032928,3.5,2,1.5838030258083655,
Skincare (Female Only),Go-To,2024-09-01,4.751409077425096,3.0,2,1.5838030258083655,
Skincare (Female Only),Go-To,2024-10-01,6.731162859685553,4.25,2,1.5838030258083655,
Skincare (Female Only),Go-To,2024-11-01,8.71091664194601,5.5,2,1.5838030258083655,
Skincare (Female Only),Go-To,2024-12-01,6.335212103233462,4.0,2,1.5838030258083655,
Skincare (Female Only),Go-To,2025-01-01,4.751409077425096,3.0,2,1.5838030258083655,
Skincare (Female Only),Go-To,2025-02-01,4.355458320973005,2.75,2,1.5838030258083655,
Skincare (Female Only),Go-To,2025-03-01,4.434648472263423,2.8,2,1.5838030258083655,
Skincare (Female Only),Kiehl's,2021-08-01,11.08662118065856,7.0,2,1.5838030258083655,
Skincare (Female Only),Kiehl's,2021-09-01,11.08662118065856,7.0,2,1.5838030258083655,
Skincare (Female Only),Kiehl's,2021-10-01,12.987184811628596,8.2,2,1.5838030258083655,
Skincare (Female Only),Kiehl's,2021-11-01,16.629931770987838,10.5,2,1.5838030258083655,
Skincare (Female Only),Kiehl's,2021-12-01,13.066374962919015,8.25,2,1.5838030258083655,
Skincare (Female Only),Kiehl's,2022-01-01,7.602254523880154,4.8,2,1.5838030258083655,
Skincare (Female Only),Kiehl's,2022-02-01,6.335212103233462,4.0,2,1.5838030258083655,
Skincare (Female Only),Kiehl's,2022-03-01,3.5635568080688222,2.25,2,1.5838030258083655,
Skincare (Female Only),Kiehl's,2022-04-01,3.167606051616731,2.0,2,1.5838030258083655,
Skincare (Female Only),Kiehl's,2022-05-01,4.117887867101751,2.6,2,1.5838030258083655,
Skincare (Female Only),Kiehl's,2022-06-01,4.751409077425096,3.0,2,1.5838030258083655,
Skincare (Female Only),Kiehl's,2022-07-01,4.117887867101751,2.6,2,1.5838030258083655,
Skincare (Female Only),Kiehl's,2022-08-01,5.1473598338771875,3.25,2,1.5838030258083655,
Skincare (Female Only),Kiehl's,2022-09-01,7.523064372589737,4.75,2,1.5838030258083655,
Skincare (Female Only),Kiehl's,2022-10-01,4.751409077425096,3.0,2,1.5838030258083655,
Skincare (Female Only),Kiehl's,2022-11-01,5.1473598338771875,3.25,2,1.5838030258083655,
Skincare (Female Only),Kiehl's,2022-12-01,22.56919311776921,14.25,2,1.5838030258083655,
Skincare (Female Only),Kiehl's,2023-01-01,2.534084841293385,1.6,2,1.5838030258083655,
Skincare (Female Only),Kiehl's,2023-02-01,1.979753782260457,1.25,2,1.5838030258083655,
Skincare (Female Only),Kiehl's,2023-03-01,1.979753782260457,1.25,2,1.5838030258083655,
Skincare (Female Only),Kiehl's,2023-04-01,1.5838030258083655,1.0,2,1.5838030258083655,
Skincare (Female Only),Kiehl's,2023-05-01,2.375704538712548,1.5,2,1.5838030258083655,
Skincare (Female Only),Kiehl's,2023-06-01,1.5838030258083655,1.0,2,1.5838030258083655,
Skincare (Female Only),Kiehl's,2023-07-01,2.2173242361317116,1.4,2,1.5838030258083655,
Skincare (Female Only),Kiehl's,2023-08-01,1.187852269356274,0.75,2,1.5838030258083655,
Skincare (Female Only),Kiehl's,2023-09-01,1.979753782260457,1.25,2,1.5838030258083655,
Skincare (Female Only),Kiehl's,2023-10-01,1.9005636309700384,1.2,2,1.5838030258083655,
Skincare (Female Only),Kiehl's,2023-11-01,3.167606051616731,2.0,2,1.5838030258083655,
Skincare (Female Only),Kiehl's,2023-12-01,3.801127261940077,2.4,2,1.5838030258083655,
Skincare (Female Only),Kiehl's,2024-01-01,5.54331059032928,3.5,2,1.5838030258083655,
Skincare (Female Only),Kiehl's,2024-02-01,4.751409077425096,3.0,2,1.5838030258083655,
Skincare (Female Only),Kiehl's,2024-03-01,1.5838030258083655,1.0,2,1.5838030258083655,
Skincare (Female Only),Kiehl's,2024-04-01,1.979753782260457,1.25,2,1.5838030258083655,
Skincare (Female Only),Kiehl's,2024-05-01,1.5838030258083655,1.0,2,1.5838030258083655,
Skincare (Female Only),Kiehl's,2024-06-01,2.2173242361317116,1.4,2,1.5838030258083655,
Skincare (Female Only),Kiehl's,2024-07-01,2.77165529516464,1.75,2,1.5838030258083655,
Skincare (Female Only),Kiehl's,2024-08-01,2.77165529516464,1.75,2,1.5838030258083655,
Skincare (Female Only),Kiehl's,2024-09-01,5.384930287748443,3.4,2,1.5838030258083655,
Skincare (Female Only),Kiehl's,2024-10-01,7.919015129041828,5.0,2,1.5838030258083655,
Skincare (Female Only),Kiehl's,2024-11-01,8.71091664194601,5.5,2,1.5838030258083655,
Skincare (Female Only),Kiehl's,2024-12-01,3.801127261940077,2.4,2,1.5838030258083655,
Skincare (Female Only),Kiehl's,2025-01-01,2.375704538712548,1.5,2,1.5838030258083655,
Skincare (Female Only),Kiehl's,2025-02-01,1.5838030258083655,1.0,2,1.5838030258083655,
Skincare (Female Only),Kiehl's,2025-03-01,2.2173242361317116,1.4,2,1.5838030258083655,
Skincare (Female Only),La Roche-Posay,2021-08-01,45.9302877484426,29.0,2,1.5838030258083655,
Skincare (Female Only),La Roche-Posay,2021-09-01,47.51409077425097,30.0,2,1.5838030258083655,
Skincare (Female Only),La Roche-Posay,2021-10-01,39.27831504004747,24.8,2,1.5838030258083655,
Skincare (Female Only),La Roche-Posay,2021-11-01,40.38697715811332,25.5,2,1.5838030258083655,
Skincare (Female Only),La Roche-Posay,2021-12-01,39.595075645209135,25.0,2,1.5838030258083655,
Skincare (Female Only),La Roche-Posay,2022-01-01,41.495639276179176,26.2,2,1.5838030258083655,
Skincare (Female Only),La Roche-Posay,2022-02-01,41.1788786710175,26.0,2,1.5838030258083655,
Skincare (Female Only),La Roche-Posay,2022-03-01,39.99102640166123,25.25,2,1.5838030258083655,
Skincare (Female Only),La Roche-Posay,2022-04-01,39.595075645209135,25.0,2,1.5838030258083655,
Skincare (Female Only),La Roche-Posay,2022-05-01,43.71296351231089,27.6,2,1.5838030258083655,
Skincare (Female Only),La Roche-Posay,2022-06-01,48.30599228715515,30.5,2,1.5838030258083655,
Skincare (Female Only),La Roche-Posay,2022-07-01,66.20296647878968,41.8,2,1.5838030258083655,
Skincare (Female Only),La Roche-Posay,2022-08-01,64.53997330169089,40.75,2,1.5838030258083655,
Skincare (Female Only),La Roche-Posay,2022-09-01,74.43874221299318,47.0,2,1.5838030258083655,
Skincare (Female Only),La Roche-Posay,2022-10-01,64.61916345298131,40.8,2,1.5838030258083655,
Skincare (Female Only),La Roche-Posay,2022-11-01,71.66708691782854,45.25,2,1.5838030258083655,
Skincare (Female Only),La Roche-Posay,2022-12-01,70.47923464847227,44.5,2,1.5838030258083655,
Skincare (Female Only),La Roche-Posay,2023-01-01,69.05381192524474,43.6,2,1.5838030258083655,
Skincare (Female Only),La Roche-Posay,2023-02-01,61.76831800652626,39.0,2,1.5838030258083655,
Skincare (Female Only),La Roche-Posay,2023-03-01,55.829056659744886,35.25,2,1.5838030258083655,
Skincare (Female Only),La Roche-Posay,2023-04-01,58.917472560071204,37.2,2,1.5838030258083655,
Skincare (Female Only),La Roche-Posay,2023-05-01,68.8954316226639,43.5,2,1.5838030258083655,
Skincare (Female Only),La Roche-Posay,2023-06-01,72.06303767428064,45.5,2,1.5838030258083655,
Skincare (Female Only),La Roche-Posay,2023-07-01,81.72423613171166,51.6,2,1.5838030258083655,
Skincare (Female Only),La Roche-Posay,2023-08-01,75.23064372589737,47.5,2,1.5838030258083655,
Skincare (Female Only),La Roche-Posay,2023-09-01,84.73346188074756,53.5,2,1.5838030258083655,
Skincare (Female Only),La Roche-Posay,2023-10-01,72.22141797686147,45.6,2,1.5838030258083655,
Skincare (Female Only),La Roche-Posay,2023-11-01,78.3982497775141,49.5,2,1.5838030258083655,
Skincare (Female Only),La Roche-Posay,2023-12-01,77.28958765944823,48.8,2,1.5838030258083655,
Skincare (Female Only),La Roche-Posay,2024-01-01,106.11480272916049,67.0,2,1.5838030258083655,
Skincare (Female Only),La Roche-Posay,2024-02-01,73.2508899436369,46.25,2,1.5838030258083655,
Skincare (Female Only),La Roche-Posay,2024-03-01,76.33930584396322,48.2,2,1.5838030258083655,
Skincare (Female Only),La Roche-Posay,2024-04-01,71.27113616137645,45.0,2,1.5838030258083655,
Skincare (Female Only),La Roche-Posay,2024-05-01,78.002299021062,49.25,2,1.5838030258083655,
Skincare (Female Only),La Roche-Posay,2024-06-01,79.19015129041827,50.0,2,1.5838030258083655,
Skincare (Female Only),La Roche-Posay,2024-07-01,80.37800355977456,50.75,2,1.5838030258083655,
Skincare (Female Only),La Roche-Posay,2024-08-01,78.002299021062,49.25,2,1.5838030258083655,
Skincare (Female Only),La Roche-Posay,2024-09-01,88.69296944526847,56.0,2,1.5838030258083655,
Skincare (Female Only),La Roche-Posay,2024-10-01,83.54560961139128,52.75,2,1.5838030258083655,
Skincare (Female Only),La Roche-Posay,2024-11-01,95.02818154850193,60.0,2,1.5838030258083655,
Skincare (Female Only),La Roche-Posay,2024-12-01,83.62479976268169,52.8,2,1.5838030258083655,
Skincare (Female Only),La Roche-Posay,2025-01-01,95.02818154850193,60.0,2,1.5838030258083655,
Skincare (Female Only),La Roche-Posay,2025-02-01,74.04279145654108,46.75,2,1.5838030258083655,
Skincare (Female Only),La Roche-Posay,2025-03-01,79.19015129041827,50.0,2,1.5838030258083655,
Skincare (Female Only),MCoBeauty,2021-08-01,4.294101876675604,2.0,3,2.147050938337802,
Skincare (Female Only),MCoBeauty,2021-09-01,6.441152815013405,3.0,3,2.147050938337802,
Skincare (Female Only),MCoBeauty,2021-10-01,6.441152815013405,3.0,3,2.147050938337802,
Skincare (Female Only),MCoBeauty,2021-11-01,5.904390080428955,2.75,3,2.147050938337802,
Skincare (Female Only),MCoBeauty,2021-12-01,4.294101876675604,2.0,3,2.147050938337802,
Skincare (Female Only),MCoBeauty,2022-01-01,3.864691689008043,1.8,3,2.147050938337802,
Skincare (Female Only),MCoBeauty,2022-02-01,7.514678284182306,3.5,3,2.147050938337802,
Skincare (Female Only),MCoBeauty,2022-03-01,10.198491957104558,4.75,3,2.147050938337802,
Skincare (Female Only),MCoBeauty,2022-04-01,9.124966487935657,4.25,3,2.147050938337802,
Skincare (Female Only),MCoBeauty,2022-05-01,7.729383378016086,3.6,3,2.147050938337802,
Skincare (Female Only),MCoBeauty,2022-06-01,11.27201742627346,5.25,3,2.147050938337802,
Skincare (Female Only),MCoBeauty,2022-07-01,15.888176943699735,7.4,3,2.147050938337802,
Skincare (Female Only),MCoBeauty,2022-08-01,14.492593833780163,6.75,3,2.147050938337802,
Skincare (Female Only),MCoBeauty,2022-09-01,12.34554289544236,5.75,3,2.147050938337802,
Skincare (Female Only),MCoBeauty,2022-10-01,15.888176943699735,7.4,3,2.147050938337802,
Skincare (Female Only),MCoBeauty,2022-11-01,15.566119302949064,7.25,3,2.147050938337802,
Skincare (Female Only),MCoBeauty,2022-12-01,16.639644772117965,7.75,3,2.147050938337802,
Skincare (Female Only),MCoBeauty,2023-01-01,19.323458445040217,9.0,3,2.147050938337802,
Skincare (Female Only),MCoBeauty,2023-02-01,19.860221179624666,9.25,3,2.147050938337802,
Skincare (Female Only),MCoBeauty,2023-03-01,23.61756032171582,11.0,3,2.147050938337802,
Skincare (Female Only),MCoBeauty,2023-04-01,41.65278820375335,19.4,3,2.147050938337802,
Skincare (Female Only),MCoBeauty,2023-05-01,45.624832439678286,21.25,3,2.147050938337802,
Skincare (Female Only),MCoBeauty,2023-06-01,60.11742627345845,28.0,3,2.147050938337802,
Skincare (Female Only),MCoBeauty,2023-07-01,66.98798927613942,31.2,3,2.147050938337802,
Skincare (Female Only),MCoBeauty,2023-08-01,53.676273458445046,25.0,3,2.147050938337802,
Skincare (Female Only),MCoBeauty,2023-09-01,60.6541890080429,28.25,3,2.147050938337802,
Skincare (Female Only),MCoBeauty,2023-10-01,70.85268096514746,33.0,3,2.147050938337802,
Skincare (Female Only),MCoBeauty,2023-11-01,77.29383378016087,36.0,3,2.147050938337802,
Skincare (Female Only),MCoBeauty,2023-12-01,72.5703217158177,33.8,3,2.147050938337802,
Skincare (Female Only),MCoBeauty,2024-01-01,54.213036193029495,25.25,3,2.147050938337802,
Skincare (Female Only),MCoBeauty,2024-02-01,82.66146112600536,38.5,3,2.147050938337802,
Skincare (Female Only),MCoBeauty,2024-03-01,115.9407506702413,54.0,3,2.147050938337802,
Skincare (Female Only),MCoBeauty,2024-04-01,98.76434316353888,46.0,3,2.147050938337802,
Skincare (Female Only),MCoBeauty,2024-05-01,84.27174932975872,39.25,3,2.147050938337802,
Skincare (Female Only),MCoBeauty,2024-06-01,121.52308310991958,56.6,3,2.147050938337802,
Skincare (Female Only),MCoBeauty,2024-07-01,133.65392091152816,62.25,3,2.147050938337802,
Skincare (Female Only),MCoBeauty,2024-08-01,96.61729222520108,45.0,3,2.147050938337802,
Skincare (Female Only),MCoBeauty,2024-09-01,100.05257372654157,46.6,3,2.147050938337802,
Skincare (Female Only),MCoBeauty,2024-10-01,96.08052949061663,44.75,3,2.147050938337802,
Skincare (Female Only),MCoBeauty,2024-11-01,139.55831099195711,65.0,3,2.147050938337802,
Skincare (Female Only),MCoBeauty,2024-12-01,106.92313672922252,49.8,3,2.147050938337802,
Skincare (Female Only),MCoBeauty,2025-01-01,69.24239276139411,32.25,3,2.147050938337802,
Skincare (Female Only),MCoBeauty,2025-02-01,70.31591823056301,32.75,3,2.147050938337802,
Skincare (Female Only),MCoBeauty,2025-03-01,73.42914209115283,34.2,3,2.147050938337802,
Skincare (Female Only),Mecca,2021-08-01,0.0,0.0,3,2.147050938337802,
Skincare (Female Only),Mecca,2021-09-01,0.0,0.0,3,2.147050938337802,
Skincare (Female Only),Mecca,2021-10-01,0.0,0.0,3,2.147050938337802,
Skincare (Female Only),Mecca,2021-11-01,0.0,0.0,3,2.147050938337802,
Skincare (Female Only),Mecca,2021-12-01,0.0,0.0,3,2.147050938337802,
Skincare (Female Only),Mecca,2022-01-01,0.0,0.0,3,2.147050938337802,
Skincare (Female Only),Mecca,2022-02-01,0.0,0.0,3,2.147050938337802,
Skincare (Female Only),Mecca,2022-03-01,0.0,0.0,3,2.147050938337802,
Skincare (Female Only),Mecca,2022-04-01,0.0,0.0,3,2.147050938337802,
Skincare (Female Only),Mecca,2022-05-01,0.0,0.0,3,2.147050938337802,
Skincare (Female Only),Mecca,2022-06-01,0.0,0.0,3,2.147050938337802,
Skincare (Female Only),Mecca,2022-07-01,0.0,0.0,3,2.147050938337802,
Skincare (Female Only),Mecca,2022-08-01,0.0,0.0,3,2.147050938337802,
Skincare (Female Only),Mecca,2022-09-01,0.0,0.0,3,2.147050938337802,
Skincare (Female Only),Mecca,2022-10-01,0.0,0.0,3,2.147050938337802,
Skincare (Female Only),Mecca,2022-11-01,0.0,0.0,3,2.147050938337802,
Skincare (Female Only),Mecca,2022-12-01,0.0,0.0,3,2.147050938337802,
Skincare (Female Only),Mecca,2023-01-01,0.0,0.0,3,2.147050938337802,
Skincare (Female Only),Mecca,2023-02-01,0.0,0.0,3,2.147050938337802,
Skincare (Female Only),Mecca,2023-03-01,0.0,0.0,3,2.147050938337802,
Skincare (Female Only),Mecca,2023-04-01,0.0,0.0,3,2.147050938337802,
Skincare (Female Only),Mecca,2023-05-01,0.0,0.0,3,2.147050938337802,
Skincare (Female Only),Mecca,2023-06-01,0.0,0.0,3,2.147050938337802,
Skincare (Female Only),Mecca,2023-07-01,0.0,0.0,3,2.147050938337802,
Skincare (Female Only),Mecca,2023-08-01,0.0,0.0,3,2.147050938337802,
Skincare (Female Only),Mecca,2023-09-01,0.0,0.0,3,2.147050938337802,
Skincare (Female Only),Mecca,2023-10-01,0.0,0.0,3,2.147050938337802,
Skincare (Female Only),Mecca,2023-11-01,0.0,0.0,3,2.147050938337802,
Skincare (Female Only),Mecca,2023-12-01,107.35254691689009,50.0,3,2.147050938337802,
Skincare (Female Only),Mecca,2024-01-01,88.02908847184987,41.0,3,2.147050938337802,
Skincare (Female Only),Mecca,2024-02-01,70.31591823056301,32.75,3,2.147050938337802,
Skincare (Female Only),Mecca,2024-03-01,19.323458445040217,9.0,3,2.147050938337802,
Skincare (Female Only),Mecca,2024-04-01,128.82305630026812,60.0,3,2.147050938337802,
Skincare (Female Only),Mecca,2024-05-01,45.624832439678286,21.25,3,2.147050938337802,
Skincare (Female Only),Mecca,2024-06-01,36.49986595174263,17.0,3,2.147050938337802,
Skincare (Female Only),Mecca,2024-07-01,0.5367627345844505,0.25,3,2.147050938337802,
Skincare (Female Only),Mecca,2024-08-01,0.5367627345844505,0.25,3,2.147050938337802,
Skincare (Female Only),Mecca,2024-09-01,72.14091152815014,33.6,3,2.147050938337802,
Skincare (Female Only),Mecca,2024-10-01,133.11715817694372,62.0,3,2.147050938337802,
Skincare (Female Only),Mecca,2024-11-01,46.161595174262736,21.5,3,2.147050938337802,
Skincare (Female Only),Mecca,2024-12-01,16.317587131367294,7.6,3,2.147050938337802,
Skincare (Female Only),Mecca,2025-01-01,84.80851206434318,39.5,3,2.147050938337802,
Skincare (Female Only),Mecca,2025-02-01,1.073525469168901,0.5,3,2.147050938337802,
Skincare (Female Only),Mecca,2025-03-01,23.61756032171582,11.0,3,2.147050938337802,
Skincare (Female Only),Paula's Choice,2021-08-01,12.88230563002681,6.0,3,2.147050938337802,
Skincare (Female Only),Paula's Choice,2021-09-01,14.492593833780163,6.75,3,2.147050938337802,
Skincare (Female Only),Paula's Choice,2021-10-01,12.023485254691689,5.6,3,2.147050938337802,
Skincare (Female Only),Paula's Choice,2021-11-01,11.27201742627346,5.25,3,2.147050938337802,
Skincare (Female Only),Paula's Choice,2021-12-01,11.80878016085791,5.5,3,2.147050938337802,
Skincare (Female Only),Paula's Choice,2022-01-01,12.88230563002681,6.0,3,2.147050938337802,
Skincare (Female Only),Paula's Choice,2022-02-01,12.88230563002681,6.0,3,2.147050938337802,
Skincare (Female Only),Paula's Choice,2022-03-01,16.102882037533515,7.5,3,2.147050938337802,
Skincare (Female Only),Paula's Choice,2022-04-01,16.102882037533515,7.5,3,2.147050938337802,
Skincare (Female Only),Paula's Choice,2022-05-01,12.88230563002681,6.0,3,2.147050938337802,
Skincare (Female Only),Paula's Choice,2022-06-01,14.492593833780163,6.75,3,2.147050938337802,
Skincare (Female Only),Paula's Choice,2022-07-01,14.170536193029491,6.6,3,2.147050938337802,
Skincare (Female Only),Paula's Choice,2022-08-01,16.102882037533515,7.5,3,2.147050938337802,
Skincare (Female Only),Paula's Choice,2022-09-01,15.029356568364612,7.0,3,2.147050938337802,
Skincare (Female Only),Paula's Choice,2022-10-01,13.741126005361933,6.4,3,2.147050938337802,
Skincare (Female Only),Paula's Choice,2022-11-01,16.639644772117965,7.75,3,2.147050938337802,
Skincare (Female Only),Paula's Choice,2022-12-01,16.102882037533515,7.5,3,2.147050938337802,
Skincare (Female Only),Paula's Choice,2023-01-01,16.317587131367294,7.6,3,2.147050938337802,
Skincare (Female Only),Paula's Choice,2023-02-01,16.102882037533515,7.5,3,2.147050938337802,
Skincare (Female Only),Paula's Choice,2023-03-01,14.492593833780163,6.75,3,2.147050938337802,
Skincare (Female Only),Paula's Choice,2023-04-01,15.029356568364612,7.0,3,2.147050938337802,
Skincare (Female Only),Paula's Choice,2023-05-01,16.102882037533515,7.5,3,2.147050938337802,
Skincare (Female Only),Paula's Choice,2023-06-01,13.955831099195711,6.5,3,2.147050938337802,
Skincare (Female Only),Paula's Choice,2023-07-01,14.599946380697052,6.8,3,2.147050938337802,
Skincare (Female Only),Paula's Choice,2023-08-01,15.566119302949064,7.25,3,2.147050938337802,
Skincare (Female Only),Paula's Choice,2023-09-01,15.029356568364612,7.0,3,2.147050938337802,
Skincare (Female Only),Paula's Choice,2023-10-01,15.029356568364612,7.0,3,2.147050938337802,
Skincare (Female Only),Paula's Choice,2023-11-01,16.639644772117965,7.75,3,2.147050938337802,
Skincare (Female Only),Paula's Choice,2023-12-01,14.170536193029491,6.6,3,2.147050938337802,
Skincare (Female Only),Paula's Choice,2024-01-01,16.639644772117965,7.75,3,2.147050938337802,
Skincare (Female Only),Paula's Choice,2024-02-01,13.419068364611261,6.25,3,2.147050938337802,
Skincare (Female Only),Paula's Choice,2024-03-01,14.170536193029491,6.6,3,2.147050938337802,
Skincare (Female Only),Paula's Choice,2024-04-01,13.419068364611261,6.25,3,2.147050938337802,
Skincare (Female Only),Paula's Choice,2024-05-01,15.029356568364612,7.0,3,2.147050938337802,
Skincare (Female Only),Paula's Choice,2024-06-01,11.59407506702413,5.4,3,2.147050938337802,
Skincare (Female Only),Paula's Choice,2024-07-01,11.27201742627346,5.25,3,2.147050938337802,
Skincare (Female Only),Paula's Choice,2024-08-01,13.955831099195711,6.5,3,2.147050938337802,
Skincare (Female Only),Paula's Choice,2024-09-01,12.88230563002681,6.0,3,2.147050938337802,
Skincare (Female Only),Paula's Choice,2024-10-01,12.34554289544236,5.75,3,2.147050938337802,
Skincare (Female Only),Paula's Choice,2024-11-01,12.88230563002681,6.0,3,2.147050938337802,
Skincare (Female Only),Paula's Choice,2024-12-01,12.88230563002681,6.0,3,2.147050938337802,
Skincare (Female Only),Paula's Choice,2025-01-01,11.80878016085791,5.5,3,2.147050938337802,
Skincare (Female Only),Paula's Choice,2025-02-01,11.27201742627346,5.25,3,2.147050938337802,
Skincare (Female Only),Paula's Choice,2025-03-01,11.59407506702413,5.4,3,2.147050938337802,
Skincare (Female Only),Revolution,2021-08-01,2.7193548387096778,2.0,4,1.3596774193548389,
Skincare (Female Only),Revolution,2021-09-01,0.6798387096774194,0.5,4,1.3596774193548389,
Skincare (Female Only),Revolution,2021-10-01,0.8158064516129033,0.6,4,1.3596774193548389,
Skincare (Female Only),Revolution,2021-11-01,1.0197580645161293,0.75,4,1.3596774193548389,
Skincare (Female Only),Revolution,2021-12-01,0.6798387096774194,0.5,4,1.3596774193548389,
Skincare (Female Only),Revolution,2022-01-01,0.5438709677419356,0.4,4,1.3596774193548389,
Skincare (Female Only),Revolution,2022-02-01,0.3399193548387097,0.25,4,1.3596774193548389,
Skincare (Female Only),Revolution,2022-03-01,1.6995967741935485,1.25,4,1.3596774193548389,
Skincare (Female Only),Revolution,2022-04-01,4.758870967741936,3.5,4,1.3596774193548389,
Skincare (Female Only),Revolution,2022-05-01,1.6316129032258067,1.2,4,1.3596774193548389,
Skincare (Female Only),Revolution,2022-06-01,1.0197580645161293,0.75,4,1.3596774193548389,
Skincare (Female Only),Revolution,2022-07-01,0.2719354838709678,0.2,4,1.3596774193548389,
Skincare (Female Only),Revolution,2022-08-01,0.0,0.0,4,1.3596774193548389,
Skincare (Female Only),Revolution,2022-09-01,0.0,0.0,4,1.3596774193548389,
Skincare (Female Only),Revolution,2022-10-01,1.3596774193548389,1.0,4,1.3596774193548389,
Skincare (Female Only),Revolution,2022-11-01,0.6798387096774194,0.5,4,1.3596774193548389,
Skincare (Female Only),Revolution,2022-12-01,0.3399193548387097,0.25,4,1.3596774193548389,
Skincare (Female Only),Revolution,2023-01-01,0.2719354838709678,0.2,4,1.3596774193548389,
Skincare (Female Only),Revolution,2023-02-01,0.0,0.0,4,1.3596774193548389,
Skincare (Female Only),Revolution,2023-03-01,0.3399193548387097,0.25,4,1.3596774193548389,
Skincare (Female Only),Revolution,2023-04-01,0.5438709677419356,0.4,4,1.3596774193548389,
Skincare (Female Only),Revolution,2023-05-01,0.3399193548387097,0.25,4,1.3596774193548389,
Skincare (Female Only),Revolution,2023-06-01,0.3399193548387097,0.25,4,1.3596774193548389,
Skincare (Female Only),Revolution,2023-07-01,4.89483870967742,3.6,4,1.3596774193548389,
Skincare (Female Only),Revolution,2023-08-01,12.577016129032259,9.25,4,1.3596774193548389,
Skincare (Female Only),Revolution,2023-09-01,13.256854838709678,9.75,4,1.3596774193548389,
Skincare (Female Only),Revolution,2023-10-01,9.78967741935484,7.2,4,1.3596774193548389,
Skincare (Female Only),Revolution,2023-11-01,13.256854838709678,9.75,4,1.3596774193548389,
Skincare (Female Only),Revolution,2023-12-01,11.965161290322584,8.8,4,1.3596774193548389,
Skincare (Female Only),Revolution,2024-01-01,2.7193548387096778,2.0,4,1.3596774193548389,
Skincare (Female Only),Revolution,2024-02-01,4.079032258064517,3.0,4,1.3596774193548389,
Skincare (Female Only),Revolution,2024-03-01,7.070322580645162,5.2,4,1.3596774193548389,
Skincare (Female Only),Revolution,2024-04-01,2.379435483870968,1.75,4,1.3596774193548389,
Skincare (Female Only),Revolution,2024-05-01,1.0197580645161293,0.75,4,1.3596774193548389,
Skincare (Female Only),Revolution,2024-06-01,0.2719354838709678,0.2,4,1.3596774193548389,
Skincare (Female Only),Revolution,2024-07-01,1.3596774193548389,1.0,4,1.3596774193548389,
Skincare (Female Only),Revolution,2024-08-01,6.798387096774194,5.0,4,1.3596774193548389,
Skincare (Female Only),Revolution,2024-09-01,5.4387096774193555,4.0,4,1.3596774193548389,
Skincare (Female Only),Revolution,2024-10-01,1.6995967741935485,1.25,4,1.3596774193548389,
Skincare (Female Only),Revolution,2024-11-01,4.418951612903227,3.25,4,1.3596774193548389,
Skincare (Female Only),Revolution,2024-12-01,4.079032258064517,3.0,4,1.3596774193548389,
Skincare (Female Only),Revolution,2025-01-01,6.118548387096775,4.5,4,1.3596774193548389,
Skincare (Female Only),Revolution,2025-02-01,1.6995967741935485,1.25,4,1.3596774193548389,
Skincare (Female Only),Revolution,2025-03-01,0.2719354838709678,0.2,4,1.3596774193548389,
Skincare (Female Only),Soap & Glory,2021-08-01,0.0,0.0,4,1.3596774193548389,
Skincare (Female Only),Soap & Glory,2021-09-01,0.3399193548387097,0.25,4,1.3596774193548389,
Skincare (Female Only),Soap & Glory,2021-10-01,0.0,0.0,4,1.3596774193548389,
Skincare (Female Only),Soap & Glory,2021-11-01,0.3399193548387097,0.25,4,1.3596774193548389,
Skincare (Female Only),Soap & Glory,2021-12-01,1.0197580645161293,0.75,4,1.3596774193548389,
Skincare (Female Only),Soap & Glory,2022-01-01,1.087741935483871,0.8,4,1.3596774193548389,
Skincare (Female Only),Soap & Glory,2022-02-01,1.0197580645161293,0.75,4,1.3596774193548389,
Skincare (Female Only),Soap & Glory,2022-03-01,1.0197580645161293,0.75,4,1.3596774193548389,
Skincare (Female Only),Soap & Glory,2022-04-01,0.3399193548387097,0.25,4,1.3596774193548389,
Skincare (Female Only),Soap & Glory,2022-05-01,0.5438709677419356,0.4,4,1.3596774193548389,
Skincare (Female Only),Soap & Glory,2022-06-01,0.3399193548387097,0.25,4,1.3596774193548389,
Skincare (Female Only),Soap & Glory,2022-07-01,1.087741935483871,0.8,4,1.3596774193548389,
Skincare (Female Only),Soap & Glory,2022-08-01,1.3596774193548389,1.0,4,1.3596774193548389,
Skincare (Female Only),Soap & Glory,2022-09-01,0.6798387096774194,0.5,4,1.3596774193548389,
Skincare (Female Only),Soap & Glory,2022-10-01,1.6316129032258067,1.2,4,1.3596774193548389,
Skincare (Female Only),Soap & Glory,2022-11-01,3.0592741935483874,2.25,4,1.3596774193548389,
Skincare (Female Only),Soap & Glory,2022-12-01,2.7193548387096778,2.0,4,1.3596774193548389,
Skincare (Female Only),Soap & Glory,2023-01-01,1.6316129032258067,1.2,4,1.3596774193548389,
Skincare (Female Only),Soap & Glory,2023-02-01,1.3596774193548389,1.0,4,1.3596774193548389,
Skincare (Female Only),Soap & Glory,2023-03-01,1.0197580645161293,0.75,4,1.3596774193548389,
Skincare (Female Only),Soap & Glory,2023-04-01,2.175483870967742,1.6,4,1.3596774193548389,
Skincare (Female Only),Soap & Glory,2023-05-01,2.7193548387096778,2.0,4,1.3596774193548389,
Skincare (Female Only),Soap & Glory,2023-06-01,1.3596774193548389,1.0,4,1.3596774193548389,
Skincare (Female Only),Soap & Glory,2023-07-01,2.175483870967742,1.6,4,1.3596774193548389,
Skincare (Female Only),Soap & Glory,2023-08-01,2.7193548387096778,2.0,4,1.3596774193548389,
Skincare (Female Only),Soap & Glory,2023-09-01,2.0395161290322585,1.5,4,1.3596774193548389,
Skincare (Female Only),Soap & Glory,2023-10-01,3.2632258064516133,2.4,4,1.3596774193548389,
Skincare (Female Only),Soap & Glory,2023-11-01,4.079032258064517,3.0,4,1.3596774193548389,
Skincare (Female Only),Soap & Glory,2023-12-01,5.4387096774193555,4.0,4,1.3596774193548389,
Skincare (Female Only),Soap & Glory,2024-01-01,2.379435483870968,1.75,4,1.3596774193548389,
Skincare (Female Only),Soap & Glory,2024-02-01,1.6995967741935485,1.25,4,1.3596774193548389,
Skincare (Female Only),Soap & Glory,2024-03-01,2.7193548387096778,2.0,4,1.3596774193548389,
Skincare (Female Only),Soap & Glory,2024-04-01,2.0395161290322585,1.5,4,1.3596774193548389,
Skincare (Female Only),Soap & Glory,2024-05-01,2.0395161290322585,1.5,4,1.3596774193548389,
Skincare (Female Only),Soap & Glory,2024-06-01,1.9035483870967742,1.4,4,1.3596774193548389,
Skincare (Female Only),Soap & Glory,2024-07-01,2.379435483870968,1.75,4,1.3596774193548389,
Skincare (Female Only),Soap & Glory,2024-08-01,2.0395161290322585,1.5,4,1.3596774193548389,
Skincare (Female Only),Soap & Glory,2024-09-01,1.9035483870967742,1.4,4,1.3596774193548389,
Skincare (Female Only),Soap & Glory,2024-10-01,2.379435483870968,1.75,4,1.3596774193548389,
Skincare (Female Only),Soap & Glory,2024-11-01,4.758870967741936,3.5,4,1.3596774193548389,
Skincare (Female Only),Soap & Glory,2024-12-01,4.622903225806452,3.4,4,1.3596774193548389,
Skincare (Female Only),Soap & Glory,2025-01-01,2.379435483870968,1.75,4,1.3596774193548389,
Skincare (Female Only),Soap & Glory,2025-02-01,2.7193548387096778,2.0,4,1.3596774193548389,
Skincare (Female Only),Soap & Glory,2025-03-01,1.9035483870967742,1.4,4,1.3596774193548389,
Skincare (Female Only),Software,2021-08-01,5.4387096774193555,4.0,4,1.3596774193548389,
Skincare (Female Only),Software,2021-09-01,5.4387096774193555,4.0,4,1.3596774193548389,
Skincare (Female Only),Software,2021-10-01,5.4387096774193555,4.0,4,1.3596774193548389,
Skincare (Female Only),Software,2021-11-01,5.778629032258065,4.25,4,1.3596774193548389,
Skincare (Female Only),Software,2021-12-01,4.758870967741936,3.5,4,1.3596774193548389,
Skincare (Female Only),Software,2022-01-01,8.430000000000001,6.2,4,1.3596774193548389,
Skincare (Female Only),Software,2022-02-01,10.197580645161292,7.5,4,1.3596774193548389,
Skincare (Female Only),Software,2022-03-01,10.537500000000001,7.75,4,1.3596774193548389,
Skincare (Female Only),Software,2022-04-01,10.197580645161292,7.5,4,1.3596774193548389,
Skincare (Female Only),Software,2022-05-01,10.877419354838711,8.0,4,1.3596774193548389,
Skincare (Female Only),Software,2022-06-01,9.857661290322582,7.25,4,1.3596774193548389,
Skincare (Female Only),Software,2022-07-01,10.877419354838711,8.0,4,1.3596774193548389,
Skincare (Female Only),Software,2022-08-01,11.21733870967742,8.25,4,1.3596774193548389,
Skincare (Female Only),Software,2022-09-01,8.837903225806453,6.5,4,1.3596774193548389,
Skincare (Female Only),Software,2022-10-01,9.517741935483873,7.0,4,1.3596774193548389,
Skincare (Female Only),Software,2022-11-01,8.837903225806453,6.5,4,1.3596774193548389,
Skincare (Female Only),Software,2022-12-01,8.497983870967744,6.25,4,1.3596774193548389,
Skincare (Female Only),Software,2023-01-01,8.430000000000001,6.2,4,1.3596774193548389,
Skincare (Female Only),Software,2023-02-01,10.537500000000001,7.75,4,1.3596774193548389,
Skincare (Female Only),Software,2023-03-01,10.877419354838711,8.0,4,1.3596774193548389,
Skincare (Female Only),Software,2023-04-01,9.517741935483873,7.0,4,1.3596774193548389,
Skincare (Female Only),Software,2023-05-01,11.55725806451613,8.5,4,1.3596774193548389,
Skincare (Female Only),Software,2023-06-01,9.857661290322582,7.25,4,1.3596774193548389,
Skincare (Female Only),Software,2023-07-01,10.877419354838711,8.0,4,1.3596774193548389,
Skincare (Female Only),Software,2023-08-01,11.21733870967742,8.25,4,1.3596774193548389,
Skincare (Female Only),Software,2023-09-01,10.197580645161292,7.5,4,1.3596774193548389,
Skincare (Female Only),Software,2023-10-01,9.517741935483873,7.0,4,1.3596774193548389,
Skincare (Female Only),Software,2023-11-01,8.837903225806453,6.5,4,1.3596774193548389,
Skincare (Female Only),Software,2023-12-01,8.701935483870969,6.4,4,1.3596774193548389,
Skincare (Female Only),Software,2024-01-01,9.517741935483873,7.0,4,1.3596774193548389,
Skincare (Female Only),Software,2024-02-01,11.89717741935484,8.75,4,1.3596774193548389,
Skincare (Female Only),Software,2024-03-01,11.693225806451613,8.6,4,1.3596774193548389,
Skincare (Female Only),Software,2024-04-01,10.877419354838711,8.0,4,1.3596774193548389,
Skincare (Female Only),Software,2024-05-01,11.89717741935484,8.75,4,1.3596774193548389,
Skincare (Female Only),Software,2024-06-01,10.333548387096775,7.6,4,1.3596774193548389,
Skincare (Female Only),Software,2024-07-01,12.23709677419355,9.0,4,1.3596774193548389,
Skincare (Female Only),Software,2024-08-01,11.89717741935484,8.75,4,1.3596774193548389,
Skincare (Female Only),Software,2024-09-01,10.877419354838711,8.0,4,1.3596774193548389,
Skincare (Female Only),Software,2024-10-01,10.197580645161292,7.5,4,1.3596774193548389,
Skincare (Female Only),Software,2024-11-01,8.497983870967744,6.25,4,1.3596774193548389,
Skincare (Female Only),Software,2024-12-01,8.701935483870969,6.4,4,1.3596774193548389,
Skincare (Female Only),Software,2025-01-01,8.837903225806453,6.5,4,1.3596774193548389,
Skincare (Female Only),Software,2025-02-01,11.55725806451613,8.5,4,1.3596774193548389,
Skincare (Female Only),Software,2025-03-01,11.149354838709678,8.2,4,1.3596774193548389,
Skincare (Female Only),Sol de Janeiro,2021-08-01,2.7193548387096778,2.0,4,1.3596774193548389,
Skincare (Female Only),Sol de Janeiro,2021-09-01,1.3596774193548389,1.0,4,1.3596774193548389,
Skincare (Female Only),Sol de Janeiro,2021-10-01,2.44741935483871,1.8,4,1.3596774193548389,
Skincare (Female Only),Sol de Janeiro,2021-11-01,3.399193548387097,2.5,4,1.3596774193548389,
Skincare (Female Only),Sol de Janeiro,2021-12-01,3.399193548387097,2.5,4,1.3596774193548389,
Skincare (Female Only),Sol de Janeiro,2022-01-01,4.079032258064517,3.0,4,1.3596774193548389,
Skincare (Female Only),Sol de Janeiro,2022-02-01,4.079032258064517,3.0,4,1.3596774193548389,
Skincare (Female Only),Sol de Janeiro,2022-03-01,5.098790322580646,3.75,4,1.3596774193548389,
Skincare (Female Only),Sol de Janeiro,2022-04-01,7.1383064516129044,5.25,4,1.3596774193548389,
Skincare (Female Only),Sol de Janeiro,2022-05-01,5.982580645161292,4.4,4,1.3596774193548389,
Skincare (Female Only),Sol de Janeiro,2022-06-01,7.818145161290324,5.75,4,1.3596774193548389,
Skincare (Female Only),Sol de Janeiro,2022-07-01,9.78967741935484,7.2,4,1.3596774193548389,
Skincare (Female Only),Sol de Janeiro,2022-08-01,14.956451612903228,11.0,4,1.3596774193548389,
Skincare (Female Only),Sol de Janeiro,2022-09-01,21.754838709677422,16.0,4,1.3596774193548389,
Skincare (Female Only),Sol de Janeiro,2022-10-01,21.482903225806457,15.8,4,1.3596774193548389,
Skincare (Female Only),Sol de Janeiro,2022-11-01,43.16975806451613,31.75,4,1.3596774193548389,
Skincare (Female Only),Sol de Janeiro,2022-12-01,47.58870967741936,35.0,4,1.3596774193548389,
Skincare (Female Only),Sol de Janeiro,2023-01-01,38.34290322580645,28.2,4,1.3596774193548389,
Skincare (Female Only),Sol de Janeiro,2023-02-01,28.213306451612908,20.75,4,1.3596774193548389,
Skincare (Female Only),Sol de Janeiro,2023-03-01,23.11451612903226,17.0,4,1.3596774193548389,
Skincare (Female Only),Sol de Janeiro,2023-04-01,24.202258064516133,17.8,4,1.3596774193548389,
Skincare (Female Only),Sol de Janeiro,2023-05-01,26.853629032258066,19.75,4,1.3596774193548389,
Skincare (Female Only),Sol de Janeiro,2023-06-01,28.213306451612908,20.75,4,1.3596774193548389,
Skincare (Female Only),Sol de Janeiro,2023-07-01,31.00064516129033,22.8,4,1.3596774193548389,
Skincare (Female Only),Sol de Janeiro,2023-08-01,40.11048387096775,29.5,4,1.3596774193548389,
Skincare (Female Only),Sol de Janeiro,2023-09-01,42.150000000000006,31.0,4,1.3596774193548389,
Skincare (Female Only),Sol de Janeiro,2023-10-01,56.29064516129033,41.4,4,1.3596774193548389,
Skincare (Female Only),Sol de Janeiro,2023-11-01,97.21693548387098,71.5,4,1.3596774193548389,
Skincare (Female Only),Sol de Janeiro,2023-12-01,103.33548387096775,76.0,4,1.3596774193548389,
Skincare (Female Only),Sol de Janeiro,2024-01-01,70.0233870967742,51.5,4,1.3596774193548389,
Skincare (Female Only),Sol de Janeiro,2024-02-01,68.32379032258065,50.25,4,1.3596774193548389,
Skincare (Female Only),Sol de Janeiro,2024-03-01,55.7467741935484,41.0,4,1.3596774193548389,
Skincare (Female Only),Sol de Janeiro,2024-04-01,45.889112903225815,33.75,4,1.3596774193548389,
Skincare (Female Only),Sol de Janeiro,2024-05-01,43.84959677419356,32.25,4,1.3596774193548389,
Skincare (Female Only),Sol de Janeiro,2024-06-01,39.15870967741936,28.8,4,1.3596774193548389,
Skincare (Female Only),Sol de Janeiro,2024-07-01,43.16975806451613,31.75,4,1.3596774193548389,
Skincare (Female Only),Sol de Janeiro,2024-08-01,44.52943548387098,32.75,4,1.3596774193548389,
Skincare (Female Only),Sol de Janeiro,2024-09-01,42.96580645161291,31.6,4,1.3596774193548389,
Skincare (Female Only),Sol de Janeiro,2024-10-01,47.24879032258065,34.75,4,1.3596774193548389,
Skincare (Female Only),Sol de Janeiro,2024-11-01,73.7625,54.25,4,1.3596774193548389,
Skincare (Female Only),Sol de Janeiro,2024-12-01,67.44000000000001,49.6,4,1.3596774193548389,
Skincare (Female Only),Sol de Janeiro,2025-01-01,33.991935483870975,25.0,4,1.3596774193548389,
Skincare (Female Only),Sol de Janeiro,2025-02-01,29.912903225806456,22.0,4,1.3596774193548389,
Skincare (Female Only),Sol de Janeiro,2025-03-01,27.73741935483871,20.4,4,1.3596774193548389,
Skincare (Female Only),The Body Shop,2021-08-01,64.23930481283423,39.0,5,1.6471616618675446,
Skincare (Female Only),The Body Shop,2021-09-01,68.76899938297,41.75,5,1.6471616618675446,
Skincare (Female Only),The Body Shop,2021-10-01,79.06375976964215,48.0,5,1.6471616618675446,
Skincare (Female Only),The Body Shop,2021-11-01,123.12533422459896,74.75,5,1.6471616618675446,
Skincare (Female Only),The Body Shop,2021-12-01,135.47904668860554,82.25,5,1.6471616618675446,
Skincare (Female Only),The Body Shop,2022-01-01,57.32122583299055,34.8,5,1.6471616618675446,
Skincare (Female Only),The Body Shop,2022-02-01,48.591269025092565,29.5,5,1.6471616618675446,
Skincare (Female Only),The Body Shop,2022-03-01,48.17947860962568,29.25,5,1.6471616618675446,
Skincare (Female Only),The Body Shop,2022-04-01,49.414849856026336,30.0,5,1.6471616618675446,
Skincare (Female Only),The Body Shop,2022-05-01,49.74428218839985,30.2,5,1.6471616618675446,
Skincare (Female Only),The Body Shop,2022-06-01,51.47380193336077,31.25,5,1.6471616618675446,
Skincare (Female Only),The Body Shop,2022-07-01,51.7208761826409,31.4,5,1.6471616618675446,
Skincare (Female Only),The Body Shop,2022-08-01,57.238867749897175,34.75,5,1.6471616618675446,
Skincare (Female Only),The Body Shop,2022-09-01,56.82707733443029,34.5,5,1.6471616618675446,
Skincare (Female Only),The Body Shop,2022-10-01,65.22760180995478,39.6,5,1.6471616618675446,
Skincare (Female Only),The Body Shop,2022-11-01,114.88952591526125,69.75,5,1.6471616618675446,
Skincare (Female Only),The Body Shop,2022-12-01,133.4200946112711,81.0,5,1.6471616618675446,
Skincare (Female Only),The Body Shop,2023-01-01,54.35633484162897,33.0,5,1.6471616618675446,
Skincare (Female Only),The Body Shop,2023-02-01,46.94410736322502,28.5,5,1.6471616618675446,
Skincare (Female Only),The Body Shop,2023-03-01,43.64978403948993,26.5,5,1.6471616618675446,
Skincare (Female Only),The Body Shop,2023-04-01,43.81450020567669,26.6,5,1.6471616618675446,
Skincare (Female Only),The Body Shop,2023-05-01,43.64978403948993,26.5,5,1.6471616618675446,
Skincare (Female Only),The Body Shop,2023-06-01,40.355460715754845,24.5,5,1.6471616618675446,
Skincare (Female Only),The Body Shop,2023-07-01,40.5201768819416,24.6,5,1.6471616618675446,
Skincare (Female Only),The Body Shop,2023-08-01,41.179041546688616,25.0,5,1.6471616618675446,
Skincare (Female Only),The Body Shop,2023-09-01,44.88515528589059,27.25,5,1.6471616618675446,
Skincare (Female Only),The Body Shop,2023-10-01,50.40314685314687,30.6,5,1.6471616618675446,
Skincare (Female Only),The Body Shop,2023-11-01,92.2410530645825,56.0,5,1.6471616618675446,
Skincare (Female Only),The Body Shop,2023-12-01,108.38323735088443,65.8,5,1.6471616618675446,
Skincare (Female Only),The Body Shop,2024-01-01,49.826640271493225,30.25,5,1.6471616618675446,
Skincare (Female Only),The Body Shop,2024-02-01,51.062011517893886,31.0,5,1.6471616618675446,
Skincare (Female Only),The Body Shop,2024-03-01,43.155635540929666,26.2,5,1.6471616618675446,
Skincare (Female Only),The Body Shop,2024-04-01,41.590831962155505,25.25,5,1.6471616618675446,
Skincare (Female Only),The Body Shop,2024-05-01,43.64978403948993,26.5,5,1.6471616618675446,
Skincare (Female Only),The Body Shop,2024-06-01,40.19074454956809,24.4,5,1.6471616618675446,
Skincare (Female Only),The Body Shop,2024-07-01,42.00262237762239,25.5,5,1.6471616618675446,
Skincare (Female Only),The Body Shop,2024-08-01,38.7082990538873,23.5,5,1.6471616618675446,
Skincare (Female Only),The Body Shop,2024-09-01,44.802797202797215,27.2,5,1.6471616618675446,
Skincare (Female Only),The Body Shop,2024-10-01,47.35589777869191,28.75,5,1.6471616618675446,
Skincare (Female Only),The Body Shop,2024-11-01,77.4165981077746,47.0,5,1.6471616618675446,
Skincare (Female Only),The Body Shop,2024-12-01,89.93502673796795,54.6,5,1.6471616618675446,
Skincare (Female Only),The Body Shop,2025-01-01,38.7082990538873,23.5,5,1.6471616618675446,
Skincare (Female Only),The Body Shop,2025-02-01,34.17860448375155,20.75,5,1.6471616618675446,
Skincare (Female Only),The Body Shop,2025-03-01,31.625503907856857,19.2,5,1.6471616618675446,
Skincare (Female Only),The Inkey List,2021-08-01,6.588646647470179,4.0,5,1.6471616618675446,
Skincare (Female Only),The Inkey List,2021-09-01,5.35327540106952,3.25,5,1.6471616618675446,
Skincare (Female Only),The Inkey List,2021-10-01,3.2943233237350893,2.0,5,1.6471616618675446,
Skincare (Female Only),The Inkey List,2021-11-01,3.7061137392019754,2.25,5,1.6471616618675446,
Skincare (Female Only),The Inkey List,2021-12-01,2.882532908268203,1.75,5,1.6471616618675446,
Skincare (Female Only),The Inkey List,2022-01-01,4.941484985602634,3.0,5,1.6471616618675446,
Skincare (Female Only),The Inkey List,2022-02-01,5.35327540106952,3.25,5,1.6471616618675446,
Skincare (Female Only),The Inkey List,2022-03-01,5.35327540106952,3.25,5,1.6471616618675446,
Skincare (Female Only),The Inkey List,2022-04-01,5.765065816536406,3.5,5,1.6471616618675446,
Skincare (Female Only),The Inkey List,2022-05-01,4.612052653229124,2.8,5,1.6471616618675446,
Skincare (Female Only),The Inkey List,2022-06-01,4.529694570135748,2.75,5,1.6471616618675446,
Skincare (Female Only),The Inkey List,2022-07-01,5.270917317976143,3.2,5,1.6471616618675446,
Skincare (Female Only),The Inkey List,2022-08-01,5.35327540106952,3.25,5,1.6471616618675446,
Skincare (Female Only),The Inkey List,2022-09-01,4.529694570135748,2.75,5,1.6471616618675446,
Skincare (Female Only),The Inkey List,2022-10-01,5.270917317976143,3.2,5,1.6471616618675446,
Skincare (Female Only),The Inkey List,2022-11-01,6.176856232003292,3.75,5,1.6471616618675446,
Skincare (Female Only),The Inkey List,2022-12-01,5.765065816536406,3.5,5,1.6471616618675446,
Skincare (Female Only),The Inkey List,2023-01-01,6.9180789798436875,4.2,5,1.6471616618675446,
Skincare (Female Only),The Inkey List,2023-02-01,5.35327540106952,3.25,5,1.6471616618675446,
Skincare (Female Only),The Inkey List,2023-03-01,4.529694570135748,2.75,5,1.6471616618675446,
Skincare (Female Only),The Inkey List,2023-04-01,4.282620320855616,2.6,5,1.6471616618675446,
Skincare (Female Only),The Inkey List,2023-05-01,4.529694570135748,2.75,5,1.6471616618675446,
Skincare (Female Only),The Inkey List,2023-06-01,4.117904154668862,2.5,5,1.6471616618675446,
Skincare (Female Only),The Inkey List,2023-07-01,5.270917317976143,3.2,5,1.6471616618675446,
Skincare (Female Only),The Inkey List,2023-08-01,5.35327540106952,3.25,5,1.6471616618675446,
Skincare (Female Only),The Inkey List,2023-09-01,5.35327540106952,3.25,5,1.6471616618675446,
Skincare (Female Only),The Inkey List,2023-10-01,5.270917317976143,3.2,5,1.6471616618675446,
Skincare (Female Only),The Inkey List,2023-11-01,5.35327540106952,3.25,5,1.6471616618675446,
Skincare (Female Only),The Inkey List,2023-12-01,4.612052653229124,2.8,5,1.6471616618675446,
Skincare (Female Only),The Inkey List,2024-01-01,4.529694570135748,2.75,5,1.6471616618675446,
Skincare (Female Only),The Inkey List,2024-02-01,2.882532908268203,1.75,5,1.6471616618675446,
Skincare (Female Only),The Inkey List,2024-03-01,3.6237556561085986,2.2,5,1.6471616618675446,
Skincare (Female Only),The Inkey List,2024-04-01,3.2943233237350893,2.0,5,1.6471616618675446,
Skincare (Female Only),The Inkey List,2024-05-01,3.2943233237350893,2.0,5,1.6471616618675446,
Skincare (Female Only),The Inkey List,2024-06-01,1.6471616618675446,1.0,5,1.6471616618675446,
Skincare (Female Only),The Inkey List,2024-07-01,2.882532908268203,1.75,5,1.6471616618675446,
Skincare (Female Only),The Inkey List,2024-08-01,2.882532908268203,1.75,5,1.6471616618675446,
Skincare (Female Only),The Inkey List,2024-09-01,2.6354586589880715,1.6,5,1.6471616618675446,
Skincare (Female Only),The Inkey List,2024-10-01,2.882532908268203,1.75,5,1.6471616618675446,
Skincare (Female Only),The Inkey List,2024-11-01,2.470742492801317,1.5,5,1.6471616618675446,
Skincare (Female Only),The Inkey List,2024-12-01,2.6354586589880715,1.6,5,1.6471616618675446,
Skincare (Female Only),The Inkey List,2025-01-01,2.882532908268203,1.75,5,1.6471616618675446,
Skincare (Female Only),The Inkey List,2025-02-01,1.6471616618675446,1.0,5,1.6471616618675446,
Skincare (Female Only),The Inkey List,2025-03-01,2.306026326614562,1.4,5,1.6471616618675446,
Skincare (Female Only),The Ordinary,2021-08-01,72.47511312217196,44.0,5,1.6471616618675446,
Skincare (Female Only),The Ordinary,2021-09-01,66.71004730563556,40.5,5,1.6471616618675446,
Skincare (Female Only),The Ordinary,2021-10-01,53.03860551213494,32.2,5,1.6471616618675446,
Skincare (Female Only),The Ordinary,2021-11-01,53.12096359522832,32.25,5,1.6471616618675446,
Skincare (Female Only),The Ordinary,2021-12-01,44.88515528589059,27.25,5,1.6471616618675446,
Skincare (Female Only),The Ordinary,2022-01-01,51.39144385026739,31.2,5,1.6471616618675446,
Skincare (Female Only),The Ordinary,2022-02-01,56.4152869189634,34.25,5,1.6471616618675446,
Skincare (Female Only),The Ordinary,2022-03-01,65.06288564376801,39.5,5,1.6471616618675446,
Skincare (Female Only),The Ordinary,2022-04-01,71.6515322912382,43.5,5,1.6471616618675446,
Skincare (Female Only),The Ordinary,2022-05-01,64.56873714520775,39.2,5,1.6471616618675446,
Skincare (Female Only),The Ordinary,2022-06-01,71.6515322912382,43.5,5,1.6471616618675446,
Skincare (Female Only),The Ordinary,2022-07-01,77.74603044014812,47.2,5,1.6471616618675446,
Skincare (Female Only),The Ordinary,2022-08-01,75.76943644590705,46.0,5,1.6471616618675446,
Skincare (Female Only),The Ordinary,2022-09-01,77.82838852324149,47.25,5,1.6471616618675446,
Skincare (Female Only),The Ordinary,2022-10-01,74.45170711641302,45.2,5,1.6471616618675446,
Skincare (Female Only),The Ordinary,2022-11-01,92.2410530645825,56.0,5,1.6471616618675446,
Skincare (Female Only),The Ordinary,2022-12-01,80.29913101604281,48.75,5,1.6471616618675446,
Skincare (Female Only),The Ordinary,2023-01-01,80.38148909913618,48.8,5,1.6471616618675446,
Skincare (Female Only),The Ordinary,2023-02-01,68.76899938297,41.75,5,1.6471616618675446,
Skincare (Female Only),The Ordinary,2023-03-01,66.29825689016867,40.25,5,1.6471616618675446,
Skincare (Female Only),The Ordinary,2023-04-01,80.38148909913618,48.8,5,1.6471616618675446,
Skincare (Female Only),The Ordinary,2023-05-01,77.00480769230771,46.75,5,1.6471616618675446,
Skincare (Female Only),The Ordinary,2023-06-01,81.94629267791035,49.75,5,1.6471616618675446,
Skincare (Female Only),The Ordinary,2023-07-01,85.98183874948583,52.2,5,1.6471616618675446,
Skincare (Female Only),The Ordinary,2023-08-01,90.59389140271496,55.0,5,1.6471616618675446,
Skincare (Female Only),The Ordinary,2023-09-01,85.24061600164544,51.75,5,1.6471616618675446,
Skincare (Female Only),The Ordinary,2023-10-01,80.05205676676268,48.6,5,1.6471616618675446,
Skincare (Female Only),The Ordinary,2023-11-01,96.77074763471825,58.75,5,1.6471616618675446,
Skincare (Female Only),The Ordinary,2023-12-01,87.29956807897986,53.0,5,1.6471616618675446,
Skincare (Female Only),The Ordinary,2024-01-01,80.71092143150969,49.0,5,1.6471616618675446,
Skincare (Female Only),The Ordinary,2024-02-01,71.2397418757713,43.25,5,1.6471616618675446,
Skincare (Female Only),The Ordinary,2024-03-01,69.83965446318389,42.4,5,1.6471616618675446,
Skincare (Female Only),The Ordinary,2024-04-01,72.47511312217196,44.0,5,1.6471616618675446,
Skincare (Female Only),The Ordinary,2024-05-01,66.71004730563556,40.5,5,1.6471616618675446,
Skincare (Female Only),The Ordinary,2024-06-01,61.27441382147266,37.2,5,1.6471616618675446,
Skincare (Female Only),The Ordinary,2024-07-01,72.88690353763884,44.25,5,1.6471616618675446,
Skincare (Female Only),The Ordinary,2024-08-01,68.76899938297,41.75,5,1.6471616618675446,
Skincare (Female Only),The Ordinary,2024-09-01,70.82795146030442,43.0,5,1.6471616618675446,
Skincare (Female Only),The Ordinary,2024-10-01,63.82751439736735,38.75,5,1.6471616618675446,
Skincare (Female Only),The Ordinary,2024-11-01,84.82882558617855,51.5,5,1.6471616618675446,
Skincare (Female Only),The Ordinary,2024-12-01,76.75773344302759,46.6,5,1.6471616618675446,
Skincare (Female Only),The Ordinary,2025-01-01,80.71092143150969,49.0,5,1.6471616618675446,
Skincare (Female Only),The Ordinary,2025-02-01,73.71048436857262,44.75,5,1.6471616618675446,
Skincare (Female Only),The Ordinary,2025-03-01,72.14568078979845,43.8,5,1.6471616618675446,
Skincare (Female Only),Ultra Violette,2021-08-01,0.0,0.0,5,1.6471616618675446,
Skincare (Female Only),Ultra Violette,2021-09-01,0.0,0.0,5,1.6471616618675446,
Skincare (Female Only),Ultra Violette,2021-10-01,4.612052653229124,2.8,5,1.6471616618675446,
Skincare (Female Only),Ultra Violette,2021-11-01,4.117904154668862,2.5,5,1.6471616618675446,
Skincare (Female Only),Ultra Violette,2021-12-01,4.117904154668862,2.5,5,1.6471616618675446,
Skincare (Female Only),Ultra Violette,2022-01-01,4.282620320855616,2.6,5,1.6471616618675446,
Skincare (Female Only),Ultra Violette,2022-02-01,4.941484985602634,3.0,5,1.6471616618675446,
Skincare (Female Only),Ultra Violette,2022-03-01,5.35327540106952,3.25,5,1.6471616618675446,
Skincare (Female Only),Ultra Violette,2022-04-01,5.35327540106952,3.25,5,1.6471616618675446,
Skincare (Female Only),Ultra Violette,2022-05-01,4.282620320855616,2.6,5,1.6471616618675446,
Skincare (Female Only),Ultra Violette,2022-06-01,4.941484985602634,3.0,5,1.6471616618675446,
Skincare (Female Only),Ultra Violette,2022-07-01,5.600349650349652,3.4,5,1.6471616618675446,
Skincare (Female Only),Ultra Violette,2022-08-01,11.941922048539698,7.25,5,1.6471616618675446,
Skincare (Female Only),Ultra Violette,2022-09-01,7.412227478403951,4.5,5,1.6471616618675446,
Skincare (Female Only),Ultra Violette,2022-10-01,6.9180789798436875,4.2,5,1.6471616618675446,
Skincare (Female Only),Ultra Violette,2022-11-01,9.882969971205268,6.0,5,1.6471616618675446,
Skincare (Female Only),Ultra Violette,2022-12-01,9.059389140271495,5.5,5,1.6471616618675446,
Skincare (Female Only),Ultra Violette,2023-01-01,7.576943644590704,4.6,5,1.6471616618675446,
Skincare (Female Only),Ultra Violette,2023-02-01,7.412227478403951,4.5,5,1.6471616618675446,
Skincare (Female Only),Ultra Violette,2023-03-01,5.35327540106952,3.25,5,1.6471616618675446,
Skincare (Female Only),Ultra Violette,2023-04-01,6.25921431509667,3.8,5,1.6471616618675446,
Skincare (Female Only),Ultra Violette,2023-05-01,6.176856232003292,3.75,5,1.6471616618675446,
Skincare (Female Only),Ultra Violette,2023-06-01,6.588646647470179,4.0,5,1.6471616618675446,
Skincare (Female Only),Ultra Violette,2023-07-01,6.588646647470179,4.0,5,1.6471616618675446,
Skincare (Female Only),Ultra Violette,2023-08-01,7.824017893870837,4.75,5,1.6471616618675446,
Skincare (Female Only),Ultra Violette,2023-09-01,20.177730357877422,12.25,5,1.6471616618675446,
Skincare (Female Only),Ultra Violette,2023-10-01,8.235808309337724,5.0,5,1.6471616618675446,
Skincare (Female Only),Ultra Violette,2023-11-01,11.118341217605927,6.75,5,1.6471616618675446,
Skincare (Female Only),Ultra Violette,2023-12-01,12.847860962566848,7.8,5,1.6471616618675446,
Skincare (Female Only),Ultra Violette,2024-01-01,11.118341217605927,6.75,5,1.6471616618675446,
Skincare (Female Only),Ultra Violette,2024-02-01,8.235808309337724,5.0,5,1.6471616618675446,
Skincare (Female Only),Ultra Violette,2024-03-01,6.25921431509667,3.8,5,1.6471616618675446,
Skincare (Female Only),Ultra Violette,2024-04-01,6.176856232003292,3.75,5,1.6471616618675446,
Skincare (Female Only),Ultra Violette,2024-05-01,4.529694570135748,2.75,5,1.6471616618675446,
Skincare (Female Only),Ultra Violette,2024-06-01,5.929781982723161,3.6,5,1.6471616618675446,
Skincare (Female Only),Ultra Violette,2024-07-01,6.588646647470179,4.0,5,1.6471616618675446,
Skincare (Female Only),Ultra Violette,2024-08-01,7.412227478403951,4.5,5,1.6471616618675446,
Skincare (Female Only),Ultra Violette,2024-09-01,15.153887289181409,9.2,5,1.6471616618675446,
Skincare (Female Only),Ultra Violette,2024-10-01,7.824017893870837,4.75,5,1.6471616618675446,
Skincare (Female Only),Ultra Violette,2024-11-01,13.177293294940357,8.0,5,1.6471616618675446,
Skincare (Female Only),Ultra Violette,2024-12-01,10.871266968325793,6.6,5,1.6471616618675446,
Skincare (Female Only),Ultra Violette,2025-01-01,9.47117955573838,5.75,5,1.6471616618675446,
Skincare (Female Only),Ultra Violette,2025-02-01,7.000437062937065,4.25,5,1.6471616618675446,
Skincare (Female Only),Ultra Violette,2025-03-01,6.25921431509667,3.8,5,1.6471616618675446,
Skincare (Female Only),tbh Skincare,2021-08-01,0.0,0.0,6,0.3051729065447271,
Skincare (Female Only),tbh Skincare,2021-09-01,0.0,0.0,6,0.3051729065447271,
Skincare (Female Only),tbh Skincare,2021-10-01,0.0,0.0,6,0.3051729065447271,
Skincare (Female Only),tbh Skincare,2021-11-01,0.0,0.0,6,0.3051729065447271,
Skincare (Female Only),tbh Skincare,2021-12-01,0.0,0.0,6,0.3051729065447271,
Skincare (Female Only),tbh Skincare,2022-01-01,0.0,0.0,6,0.3051729065447271,
Skincare (Female Only),tbh Skincare,2022-02-01,0.0,0.0,6,0.3051729065447271,
Skincare (Female Only),tbh Skincare,2022-03-01,0.0,0.0,6,0.3051729065447271,
Skincare (Female Only),tbh Skincare,2022-04-01,0.0,0.0,6,0.3051729065447271,
Skincare (Female Only),tbh Skincare,2022-05-01,0.0,0.0,6,0.3051729065447271,
Skincare (Female Only),tbh Skincare,2022-06-01,0.0,0.0,6,0.3051729065447271,
Skincare (Female Only),tbh Skincare,2022-07-01,0.0,0.0,6,0.3051729065447271,
Skincare (Female Only),tbh Skincare,2022-08-01,0.0,0.0,6,0.3051729065447271,
Skincare (Female Only),tbh Skincare,2022-09-01,0.0,0.0,6,0.3051729065447271,
Skincare (Female Only),tbh Skincare,2022-10-01,0.0,0.0,6,0.3051729065447271,
Skincare (Female Only),tbh Skincare,2022-11-01,0.0,0.0,6,0.3051729065447271,
Skincare (Female Only),tbh Skincare,2022-12-01,0.0,0.0,6,0.3051729065447271,
Skincare (Female Only),tbh Skincare,2023-01-01,0.0,0.0,6,0.3051729065447271,
Skincare (Female Only),tbh Skincare,2023-02-01,0.0,0.0,6,0.3051729065447271,
Skincare (Female Only),tbh Skincare,2023-03-01,0.4577593598170907,1.5,6,0.3051729065447271,
Skincare (Female Only),tbh Skincare,2023-04-01,2.3803486710488713,7.8,6,0.3051729065447271,
Skincare (Female Only),tbh Skincare,2023-05-01,2.2887967990854534,7.5,6,0.3051729065447271,
Skincare (Female Only),tbh Skincare,2023-06-01,2.5939697056301805,8.5,6,0.3051729065447271,
Skincare (Female Only),tbh Skincare,2023-07-01,2.6855215775935988,8.8,6,0.3051729065447271,
Skincare (Female Only),tbh Skincare,2023-08-01,2.2125035724492714,7.25,6,0.3051729065447271,
Skincare (Female Only),tbh Skincare,2023-09-01,1.7547442126321808,5.75,6,0.3051729065447271,
Skincare (Female Only),tbh Skincare,2023-10-01,2.624486996284653,8.6,6,0.3051729065447271,
Skincare (Female Only),tbh Skincare,2023-11-01,2.822849385538726,9.25,6,0.3051729065447271,
Skincare (Female Only),tbh Skincare,2023-12-01,2.441383252357817,8.0,6,0.3051729065447271,
Skincare (Female Only),tbh Skincare,2024-01-01,2.746556158902544,9.0,6,0.3051729065447271,
Skincare (Female Only),tbh Skincare,2024-02-01,3.2043155187196346,10.5,6,0.3051729065447271,
Skincare (Female Only),tbh Skincare,2024-03-01,3.1127636467562163,10.2,6,0.3051729065447271,
Skincare (Female Only),tbh Skincare,2024-04-01,2.2125035724492714,7.25,6,0.3051729065447271,
Skincare (Female Only),tbh Skincare,2024-05-01,2.13621034581309,7.0,6,0.3051729065447271,
Skincare (Female Only),tbh Skincare,2024-06-01,2.3803486710488713,7.8,6,0.3051729065447271,
Skincare (Female Only),tbh Skincare,2024-07-01,6.332337810803088,20.75,6,0.3051729065447271,
Skincare (Female Only),tbh Skincare,2024-08-01,2.2887967990854534,7.5,6,0.3051729065447271,
Skincare (Female Only),tbh Skincare,2024-09-01,2.014141183195199,6.6,6,0.3051729065447271,
Skincare (Female Only),tbh Skincare,2024-10-01,2.6702629322663625,8.75,6,0.3051729065447271,
Skincare (Female Only),tbh Skincare,2024-11-01,3.43319519862818,11.25,6,0.3051729065447271,
Skincare (Female Only),tbh Skincare,2024-12-01,2.563452414975708,8.4,6,0.3051729065447271,
Skincare (Female Only),tbh Skincare,2025-01-01,3.9672477850814527,13.0,6,0.3051729065447271,
Skincare (Female Only),tbh Skincare,2025-02-01,5.798285224349815,19.0,6,0.3051729065447271,
Skincare (Female Only),tbh Skincare,2025-03-01,4.39448985424407,14.4,6,0.3051729065447271,
Skincare (Female Only),Boost Lab,2021-08-01,1.3893997224149897,1.0,90,1.3893997224149897,
Skincare (Female Only),Boost Lab,2021-09-01,0.3473499306037474,0.25,90,1.3893997224149897,
Skincare (Female Only),Boost Lab,2021-10-01,0.0,0.0,90,1.3893997224149897,
Skincare (Female Only),Boost Lab,2021-11-01,0.0,0.0,90,1.3893997224149897,
Skincare (Female Only),Boost Lab,2021-12-01,0.0,0.0,90,1.3893997224149897,
Skincare (Female Only),Boost Lab,2022-01-01,0.27787994448299796,0.2,90,1.3893997224149897,
Skincare (Female Only),Boost Lab,2022-02-01,0.0,0.0,90,1.3893997224149897,
Skincare (Female Only),Boost Lab,2022-03-01,0.0,0.0,90,1.3893997224149897,
Skincare (Female Only),Boost Lab,2022-04-01,0.0,0.0,90,1.3893997224149897,
Skincare (Female Only),Boost Lab,2022-05-01,0.5557598889659959,0.4,90,1.3893997224149897,
Skincare (Female Only),Boost Lab,2022-06-01,0.0,0.0,90,1.3893997224149897,
Skincare (Female Only),Boost Lab,2022-07-01,0.27787994448299796,0.2,90,1.3893997224149897,
Skincare (Female Only),Boost Lab,2022-08-01,0.0,0.0,90,1.3893997224149897,
Skincare (Female Only),Boost Lab,2022-09-01,0.3473499306037474,0.25,90,1.3893997224149897,
Skincare (Female Only),Boost Lab,2022-10-01,0.27787994448299796,0.2,90,1.3893997224149897,
Skincare (Female Only),Boost Lab,2022-11-01,1.0420497918112424,0.75,90,1.3893997224149897,
Skincare (Female Only),Boost Lab,2022-12-01,1.0420497918112424,0.75,90,1.3893997224149897,
Skincare (Female Only),Boost Lab,2023-01-01,0.5557598889659959,0.4,90,1.3893997224149897,
Skincare (Female Only),Boost Lab,2023-02-01,0.6946998612074948,0.5,90,1.3893997224149897,
Skincare (Female Only),Boost Lab,2023-03-01,0.6946998612074948,0.5,90,1.3893997224149897,
Skincare (Female Only),Boost Lab,2023-04-01,1.3893997224149897,1.0,90,1.3893997224149897,
Skincare (Female Only),Boost Lab,2023-05-01,1.0420497918112424,0.75,90,1.3893997224149897,
Skincare (Female Only),Boost Lab,2023-06-01,2.0840995836224847,1.5,90,1.3893997224149897,
Skincare (Female Only),Boost Lab,2023-07-01,6.113358778625955,4.4,90,1.3893997224149897,
Skincare (Female Only),Boost Lab,2023-08-01,5.904948820263706,4.25,90,1.3893997224149897,
Skincare (Female Only),Boost Lab,2023-09-01,5.904948820263706,4.25,90,1.3893997224149897,
Skincare (Female Only),Boost Lab,2023-10-01,5.557598889659959,4.0,90,1.3893997224149897,
Skincare (Female Only),Boost Lab,2023-11-01,4.862899028452464,3.5,90,1.3893997224149897,
Skincare (Female Only),Boost Lab,2023-12-01,3.6124392782789734,2.6,90,1.3893997224149897,
Skincare (Female Only),Boost Lab,2024-01-01,2.7787994448299793,2.0,90,1.3893997224149897,
Skincare (Female Only),Boost Lab,2024-02-01,5.210248959056211,3.75,90,1.3893997224149897,
Skincare (Female Only),Boost Lab,2024-03-01,5.557598889659959,4.0,90,1.3893997224149897,
Skincare (Female Only),Boost Lab,2024-04-01,5.557598889659959,4.0,90,1.3893997224149897,
Skincare (Female Only),Boost Lab,2024-05-01,5.210248959056211,3.75,90,1.3893997224149897,
Skincare (Female Only),Boost Lab,2024-06-01,5.835478834142957,4.2,90,1.3893997224149897,
Skincare (Female Only),Boost Lab,2024-07-01,6.5996486814712005,4.75,90,1.3893997224149897,
Skincare (Female Only),Boost Lab,2024-08-01,5.557598889659959,4.0,90,1.3893997224149897,
Skincare (Female Only),Boost Lab,2024-09-01,4.723959056210965,3.4,90,1.3893997224149897,
Skincare (Female Only),Boost Lab,2024-10-01,4.862899028452464,3.5,90,1.3893997224149897,
Skincare (Female Only),Boost Lab,2024-11-01,7.294348542678696,5.25,90,1.3893997224149897,
Skincare (Female Only),Boost Lab,2024-12-01,5.557598889659959,4.0,90,1.3893997224149897,
Skincare (Female Only),Boost Lab,2025-01-01,5.904948820263706,4.25,90,1.3893997224149897,
Skincare (Female Only),Boost Lab,2025-02-01,4.862899028452464,3.5,90,1.3893997224149897,
Skincare (Female Only),Boost Lab,2025-03-01,5.279718945176961,3.8,90,1.3893997224149897,
Skincare (Female Only),Mecca Cosmetica,2021-08-01,15.283396946564887,11.0,90,1.3893997224149897,
Skincare (Female Only),Mecca Cosmetica,2021-09-01,13.893997224149896,10.0,90,1.3893997224149897,
Skincare (Female Only),Mecca Cosmetica,2021-10-01,15.00551700208189,10.8,90,1.3893997224149897,
Skincare (Female Only),Mecca Cosmetica,2021-11-01,15.978096807772381,11.5,90,1.3893997224149897,
Skincare (Female Only),Mecca Cosmetica,2021-12-01,19.451596113809856,14.0,90,1.3893997224149897,
Skincare (Female Only),Mecca Cosmetica,2022-01-01,11.94883761276891,8.6,90,1.3893997224149897,
Skincare (Female Only),Mecca Cosmetica,2022-02-01,11.115197779319917,8.0,90,1.3893997224149897,
Skincare (Female Only),Mecca Cosmetica,2022-03-01,11.115197779319917,8.0,90,1.3893997224149897,
Skincare (Female Only),Mecca Cosmetica,2022-04-01,12.851947432338655,9.25,90,1.3893997224149897,
Skincare (Female Only),Mecca Cosmetica,2022-05-01,12.22671755725191,8.8,90,1.3893997224149897,
Skincare (Female Only),Mecca Cosmetica,2022-06-01,13.199297362942401,9.5,90,1.3893997224149897,
Skincare (Female Only),Mecca Cosmetica,2022-07-01,14.171877168632893,10.2,90,1.3893997224149897,
Skincare (Female Only),Mecca Cosmetica,2022-08-01,14.936047015961138,10.75,90,1.3893997224149897,
Skincare (Female Only),Mecca Cosmetica,2022-09-01,15.283396946564887,11.0,90,1.3893997224149897,
Skincare (Female Only),Mecca Cosmetica,2022-10-01,15.561276891047884,11.2,90,1.3893997224149897,
Skincare (Female Only),Mecca Cosmetica,2022-11-01,15.978096807772381,11.5,90,1.3893997224149897,
Skincare (Female Only),Mecca Cosmetica,2022-12-01,21.188345766828593,15.25,90,1.3893997224149897,
Skincare (Female Only),Mecca Cosmetica,2023-01-01,13.6161172796669,9.8,90,1.3893997224149897,
Skincare (Female Only),Mecca Cosmetica,2023-02-01,12.504597501734906,9.0,90,1.3893997224149897,
Skincare (Female Only),Mecca Cosmetica,2023-03-01,12.15724757113116,8.75,90,1.3893997224149897,
Skincare (Female Only),Mecca Cosmetica,2023-04-01,13.060357390700903,9.4,90,1.3893997224149897,
Skincare (Female Only),Mecca Cosmetica,2023-05-01,12.851947432338655,9.25,90,1.3893997224149897,
Skincare (Female Only),Mecca Cosmetica,2023-06-01,11.115197779319917,8.0,90,1.3893997224149897,
Skincare (Female Only),Mecca Cosmetica,2023-07-01,13.3382373351839,9.6,90,1.3893997224149897,
Skincare (Female Only),Mecca Cosmetica,2023-08-01,12.851947432338655,9.25,90,1.3893997224149897,
Skincare (Female Only),Mecca Cosmetica,2023-09-01,11.462547709923665,8.25,90,1.3893997224149897,
Skincare (Female Only),Mecca Cosmetica,2023-10-01,15.00551700208189,10.8,90,1.3893997224149897,
Skincare (Female Only),Mecca Cosmetica,2023-11-01,14.241347154753644,10.25,90,1.3893997224149897,
Skincare (Female Only),Mecca Cosmetica,2023-12-01,14.72763705759889,10.6,90,1.3893997224149897,
Skincare (Female Only),Mecca Cosmetica,2024-01-01,7.989048403886191,5.75,90,1.3893997224149897,
Skincare (Female Only),Mecca Cosmetica,2024-02-01,7.641698473282443,5.5,90,1.3893997224149897,
Skincare (Female Only),Mecca Cosmetica,2024-03-01,7.224878556557947,5.2,90,1.3893997224149897,
Skincare (Female Only),Mecca Cosmetica,2024-04-01,6.946998612074948,5.0,90,1.3893997224149897,
Skincare (Female Only),Mecca Cosmetica,2024-05-01,6.946998612074948,5.0,90,1.3893997224149897,
Skincare (Female Only),Mecca Cosmetica,2024-06-01,6.66911866759195,4.8,90,1.3893997224149897,
Skincare (Female Only),Mecca Cosmetica,2024-07-01,7.294348542678696,5.25,90,1.3893997224149897,
Skincare (Female Only),Mecca Cosmetica,2024-08-01,6.252298750867453,4.5,90,1.3893997224149897,
Skincare (Female Only),Mecca Cosmetica,2024-09-01,6.66911866759195,4.8,90,1.3893997224149897,
Skincare (Female Only),Mecca Cosmetica,2024-10-01,6.252298750867453,4.5,90,1.3893997224149897,
Skincare (Female Only),Mecca Cosmetica,2024-11-01,6.5996486814712005,4.75,90,1.3893997224149897,
Skincare (Female Only),Mecca Cosmetica,2024-12-01,7.224878556557947,5.2,90,1.3893997224149897,
Skincare (Female Only),Mecca Cosmetica,2025-01-01,4.862899028452464,3.5,90,1.3893997224149897,
Skincare (Female Only),Mecca Cosmetica,2025-02-01,4.862899028452464,3.5,90,1.3893997224149897,
Skincare (Female Only),Mecca Cosmetica,2025-03-01,5.835478834142957,4.2,90,1.3893997224149897,
Skincare (Female Only),alya skin.,2021-08-01,0.0,0.0,90,1.3893997224149897,
Skincare (Female Only),alya skin.,2021-09-01,0.0,0.0,90,1.3893997224149897,
Skincare (Female Only),alya skin.,2021-10-01,0.0,0.0,90,1.3893997224149897,
Skincare (Female Only),alya skin.,2021-11-01,0.0,0.0,90,1.3893997224149897,
Skincare (Female Only),alya skin.,2021-12-01,0.0,0.0,90,1.3893997224149897,
Skincare (Female Only),alya skin.,2022-01-01,0.0,0.0,90,1.3893997224149897,
Skincare (Female Only),alya skin.,2022-02-01,0.0,0.0,90,1.3893997224149897,
Skincare (Female Only),alya skin.,2022-03-01,0.0,0.0,90,1.3893997224149897,
Skincare (Female Only),alya skin.,2022-04-01,0.0,0.0,90,1.3893997224149897,
Skincare (Female Only),alya skin.,2022-05-01,0.0,0.0,90,1.3893997224149897,
Skincare (Female Only),alya skin.,2022-06-01,0.0,0.0,90,1.3893997224149897,
Skincare (Female Only),alya skin.,2022-07-01,0.0,0.0,90,1.3893997224149897,
Skincare (Female Only),alya skin.,2022-08-01,0.0,0.0,90,1.3893997224149897,
Skincare (Female Only),alya skin.,2022-09-01,0.0,0.0,90,1.3893997224149897,
Skincare (Female Only),alya skin.,2022-10-01,0.0,0.0,90,1.3893997224149897,
Skincare (Female Only),alya skin.,2022-11-01,0.0,0.0,90,1.3893997224149897,
Skincare (Female Only),alya skin.,2022-12-01,0.0,0.0,90,1.3893997224149897,
Skincare (Female Only),alya skin.,2023-01-01,0.0,0.0,90,1.3893997224149897,
Skincare (Female Only),alya skin.,2023-02-01,0.0,0.0,90,1.3893997224149897,
Skincare (Female Only),alya skin.,2023-03-01,0.0,0.0,90,1.3893997224149897,
Skincare (Female Only),alya skin.,2023-04-01,0.0,0.0,90,1.3893997224149897,
Skincare (Female Only),alya skin.,2023-05-01,0.0,0.0,90,1.3893997224149897,
Skincare (Female Only),alya skin.,2023-06-01,0.0,0.0,90,1.3893997224149897,
Skincare (Female Only),alya skin.,2023-07-01,0.0,0.0,90,1.3893997224149897,
Skincare (Female Only),alya skin.,2023-08-01,0.0,0.0,90,1.3893997224149897,
Skincare (Female Only),alya skin.,2023-09-01,0.0,0.0,90,1.3893997224149897,
Skincare (Female Only),alya skin.,2023-10-01,0.0,0.0,90,1.3893997224149897,
Skincare (Female Only),alya skin.,2023-11-01,0.0,0.0,90,1.3893997224149897,
Skincare (Female Only),alya skin.,2023-12-01,0.0,0.0,90,1.3893997224149897,
Skincare (Female Only),alya skin.,2024-01-01,0.0,0.0,90,1.3893997224149897,
Skincare (Female Only),alya skin.,2024-02-01,0.0,0.0,90,1.3893997224149897,
Skincare (Female Only),alya skin.,2024-03-01,0.0,0.0,90,1.3893997224149897,
Skincare (Female Only),alya skin.,2024-04-01,0.0,0.0,90,1.3893997224149897,
Skincare (Female Only),alya skin.,2024-05-01,0.0,0.0,90,1.3893997224149897,
Skincare (Female Only),alya skin.,2024-06-01,0.0,0.0,90,1.3893997224149897,
Skincare (Female Only),alya skin.,2024-07-01,0.0,0.0,90,1.3893997224149897,
Skincare (Female Only),alya skin.,2024-08-01,0.0,0.0,90,1.3893997224149897,
Skincare (Female Only),alya skin.,2024-09-01,0.0,0.0,90,1.3893997224149897,
Skincare (Female Only),alya skin.,2024-10-01,0.0,0.0,90,1.3893997224149897,
Skincare (Female Only),alya skin.,2024-11-01,0.0,0.0,90,1.3893997224149897,
Skincare (Female Only),alya skin.,2024-12-01,0.0,0.0,90,1.3893997224149897,
Skincare (Female Only),alya skin.,2025-01-01,0.0,0.0,90,1.3893997224149897,
Skincare (Female Only),alya skin.,2025-02-01,0.0,0.0,90,1.3893997224149897,
Skincare (Female Only),alya skin.,2025-03-01,0.0,0.0,90,1.3893997224149897,
Skincare (Female Only),endota,2021-08-01,33.345593337959755,24.0,90,1.3893997224149897,
Skincare (Female Only),endota,2021-09-01,39.25054215822346,28.25,90,1.3893997224149897,
Skincare (Female Only),endota,2021-10-01,68.63634628730048,49.4,90,1.3893997224149897,
Skincare (Female Only),endota,2021-11-01,88.5742323039556,63.75,90,1.3893997224149897,
Skincare (Female Only),endota,2021-12-01,116.36222675225538,83.75,90,1.3893997224149897,
Skincare (Female Only),endota,2022-01-01,78.36214434420542,56.4,90,1.3893997224149897,
Skincare (Female Only),endota,2022-02-01,79.19578417765442,57.0,90,1.3893997224149897,
Skincare (Female Only),endota,2022-03-01,72.59613549618321,52.25,90,1.3893997224149897,
Skincare (Female Only),endota,2022-04-01,74.6802350798057,53.75,90,1.3893997224149897,
Skincare (Female Only),endota,2022-05-01,87.25430256766134,62.8,90,1.3893997224149897,
Skincare (Female Only),endota,2022-06-01,75.72228487161694,54.5,90,1.3893997224149897,
Skincare (Female Only),endota,2022-07-01,73.91606523247745,53.2,90,1.3893997224149897,
Skincare (Female Only),endota,2022-08-01,76.41698473282443,55.0,90,1.3893997224149897,
Skincare (Female Only),endota,2022-09-01,76.76433466342817,55.25,90,1.3893997224149897,
Skincare (Female Only),endota,2022-10-01,70.30362595419848,50.6,90,1.3893997224149897,
Skincare (Female Only),endota,2022-11-01,76.41698473282443,55.0,90,1.3893997224149897,
Skincare (Female Only),endota,2022-12-01,109.76257807078419,79.0,90,1.3893997224149897,
Skincare (Female Only),endota,2023-01-01,81.4188237335184,58.6,90,1.3893997224149897,
Skincare (Female Only),endota,2023-02-01,69.12263619014574,49.75,90,1.3893997224149897,
Skincare (Female Only),endota,2023-03-01,68.42793632893824,49.25,90,1.3893997224149897,
Skincare (Female Only),endota,2023-04-01,70.58150589868147,50.8,90,1.3893997224149897,
Skincare (Female Only),endota,2023-05-01,78.50108431644692,56.5,90,1.3893997224149897,
Skincare (Female Only),endota,2023-06-01,68.77528625954199,49.5,90,1.3893997224149897,
Skincare (Female Only),endota,2023-07-01,68.91422623178349,49.6,90,1.3893997224149897,
Skincare (Female Only),endota,2023-08-01,66.34383674531576,47.75,90,1.3893997224149897,
Skincare (Female Only),endota,2023-09-01,69.12263619014574,49.75,90,1.3893997224149897,
Skincare (Female Only),endota,2023-10-01,66.69118667591951,48.0,90,1.3893997224149897,
Skincare (Female Only),endota,2023-11-01,72.24878556557947,52.0,90,1.3893997224149897,
Skincare (Female Only),endota,2023-12-01,108.09529840388619,77.8,90,1.3893997224149897,
Skincare (Female Only),endota,2024-01-01,73.63818528799445,53.0,90,1.3893997224149897,
Skincare (Female Only),endota,2024-02-01,72.59613549618321,52.25,90,1.3893997224149897,
Skincare (Female Only),endota,2024-03-01,62.80086745315754,45.2,90,1.3893997224149897,
Skincare (Female Only),endota,2024-04-01,73.2908353573907,52.75,90,1.3893997224149897,
Skincare (Female Only),endota,2024-05-01,78.84843424705066,56.75,90,1.3893997224149897,
Skincare (Female Only),endota,2024-06-01,67.24694656488549,48.4,90,1.3893997224149897,
Skincare (Female Only),endota,2024-07-01,68.08058639833449,49.0,90,1.3893997224149897,
Skincare (Female Only),endota,2024-08-01,63.912387231089525,46.0,90,1.3893997224149897,
Skincare (Female Only),endota,2024-09-01,66.69118667591951,48.0,90,1.3893997224149897,
Skincare (Female Only),endota,2024-10-01,60.0915379944483,43.25,90,1.3893997224149897,
Skincare (Female Only),endota,2024-11-01,70.16468598195698,50.5,90,1.3893997224149897,
Skincare (Female Only),endota,2024-12-01,104.20497918112423,75.0,90,1.3893997224149897,
Skincare (Female Only),endota,2025-01-01,69.81733605135324,50.25,90,1.3893997224149897,
Skincare (Female Only),endota,2025-02-01,67.73323646773075,48.75,90,1.3893997224149897,
Skincare (Female Only),endota,2025-03-01,63.912387231089525,46.0,90,1.3893997224149897,
