category_name,brand_name,month,trends_index,raw_index,batch,scale_factor,stitch_flag
Skincare (Female Only),Sukin,2021-08-01,20.0,20.0,0,1.0,
Skincare (Female Only),Sukin,2021-09-01,19.25,19.25,0,1.0,
Skincare (Female Only),Sukin,2021-10-01,17.4,17.4,0,1.0,
Skincare (Female Only),Sukin,2021-11-01,18.5,18.5,0,1.0,
Skincare (Female Only),Sukin,2021-12-01,19.25,19.25,0,1.0,
Skincare (Female Only),Sukin,2022-01-01,18.6,18.6,0,1.0,
Skincare (Female Only),Sukin,2022-02-01,16.75,16.75,0,1.0,
Skincare (Female Only),Sukin,2022-03-01,17.75,17.75,0,1.0,
Skincare (Female Only),Sukin,2022-04-01,22.75,22.75,0,1.0,
Skincare (Female Only),Sukin,2022-05-01,21.0,21.0,0,1.0,
Skincare (Female Only),Sukin,2022-06-01,19.5,19.5,0,1.0,
Skincare (Female Only),Sukin,2022-07-01,18.2,18.2,0,1.0,
Skincare (Female Only),Sukin,2022-08-01,19.75,19.75,0,1.0,
Skincare (Female Only),Sukin,2022-09-01,18.75,18.75,0,1.0,
Skincare (Female Only),Sukin,2022-10-01,17.2,17.2,0,1.0,
Skincare (Female Only),Sukin,2022-11-01,20.5,20.5,0,1.0,
Skincare (Female Only),Sukin,2022-12-01,20.5,20.5,0,1.0,
Skincare (Female Only),Sukin,2023-01-01,19.8,19.8,0,1.0,
Skincare (Female Only),Sukin,2023-02-01,19.0,19.0,0,1.0,
Skincare (Female Only),Sukin,2023-03-01,18.5,18.5,0,1.0,
Skincare (Female Only),Sukin,2023-04-01,24.0,24.0,0,1.0,
Skincare (Female Only),Sukin,2023-05-01,19.0,19.0,0,1.0,
Skincare (Female Only),Sukin,2023-06-01,21.75,21.75,0,1.0,
Skincare (Female Only),Sukin,2023-07-01,21.2,21.2,0,1.0,
Skincare (Female Only),Sukin,2023-08-01,21.75,21.75,0,1.0,
Skincare (Female Only),Sukin,2023-09-01,20.0,20.0,0,1.0,
Skincare (Female Only),Sukin,2023-10-01,20.6,20.6,0,1.0,
Skincare (Female Only),Sukin,2023-11-01,22.75,22.75,0,1.0,
Skincare (Female Only),Sukin,2023-12-01,22.4,22.4,0,1.0,
Skincare (Female Only),Sukin,2024-01-01,21.0,21.0,0,1.0,
Skincare (Female Only),Sukin,2024-02-01,17.5,17.5,0,1.0,
Skincare (Female Only),Sukin,2024-03-01,17.6,17.6,0,1.0,
Skincare (Female Only),Sukin,2024-04-01,18.25,18.25,0,1.0,
Skincare (Female Only),Sukin,2024-05-01,17.5,17.5,0,1.0,
Skincare (Female Only),Sukin,2024-06-01,17.4,17.4,0,1.0,
Skincare (Female Only),Sukin,2024-07-01,18.0,18.0,0,1.0,
Skincare (Female Only),Sukin,2024-08-01,16.75,16.75,0,1.0,
Skincare (Female Only),Sukin,2024-09-01,16.4,16.4,0,1.0,
Skincare (Female Only),Sukin,2024-10-01,18.25,18.25,0,1.0,
Skincare (Female Only),Sukin,2024-11-01,17.5,17.5,0,1.0,
Skincare (Female Only),Sukin,2024-12-01,19.8,19.8,0,1.0,
Skincare (Female Only),Sukin,2025-01-01,18.0,18.0,0,1.0,
Skincare (Female Only),Sukin,2025-02-01,18.25,18.25,0,1.0,
Skincare (Female Only),Sukin,2025-03-01,16.4,16.4,0,1.0,
Skincare (Female Only),Aesop,2021-08-01,34.0,34.0,0,1.0,
Skincare (Female Only),Aesop,2021-09-01,33.25,33.25,0,1.0,
Skincare (Female Only),Aesop,2021-10-01,30.8,30.8,0,1.0,
Skincare (Female Only),Aesop,2021-11-01,46.5,46.5,0,1.0,
Skincare (Female Only),Aesop,2021-12-01,58.25,58.25,0,1.0,
Skincare (Female Only),Aesop,2022-01-01,34.4,34.4,0,1.0,
Skincare (Female Only),Aesop,2022-02-01,35.75,35.75,0,1.0,
Skincare (Female Only),Aesop,2022-03-01,36.0,36.0,0,1.0,
Skincare (Female Only),Aesop,2022-04-01,37.75,37.75,0,1.0,
Skincare (Female Only),Aesop,2022-05-01,37.6,37.6,0,1.0,
Skincare (Female Only),Aesop,2022-06-01,35.0,35.0,0,1.0,
Skincare (Female Only),Aesop,2022-07-01,36.2,36.2,0,1.0,
Skincare (Female Only),Aesop,2022-08-01,38.75,38.75,0,1.0,
Skincare (Female Only),Aesop,2022-09-01,36.5,36.5,0,1.0,
Skincare (Female Only),Aesop,2022-10-01,39.0,39.0,0,1.0,
Skincare (Female Only),Aesop,2022-11-01,57.25,57.25,0,1.0,
Skincare (Female Only),Aesop,2022-12-01,74.0,74.0,0,1.0,
Skincare (Female Only),Aesop,2023-01-01,40.0,40.0,0,1.0,
Skincare (Female Only),Aesop,2023-02-01,45.75,45.75,0,1.0,
Skincare (Female Only),Aesop,2023-03-01,39.25,39.25,0,1.0,
Skincare (Female Only),Aesop,2023-04-01,56.4,56.4,0,1.0,
Skincare (Female Only),Aesop,2023-05-01,41.5,41.5,0,1.0,
Skincare (Female Only),Aesop,2023-06-01,39.25,39.25,0,1.0,
Skincare (Female Only),Aesop,2023-07-01,38.8,38.8,0,1.0,
Skincare (Female Only),Aesop,2023-08-01,42.0,42.0,0,1.0,
Skincare (Female Only),Aesop,2023-09-01,41.0,41.0,0,1.0,
Skincare (Female Only),Aesop,2023-10-01,43.2,43.2,0,1.0,
Skincare (Female Only),Aesop,2023-11-01,58.25,58.25,0,1.0,
Skincare (Female Only),Aesop,2023-12-01,71.6,71.6,0,1.0,
Skincare (Female Only),Aesop,2024-01-01,39.0,39.0,0,1.0,
Skincare (Female Only),Aesop,2024-02-01,40.25,40.25,0,1.0,
Skincare (Female Only),Aesop,2024-03-01,37.8,37.8,0,1.0,
Skincare (Female Only),Aesop,2024-04-01,43.0,43.0,0,1.0,
Skincare (Female Only),Aesop,2024-05-01,45.0,45.0,0,1.0,
Skincare (Female Only),Aesop,2024-06-01,40.8,40.8,0,1.0,
Skincare (Female Only),Aesop,2024-07-01,41.25,41.25,0,1.0,
Skincare (Female Only),Aesop,2024-08-01,43.5,43.5,0,1.0,
Skincare (Female Only),Aesop,2024-09-01,45.6,45.6,0,1.0,
Skincare (Female Only),Aesop,2024-10-01,45.0,45.0,0,1.0,
Skincare (Female Only),Aesop,2024-11-01,62.0,62.0,0,1.0,
Skincare (Female Only),Aesop,2024-12-01,80.4,80.4,0,1.0,
Skincare (Female Only),Aesop,2025-01-01,42.0,42.0,0,1.0,
Skincare (Female Only),Aesop,2025-02-01,44.0,44.0,0,1.0,
Skincare (Female Only),Aesop,2025-03-01,40.8,40.8,0,1.0,
Skincare (Female Only),Avène,2021-08-01,0.0,0.0,0,1.0,
Skincare (Female Only),Avène,2021-09-01,0.0,0.0,0,1.0,
Skincare (Female Only),Avène,2021-10-01,0.0,0.0,0,1.0,
Skincare (Female Only),Avène,2021-11-01,0.0,0.0,0,1.0,
Skincare (Female Only),Avène,2021-12-01,0.0,0.0,0,1.0,
Skincare (Female Only),Avène,2022-01-01,0.4,0.4,0,1.0,
Skincare (Female Only),Avène,2022-02-01,0.0,0.0,0,1.0,
Skincare (Female Only),Avène,2022-03-01,0.0,0.0,0,1.0,
Skincare (Female Only),Avène,2022-04-01,0.0,0.0,0,1.0,
Skincare (Female Only),Avène,2022-05-01,0.0,0.0,0,1.0,
Skincare (Female Only),Avène,2022-06-01,0.0,0.0,0,1.0,
Skincare (Female Only),Avène,2022-07-01,0.0,0.0,0,1.0,
Skincare (Female Only),Avène,2022-08-01,0.0,0.0,0,1.0,
Skincare (Female Only),Avène,2022-09-01,0.0,0.0,0,1.0,
Skincare (Female Only),Avène,2022-10-01,0.0,0.0,0,1.0,
Skincare (Female Only),Avène,2022-11-01,0.0,0.0,0,1.0,
Skincare (Female Only),Avène,2022-12-01,0.0,0.0,0,1.0,
Skincare (Female Only),Avène,2023-01-01,0.0,0.0,0,1.0,
Skincare (Female Only),Avène,2023-02-01,0.0,0.0,0,1.0,
Skincare (Female Only),Avène,2023-03-01,0.0,0.0,0,1.0,
Skincare (Female Only),Avène,2023-04-01,0.4,0.4,0,1.0,
Skincare (Female Only),Avène,2023-05-01,0.0,0.0,0,1.0,
Skincare (Female Only),Avène,2023-06-01,0.75,0.75,0,1.0,
Skincare (Female Only),Avène,2023-07-01,0.8,0.8,0,1.0,
Skincare (Female Only),Avène,2023-08-01,0.0,0.0,0,1.0,
Skincare (Female Only),Avène,2023-09-01,0.75,0.75,0,1.0,
Skincare (Female Only),Avène,2023-10-01,0.6,0.6,0,1.0,
Skincare (Female Only),Avène,2023-11-01,0.25,0.25,0,1.0,
Skincare (Female Only),Avène,2023-12-01,0.4,0.4,0,1.0,
Skincare (Female Only),Avène,2024-01-01,1.25,1.25,0,1.0,
Skincare (Female Only),Avène,2024-02-01,0.5,0.5,0,1.0,
Skincare (Female Only),Avène,2024-03-01,0.4,0.4,0,1.0,
Skincare (Female Only),Avène,2024-04-01,1.75,1.75,0,1.0,
Skincare (Female Only),Avène,2024-05-01,0.25,0.25,0,1.0,
Skincare (Female Only),Avène,2024-06-01,0.0,0.0,0,1.0,
Skincare (Female Only),Avène,2024-07-01,0.75,0.75,0,1.0,
Skincare (Female Only),Avène,2024-08-01,0.5,0.5,0,1.0,
Skincare (Female Only),Avène,2024-09-01,0.8,0.8,0,1.0,
Skincare (Female Only),Avène,2024-10-01,0.0,0.0,0,1.0,
Skincare (Female Only),Avène,2024-11-01,0.5,0.5,0,1.0,
Skincare (Female Only),Avène,2024-12-01,0.4,0.4,0,1.0,
Skincare (Female Only),Avène,2025-01-01,1.5,1.5,0,1.0,
Skincare (Female Only),Avène,2025-02-01,0.5,0.5,0,1.0,
Skincare (Female Only),Avène,2025-03-01,0.0,0.0,0,1.0,
Skincare (Female Only),Bangn Body,2021-08-01,2.0,2.0,0,1.0,
Skincare (Female Only),Bangn Body,2021-09-01,2.75,2.75,0,1.0,
Skincare (Female Only),Bangn Body,2021-10-01,3.0,3.0,0,1.0,
Skincare (Female Only),Bangn Body,2021-11-01,3.25,3.25,0,1.0,
Skincare (Female Only),Bangn Body,2021-12-01,3.0,3.0,0,1.0,
Skincare (Female Only),Bangn Body,2022-01-01,2.4,2.4,0,1.0,
Skincare (Female Only),Bangn Body,2022-02-01,1.75,1.75,0,1.0,
Skincare (Female Only),Bangn Body,2022-03-01,2.75,2.75,0,1.0,
Skincare (Female Only),Bangn Body,2022-04-01,1.5,1.5,0,1.0,
Skincare (Female Only),Bangn Body,2022-05-01,1.4,1.4,0,1.0,
Skincare (Female Only),Bangn Body,2022-06-01,2.0,2.0,0,1.0,
Skincare (Female Only),Bangn Body,2022-07-01,1.2,1.2,0,1.0,
Skincare (Female Only),Bangn Body,2022-08-01,2.0,2.0,0,1.0,
Skincare (Female Only),Bangn Body,2022-09-01,2.0,2.0,0,1.0,
Skincare (Female Only),Bangn Body,2022-10-01,2.2,2.2,0,1.0,
Skincare (Female Only),Bangn Body,2022-11-01,3.5,3.5,0,1.0,
Skincare (Female Only),Bangn Body,2022-12-01,3.0,3.0,0,1.0,
Skincare (Female Only),Bangn Body,2023-01-01,2.6,2.6,0,1.0,
Skincare (Female Only),Bangn Body,2023-02-01,1.5,1.5,0,1.0,
Skincare (Female Only),Bangn Body,2023-03-01,1.75,1.75,0,1.0,
Skincare (Female Only),Bangn Body,2023-04-01,2.2,2.2,0,1.0,
Skincare (Female Only),Bangn Body,2023-05-01,1.5,1.5,0,1.0,
Skincare (Female Only),Bangn Body,2023-06-01,2.25,2.25,0,1.0,
Skincare (Female Only),Bangn Body,2023-07-01,2.6,2.6,0,1.0,
Skincare (Female Only),Bangn Body,2023-08-01,2.5,2.5,0,1.0,
Skincare (Female Only),Bangn Body,2023-09-01,2.75,2.75,0,1.0,
Skincare (Female Only),Bangn Body,2023-10-01,2.6,2.6,0,1.0,
Skincare (Female Only),Bangn Body,2023-11-01,4.0,4.0,0,1.0,
Skincare (Female Only),Bangn Body,2023-12-01,3.4,3.4,0,1.0,
Skincare (Female Only),Bangn Body,2024-01-01,1.5,1.5,0,1.0,
Skincare (Female Only),Bangn Body,2024-02-01,3.0,3.0,0,1.0,
Skincare (Female Only),Bangn Body,2024-03-01,2.4,2.4,0,1.0,
Skincare (Female Only),Bangn Body,2024-04-01,2.75,2.75,0,1.0,
Skincare (Female Only),Bangn Body,2024-05-01,1.5,1.5,0,1.0,
Skincare (Female Only),Bangn Body,2024-06-01,2.0,2.0,0,1.0,
Skincare (Female Only),Bangn Body,2024-07-01,1.5,1.5,0,1.0,
Skincare (Female Only),Bangn Body,2024-08-01,2.75,2.75,0,1.0,
Skincare (Female Only),Bangn Body,2024-09-01,2.8,2.8,0,1.0,
Skincare (Female Only),Bangn Body,2024-10-01,4.25,4.25,0,1.0,
Skincare (Female Only),Bangn Body,2024-11-01,5.5,5.5,0,1.0,
Skincare (Female Only),Bangn Body,2024-12-01,3.2,3.2,0,1.0,
Skincare (Female Only),Bangn Body,2025-01-01,3.25,3.25,0,1.0,
Skincare (Female Only),Bangn Body,2025-02-01,2.5,2.5,0,1.0,
Skincare (Female Only),Bangn Body,2025-03-01,3.8,3.8,0,1.0,
Skincare (Female Only),Benzac,2021-08-01,4.0,4.0,0,1.0,
Skincare (Female Only),Benzac,2021-09-01,5.25,5.25,0,1.0,
Skincare (Female Only),Benzac,2021-10-01,5.0,5.0,0,1.0,
Skincare (Female Only),Benzac,2021-11-01,6.25,6.25,0,1.0,
Skincare (Female Only),Benzac,2021-12-01,5.75,5.75,0,1.0,
Skincare (Female Only),Benzac,2022-01-01,5.8,5.8,0,1.0,
Skincare (Female Only),Benzac,2022-02-01,6.75,6.75,0,1.0,
Skincare (Female Only),Benzac,2022-03-01,7.0,7.0,0,1.0,
Skincare (Female Only),Benzac,2022-04-01,7.0,7.0,0,1.0,
Skincare (Female Only),Benzac,2022-05-01,8.0,8.0,0,1.0,
Skincare (Female Only),Benzac,2022-06-01,7.0,7.0,0,1.0,
Skincare (Female Only),Benzac,2022-07-01,7.2,7.2,0,1.0,
Skincare (Female Only),Benzac,2022-08-01,7.5,7.5,0,1.0,
Skincare (Female Only),Benzac,2022-09-01,6.75,6.75,0,1.0,
Skincare (Female Only),Benzac,2022-10-01,6.2,6.2,0,1.0,
Skincare (Female Only),Benzac,2022-11-01,7.0,7.0,0,1.0,
Skincare (Female Only),Benzac,2022-12-01,6.75,6.75,0,1.0,
Skincare (Female Only),Benzac,2023-01-01,7.0,7.0,0,1.0,
Skincare (Female Only),Benzac,2023-02-01,6.75,6.75,0,1.0,
Skincare (Female Only),Benzac,2023-03-01,7.0,7.0,0,1.0,
Skincare (Female Only),Benzac,2023-04-01,8.0,8.0,0,1.0,
Skincare (Female Only),Benzac,2023-05-01,7.0,7.0,0,1.0,
Skincare (Female Only),Benzac,2023-06-01,7.25,7.25,0,1.0,
Skincare (Female Only),Benzac,2023-07-01,7.0,7.0,0,1.0,
Skincare (Female Only),Benzac,2023-08-01,7.5,7.5,0,1.0,
Skincare (Female Only),Benzac,2023-09-01,7.75,7.75,0,1.0,
Skincare (Female Only),Benzac,2023-10-01,8.2,8.2,0,1.0,
Skincare (Female Only),Benzac,2023-11-01,7.75,7.75,0,1.0,
Skincare (Female Only),Benzac,2023-12-01,8.6,8.6,0,1.0,
Skincare (Female Only),Benzac,2024-01-01,9.0,9.0,0,1.0,
Skincare (Female Only),Benzac,2024-02-01,7.5,7.5,0,1.0,
Skincare (Female Only),Benzac,2024-03-01,8.8,8.8,0,1.0,
Skincare (Female Only),Benzac,2024-04-01,9.0,9.0,0,1.0,
Skincare (Female Only),Benzac,2024-05-01,8.5,8.5,0,1.0,
Skincare (Female Only),Benzac,2024-06-01,9.6,9.6,0,1.0,
Skincare (Female Only),Benzac,2024-07-01,8.75,8.75,0,1.0,
Skincare (Female Only),Benzac,2024-08-01,8.25,8.25,0,1.0,
Skincare (Female Only),Benzac,2024-09-01,8.4,8.4,0,1.0,
Skincare (Female Only),Benzac,2024-10-01,7.25,7.25,0,1.0,
Skincare (Female Only),Benzac,2024-11-01,8.75,8.75,0,1.0,
Skincare (Female Only),Benzac,2024-12-01,8.4,8.4,0,1.0,
Skincare (Female Only),Benzac,2025-01-01,9.5,9.5,0,1.0,
Skincare (Female Only),Benzac,2025-02-01,9.75,9.75,0,1.0,
Skincare (Female Only),Benzac,2025-03-01,8.8,8.8,0,1.0,
Skincare (Female Only),Bondi Sands,2021-08-01,16.05373863482155,14.0,1,1.1466956167729678,
Skincare (Female Only),Bondi Sands,2021-09-01,22.360564527072874,19.5,1,1.1466956167729678,
Skincare (Female Only),Bondi Sands,2021-10-01,25.685981815714477,22.4,1,1.1466956167729678,
Skincare (Female Only),Bondi Sands,2021-11-01,32.39415117383634,28.25,1,1.1466956167729678,
Skincare (Female Only),Bondi Sands,2021-12-01,33.254172886416065,29.0,1,1.1466956167729678,
Skincare (Female Only),Bondi Sands,2022-01-01,23.851268828877732,20.8,1,1.1466956167729678,
Skincare (Female Only),Bondi Sands,2022-02-01,19.780499389333695,17.25,1,1.1466956167729678,
Skincare (Female Only),Bondi Sands,2022-03-01,17.48710815578776,15.25,1,1.1466956167729678,
Skincare (Female Only),Bondi Sands,2022-04-01,18.63380377256073,16.25,1,1.1466956167729678,
Skincare (Female Only),Bondi Sands,2022-05-01,17.659112498303706,15.4,1,1.1466956167729678,
Skincare (Female Only),Bondi Sands,2022-06-01,18.92047767675397,16.5,1,1.1466956167729678,
Skincare (Female Only),Bondi Sands,2022-07-01,21.328538471977204,18.6,1,1.1466956167729678,
Skincare (Female Only),Bondi Sands,2022-08-01,24.94062966481205,21.75,1,1.1466956167729678,
Skincare (Female Only),Bondi Sands,2022-09-01,32.1074772696431,28.0,1,1.1466956167729678,
Skincare (Female Only),Bondi Sands,2022-10-01,34.63020762654363,30.2,1,1.1466956167729678,
Skincare (Female Only),Bondi Sands,2022-11-01,40.42102049124711,35.25,1,1.1466956167729678,
Skincare (Female Only),Bondi Sands,2022-12-01,39.84767268286063,34.75,1,1.1466956167729678,
Skincare (Female Only),Bondi Sands,2023-01-01,36.92359886008957,32.2,1,1.1466956167729678,
Skincare (Female Only),Bondi Sands,2023-02-01,27.520694802551226,24.0,1,1.1466956167729678,
Skincare (Female Only),Bondi Sands,2023-03-01,22.933912335459357,20.0,1,1.1466956167729678,
Skincare (Female Only),Bondi Sands,2023-04-01,25.915320939069076,22.6,1,1.1466956167729678,
Skincare (Female Only),Bondi Sands,2023-05-01,25.800651377391777,22.5,1,1.1466956167729678,
Skincare (Female Only),Bondi Sands,2023-06-01,28.667390419324196,25.0,1,1.1466956167729678,
Skincare (Female Only),Bondi Sands,2023-07-01,31.190120776224724,27.2,1,1.1466956167729678,
Skincare (Female Only),Bondi Sands,2023-08-01,30.67410774867689,26.75,1,1.1466956167729678,
Skincare (Female Only),Bondi Sands,2023-09-01,43.001085628986296,37.5,1,1.1466956167729678,
Skincare (Female Only),Bondi Sands,2023-10-01,37.38227710679875,32.6,1,1.1466956167729678,
Skincare (Female Only),Bondi Sands,2023-11-01,41.28104220382684,36.0,1,1.1466956167729678,
Skincare (Female Only),Bondi Sands,2023-12-01,39.90500746369928,34.8,1,1.1466956167729678,
Skincare (Female Only),Bondi Sands,2024-01-01,33.82752069480255,29.5,1,1.1466956167729678,
Skincare (Female Only),Bondi Sands,2024-02-01,24.94062966481205,21.75,1,1.1466956167729678,
Skincare (Female Only),Bondi Sands,2024-03-01,23.62192970552314,20.6,1,1.1466956167729678,
Skincare (Female Only),Bondi Sands,2024-04-01,22.647238431266114,19.75,1,1.1466956167729678,
Skincare (Female Only),Bondi Sands,2024-05-01,22.07389062287963,19.25,1,1.1466956167729678,
Skincare (Female Only),Bondi Sands,2024-06-01,23.16325145881395,20.2,1,1.1466956167729678,
Skincare (Female Only),Bondi Sands,2024-07-01,24.94062966481205,21.75,1,1.1466956167729678,
Skincare (Female Only),Bondi Sands,2024-08-01,26.947346994164743,23.5,1,1.1466956167729678,
Skincare (Female Only),Bondi Sands,2024-09-01,31.878138146288507,27.8,1,1.1466956167729678,
Skincare (Female Only),Bondi Sands,2024-10-01,31.534129461256615,27.5,1,1.1466956167729678,
Skincare (Female Only),Bondi Sands,2024-11-01,34.97421631157552,30.5,1,1.1466956167729678,
Skincare (Female Only),Bondi Sands,2024-12-01,35.08888587325282,30.6,1,1.1466956167729678,
Skincare (Female Only),Bondi Sands,2025-01-01,29.24073822771068,25.5,1,1.1466956167729678,
Skincare (Female Only),Bondi Sands,2025-02-01,24.653955760618807,21.5,1,1.1466956167729678,
Skincare (Female Only),Bondi Sands,2025-03-01,24.080607952232324,21.0,1,1.1466956167729678,
Skincare (Female Only),Boost Lab,2021-08-01,2.2933912335459357,2.0,1,1.1466956167729678,
Skincare (Female Only),Boost Lab,2021-09-01,0.5733478083864839,0.5,1,1.1466956167729678,
Skincare (Female Only),Boost Lab,2021-10-01,0.0,0.0,1,1.1466956167729678,
Skincare (Female Only),Boost Lab,2021-11-01,0.0,0.0,1,1.1466956167729678,
Skincare (Female Only),Boost Lab,2021-12-01,0.0,0.0,1,1.1466956167729678,
Skincare (Female Only),Boost Lab,2022-01-01,0.22933912335459358,0.2,1,1.1466956167729678,
Skincare (Female Only),Boost Lab,2022-02-01,0.0,0.0,1,1.1466956167729678,
Skincare (Female Only),Boost Lab,2022-03-01,0.0,0.0,1,1.1466956167729678,
Skincare (Female Only),Boost Lab,2022-04-01,0.0,0.0,1,1.1466956167729678,
Skincare (Female Only),Boost Lab,2022-05-01,0.45867824670918717,0.4,1,1.1466956167729678,
Skincare (Female Only),Boost Lab,2022-06-01,0.0,0.0,1,1.1466956167729678,
Skincare (Female Only),Boost Lab,2022-07-01,0.45867824670918717,0.4,1,1.1466956167729678,
Skincare (Female Only),Boost Lab,2022-08-01,0.0,0.0,1,1.1466956167729678,
Skincare (Female Only),Boost Lab,2022-09-01,0.28667390419324196,0.25,1,1.1466956167729678,
Skincare (Female Only),Boost Lab,2022-10-01,0.22933912335459358,0.2,1,1.1466956167729678,
Skincare (Female Only),Boost Lab,2022-11-01,1.1466956167729678,1.0,1,1.1466956167729678,
Skincare (Female Only),Boost Lab,2022-12-01,0.8600217125797258,0.75,1,1.1466956167729678,
Skincare (Female Only),Boost Lab,2023-01-01,0.45867824670918717,0.4,1,1.1466956167729678,
Skincare (Female Only),Boost Lab,2023-02-01,0.8600217125797258,0.75,1,1.1466956167729678,
Skincare (Female Only),Boost Lab,2023-03-01,0.5733478083864839,0.5,1,1.1466956167729678,
Skincare (Female Only),Boost Lab,2023-04-01,1.3760347401275614,1.2,1,1.1466956167729678,
Skincare (Female Only),Boost Lab,2023-05-01,1.4333695209662098,1.25,1,1.1466956167729678,
Skincare (Female Only),Boost Lab,2023-06-01,2.0067173293526936,1.75,1,1.1466956167729678,
Skincare (Female Only),Boost Lab,2023-07-01,6.650834577283213,5.8,1,1.1466956167729678,
Skincare (Female Only),Boost Lab,2023-08-01,6.020151988058081,5.25,1,1.1466956167729678,
Skincare (Female Only),Boost Lab,2023-09-01,6.593499796444565,5.75,1,1.1466956167729678,
Skincare (Female Only),Boost Lab,2023-10-01,5.733478083864839,5.0,1,1.1466956167729678,
Skincare (Female Only),Boost Lab,2023-11-01,5.733478083864839,5.0,1,1.1466956167729678,
Skincare (Female Only),Boost Lab,2023-12-01,4.128104220382684,3.6,1,1.1466956167729678,
Skincare (Female Only),Boost Lab,2024-01-01,2.8667390419324197,2.5,1,1.1466956167729678,
Skincare (Female Only),Boost Lab,2024-02-01,5.733478083864839,5.0,1,1.1466956167729678,
Skincare (Female Only),Boost Lab,2024-03-01,5.733478083864839,5.0,1,1.1466956167729678,
Skincare (Female Only),Boost Lab,2024-04-01,6.306825892251323,5.5,1,1.1466956167729678,
Skincare (Female Only),Boost Lab,2024-05-01,5.733478083864839,5.0,1,1.1466956167729678,
Skincare (Female Only),Boost Lab,2024-06-01,5.962817207219433,5.2,1,1.1466956167729678,
Skincare (Female Only),Boost Lab,2024-07-01,6.8801737006378065,6.0,1,1.1466956167729678,
Skincare (Female Only),Boost Lab,2024-08-01,5.733478083864839,5.0,1,1.1466956167729678,
Skincare (Female Only),Boost Lab,2024-09-01,5.0454607138010585,4.4,1,1.1466956167729678,
Skincare (Female Only),Boost Lab,2024-10-01,5.160130275478355,4.5,1,1.1466956167729678,
Skincare (Female Only),Boost Lab,2024-11-01,7.166847604831049,6.25,1,1.1466956167729678,
Skincare (Female Only),Boost Lab,2024-12-01,5.962817207219433,5.2,1,1.1466956167729678,
Skincare (Female Only),Boost Lab,2025-01-01,6.020151988058081,5.25,1,1.1466956167729678,
Skincare (Female Only),Boost Lab,2025-02-01,6.020151988058081,5.25,1,1.1466956167729678,
Skincare (Female Only),Boost Lab,2025-03-01,5.733478083864839,5.0,1,1.1466956167729678,
Skincare (Female Only),CeraVe,2021-08-01,34.40086850318904,30.0,1,1.1466956167729678,
Skincare (Female Only),CeraVe,2021-09-01,35.83423802415525,31.25,1,1.1466956167729678,
Skincare (Female Only),CeraVe,2021-10-01,29.35540778938798,25.6,1,1.1466956167729678,
Skincare (Female Only),CeraVe,2021-11-01,26.947346994164743,23.5,1,1.1466956167729678,
Skincare (Female Only),CeraVe,2021-12-01,26.660673089971503,23.25,1,1.1466956167729678,
Skincare (Female Only),CeraVe,2022-01-01,32.1074772696431,28.0,1,1.1466956167729678,
Skincare (Female Only),CeraVe,2022-02-01,36.40758583254173,31.75,1,1.1466956167729678,
Skincare (Female Only),CeraVe,2022-03-01,37.26760754512146,32.5,1,1.1466956167729678,
Skincare (Female Only),CeraVe,2022-04-01,38.9876509702809,34.0,1,1.1466956167729678,
Skincare (Female Only),CeraVe,2022-05-01,35.776903243316596,31.2,1,1.1466956167729678,
Skincare (Female Only),CeraVe,2022-06-01,42.141063916406566,36.75,1,1.1466956167729678,
Skincare (Female Only),CeraVe,2022-07-01,44.49178993079115,38.8,1,1.1466956167729678,
Skincare (Female Only),CeraVe,2022-08-01,42.71441172479305,37.25,1,1.1466956167729678,
Skincare (Female Only),CeraVe,2022-09-01,46.15449857511196,40.25,1,1.1466956167729678,
Skincare (Female Only),CeraVe,2022-10-01,43.574433437372775,38.0,1,1.1466956167729678,
Skincare (Female Only),CeraVe,2022-11-01,48.44788980865789,42.25,1,1.1466956167729678,
Skincare (Female Only),CeraVe,2022-12-01,49.307911521237614,43.0,1,1.1466956167729678,
Skincare (Female Only),CeraVe,2023-01-01,53.4360157416203,46.6,1,1.1466956167729678,
Skincare (Female Only),CeraVe,2023-02-01,49.59458542543086,43.25,1,1.1466956167729678,
Skincare (Female Only),CeraVe,2023-03-01,47.301194191884925,41.25,1,1.1466956167729678,
Skincare (Female Only),CeraVe,2023-04-01,54.35337223503868,47.4,1,1.1466956167729678,
Skincare (Female Only),CeraVe,2023-05-01,57.621454742841635,50.25,1,1.1466956167729678,
Skincare (Female Only),CeraVe,2023-06-01,55.04138960510245,48.0,1,1.1466956167729678,
Skincare (Female Only),CeraVe,2023-07-01,57.56411996200299,50.2,1,1.1466956167729678,
Skincare (Female Only),CeraVe,2023-08-01,60.7748676889673,53.0,1,1.1466956167729678,
Skincare (Female Only),CeraVe,2023-09-01,65.93499796444566,57.5,1,1.1466956167729678,
Skincare (Female Only),CeraVe,2023-10-01,58.94015470213054,51.4,1,1.1466956167729678,
Skincare (Female Only),CeraVe,2023-11-01,59.628172072194324,52.0,1,1.1466956167729678,
Skincare (Female Only),CeraVe,2023-12-01,62.60958067580405,54.6,1,1.1466956167729678,
Skincare (Female Only),CeraVe,2024-01-01,83.9954539286199,73.25,1,1.1466956167729678,
Skincare (Female Only),CeraVe,2024-02-01,60.488193784774055,52.75,1,1.1466956167729678,
Skincare (Female Only),CeraVe,2024-03-01,55.50006785181164,48.4,1,1.1466956167729678,
Skincare (Female Only),CeraVe,2024-04-01,55.04138960510245,48.0,1,1.1466956167729678,
Skincare (Female Only),CeraVe,2024-05-01,55.61473741348894,48.5,1,1.1466956167729678,
Skincare (Female Only),CeraVe,2024-06-01,54.58271135839327,47.6,1,1.1466956167729678,
Skincare (Female Only),CeraVe,2024-07-01,58.7681503596146,51.25,1,1.1466956167729678,
Skincare (Female Only),CeraVe,2024-08-01,51.31462885059031,44.75,1,1.1466956167729678,
Skincare (Female Only),CeraVe,2024-09-01,57.33478083864839,50.0,1,1.1466956167729678,
Skincare (Female Only),CeraVe,2024-10-01,53.60802008413624,46.75,1,1.1466956167729678,
Skincare (Female Only),CeraVe,2024-11-01,55.04138960510245,48.0,1,1.1466956167729678,
Skincare (Female Only),CeraVe,2024-12-01,53.665354864974894,46.8,1,1.1466956167729678,
Skincare (Female Only),CeraVe,2025-01-01,62.494911114126744,54.5,1,1.1466956167729678,
Skincare (Female Only),CeraVe,2025-02-01,51.31462885059031,44.75,1,1.1466956167729678,
Skincare (Female Only),CeraVe,2025-03-01,49.07857239788302,42.8,1,1.1466956167729678,
Skincare (Female Only),Drunk Elephant,2021-08-01,9.173564934183743,8.0,1,1.1466956167729678,
Skincare (Female Only),Drunk Elephant,2021-09-01,12.326977880309403,10.75,1,1.1466956167729678,
Skincare (Female Only),Drunk Elephant,2021-10-01,8.944225810829149,7.8,1,1.1466956167729678,
Skincare (Female Only),Drunk Elephant,2021-11-01,9.173564934183743,8.0,1,1.1466956167729678,
Skincare (Female Only),Drunk Elephant,2021-12-01,9.746912742570226,8.5,1,1.1466956167729678,
Skincare (Female Only),Drunk Elephant,2022-01-01,11.69629529108427,10.2,1,1.1466956167729678,
Skincare (Female Only),Drunk Elephant,2022-02-01,10.32026055095671,9.0,1,1.1466956167729678,
Skincare (Female Only),Drunk Elephant,2022-03-01,10.893608359343194,9.5,1,1.1466956167729678,
Skincare (Female Only),Drunk Elephant,2022-04-01,10.606934455149952,9.25,1,1.1466956167729678,
Skincare (Female Only),Drunk Elephant,2022-05-01,11.466956167729679,10.0,1,1.1466956167729678,
Skincare (Female Only),Drunk Elephant,2022-06-01,10.893608359343194,9.5,1,1.1466956167729678,
Skincare (Female Only),Drunk Elephant,2022-07-01,13.301669154566426,11.6,1,1.1466956167729678,
Skincare (Female Only),Drunk Elephant,2022-08-01,13.473673497082371,11.75,1,1.1466956167729678,
Skincare (Female Only),Drunk Elephant,2022-09-01,13.473673497082371,11.75,1,1.1466956167729678,
Skincare (Female Only),Drunk Elephant,2022-10-01,16.512416881530736,14.4,1,1.1466956167729678,
Skincare (Female Only),Drunk Elephant,2022-11-01,29.24073822771068,25.5,1,1.1466956167729678,
Skincare (Female Only),Drunk Elephant,2022-12-01,41.28104220382684,36.0,1,1.1466956167729678,
Skincare (Female Only),Drunk Elephant,2023-01-01,62.83891979915863,54.8,1,1.1466956167729678,
Skincare (Female Only),Drunk Elephant,2023-02-01,40.13434658705388,35.0,1,1.1466956167729678,
Skincare (Female Only),Drunk Elephant,2023-03-01,29.527412131903922,25.75,1,1.1466956167729678,
Skincare (Female Only),Drunk Elephant,2023-04-01,33.02483376306147,28.8,1,1.1466956167729678,
Skincare (Female Only),Drunk Elephant,2023-05-01,30.100759940290406,26.25,1,1.1466956167729678,
Skincare (Female Only),Drunk Elephant,2023-06-01,32.39415117383634,28.25,1,1.1466956167729678,
Skincare (Female Only),Drunk Elephant,2023-07-01,33.94219025647985,29.6,1,1.1466956167729678,
Skincare (Female Only),Drunk Elephant,2023-08-01,34.97421631157552,30.5,1,1.1466956167729678,
Skincare (Female Only),Drunk Elephant,2023-09-01,32.96749898222283,28.75,1,1.1466956167729678,
Skincare (Female Only),Drunk Elephant,2023-10-01,32.56615551635228,28.4,1,1.1466956167729678,
Skincare (Female Only),Drunk Elephant,2023-11-01,36.69425973673497,32.0,1,1.1466956167729678,
Skincare (Female Only),Drunk Elephant,2023-12-01,38.9876509702809,34.0,1,1.1466956167729678,
Skincare (Female Only),Drunk Elephant,2024-01-01,36.980933640928214,32.25,1,1.1466956167729678,
Skincare (Female Only),Drunk Elephant,2024-02-01,23.220586239652597,20.25,1,1.1466956167729678,
Skincare (Female Only),Drunk Elephant,2024-03-01,18.805808115076672,16.4,1,1.1466956167729678,
Skincare (Female Only),Drunk Elephant,2024-04-01,16.913760347401276,14.75,1,1.1466956167729678,
Skincare (Female Only),Drunk Elephant,2024-05-01,13.473673497082371,11.75,1,1.1466956167729678,
Skincare (Female Only),Drunk Elephant,2024-06-01,11.69629529108427,10.2,1,1.1466956167729678,
Skincare (Female Only),Drunk Elephant,2024-07-01,10.893608359343194,9.5,1,1.1466956167729678,
Skincare (Female Only),Drunk Elephant,2024-08-01,9.746912742570226,8.5,1,1.1466956167729678,
Skincare (Female Only),Drunk Elephant,2024-09-01,9.63224318089293,8.4,1,1.1466956167729678,
Skincare (Female Only),Drunk Elephant,2024-10-01,11.466956167729679,10.0,1,1.1466956167729678,
Skincare (Female Only),Drunk Elephant,2024-11-01,14.333695209662098,12.5,1,1.1466956167729678,
Skincare (Female Only),Drunk Elephant,2024-12-01,10.778938797665898,9.4,1,1.1466956167729678,
Skincare (Female Only),Drunk Elephant,2025-01-01,9.746912742570226,8.5,1,1.1466956167729678,
Skincare (Female Only),Drunk Elephant,2025-02-01,7.740195413217533,6.75,1,1.1466956167729678,
Skincare (Female Only),Drunk Elephant,2025-03-01,9.173564934183743,8.0,1,1.1466956167729678,
Skincare (Female Only),Frank Body,2021-08-01,8.090963494913224,16.0,2,0.5056852184320765,
Skincare (Female Only),Frank Body,2021-09-01,7.964542190305204,15.75,2,0.5056852184320765,
Skincare (Female Only),Frank Body,2021-10-01,6.9784560143626555,13.8,2,0.5056852184320765,
Skincare (Female Only),Frank Body,2021-11-01,11.630760023937759,23.0,2,0.5056852184320765,
Skincare (Female Only),Frank Body,2021-12-01,10.998653500897664,21.75,2,0.5056852184320765,
Skincare (Female Only),Frank Body,2022-01-01,7.787552363853978,15.4,2,0.5056852184320765,
Skincare (Female Only),Frank Body,2022-02-01,7.0795930580490705,14.0,2,0.5056852184320765,
Skincare (Female Only),Frank Body,2022-03-01,6.826750448833033,13.5,2,0.5056852184320765,
Skincare (Female Only),Frank Body,2022-04-01,6.447486535008975,12.75,2,0.5056852184320765,
Skincare (Female Only),Frank Body,2022-05-01,5.562537402752842,11.0,2,0.5056852184320765,
Skincare (Female Only),Frank Body,2022-06-01,5.815380011968879,11.5,2,0.5056852184320765,
Skincare (Female Only),Frank Body,2022-07-01,6.371633752244163,12.6,2,0.5056852184320765,
Skincare (Female Only),Frank Body,2022-08-01,6.826750448833033,13.5,2,0.5056852184320765,
Skincare (Female Only),Frank Body,2022-09-01,6.826750448833033,13.5,2,0.5056852184320765,
Skincare (Female Only),Frank Body,2022-10-01,7.686415320167562,15.2,2,0.5056852184320765,
Skincare (Female Only),Frank Body,2022-11-01,12.262866546977854,24.25,2,0.5056852184320765,
Skincare (Female Only),Frank Body,2022-12-01,12.768551765409931,25.25,2,0.5056852184320765,
Skincare (Female Only),Frank Body,2023-01-01,8.192100538599638,16.2,2,0.5056852184320765,
Skincare (Female Only),Frank Body,2023-02-01,7.838120885697186,15.5,2,0.5056852184320765,
Skincare (Female Only),Frank Body,2023-03-01,8.849491322561338,17.5,2,0.5056852184320765,
Skincare (Female Only),Frank Body,2023-04-01,8.495511669658885,16.8,2,0.5056852184320765,
Skincare (Female Only),Frank Body,2023-05-01,10.619389587073606,21.0,2,0.5056852184320765,
Skincare (Female Only),Frank Body,2023-06-01,9.102333931777377,18.0,2,0.5056852184320765,
Skincare (Female Only),Frank Body,2023-07-01,7.989826451226809,15.8,2,0.5056852184320765,
Skincare (Female Only),Frank Body,2023-08-01,7.332435667265109,14.5,2,0.5056852184320765,
Skincare (Female Only),Frank Body,2023-09-01,7.332435667265109,14.5,2,0.5056852184320765,
Skincare (Female Only),Frank Body,2023-10-01,10.31597845601436,20.4,2,0.5056852184320765,
Skincare (Female Only),Frank Body,2023-11-01,12.010023937761817,23.75,2,0.5056852184320765,
Skincare (Female Only),Frank Body,2023-12-01,13.248952722920404,26.2,2,0.5056852184320765,
Skincare (Female Only),Frank Body,2024-01-01,7.332435667265109,14.5,2,0.5056852184320765,
Skincare (Female Only),Frank Body,2024-02-01,6.953171753441052,13.75,2,0.5056852184320765,
Skincare (Female Only),Frank Body,2024-03-01,6.270496708557748,12.4,2,0.5056852184320765,
Skincare (Female Only),Frank Body,2024-04-01,7.585278276481147,15.0,2,0.5056852184320765,
Skincare (Female Only),Frank Body,2024-05-01,6.573907839616994,13.0,2,0.5056852184320765,
Skincare (Female Only),Frank Body,2024-06-01,5.6636744464392565,11.2,2,0.5056852184320765,
Skincare (Female Only),Frank Body,2024-07-01,6.321065230400956,12.5,2,0.5056852184320765,
Skincare (Female Only),Frank Body,2024-08-01,6.321065230400956,12.5,2,0.5056852184320765,
Skincare (Female Only),Frank Body,2024-09-01,7.281867145421901,14.4,2,0.5056852184320765,
Skincare (Female Only),Frank Body,2024-10-01,7.585278276481147,15.0,2,0.5056852184320765,
Skincare (Female Only),Frank Body,2024-11-01,10.619389587073606,21.0,2,0.5056852184320765,
Skincare (Female Only),Frank Body,2024-12-01,10.720526630760022,21.2,2,0.5056852184320765,
Skincare (Female Only),Frank Body,2025-01-01,6.068222621184917,12.0,2,0.5056852184320765,
Skincare (Female Only),Frank Body,2025-02-01,5.815380011968879,11.5,2,0.5056852184320765,
Skincare (Female Only),Frank Body,2025-03-01,5.967085577498503,11.8,2,0.5056852184320765,
Skincare (Female Only),Go-To,2021-08-01,3.5397965290245352,7.0,2,0.5056852184320765,
Skincare (Female Only),Go-To,2021-09-01,1.7698982645122676,3.5,2,0.5056852184320765,
Skincare (Female Only),Go-To,2021-10-01,0.0,0.0,2,0.5056852184320765,
Skincare (Female Only),Go-To,2021-11-01,2.149162178336325,4.25,2,0.5056852184320765,
Skincare (Female Only),Go-To,2021-12-01,0.0,0.0,2,0.5056852184320765,
Skincare (Female Only),Go-To,2022-01-01,1.71932974266906,3.4,2,0.5056852184320765,
Skincare (Female Only),Go-To,2022-02-01,1.5170556552962293,3.0,2,0.5056852184320765,
Skincare (Female Only),Go-To,2022-03-01,2.149162178336325,4.25,2,0.5056852184320765,
Skincare (Female Only),Go-To,2022-04-01,1.8963195691202868,3.75,2,0.5056852184320765,
Skincare (Female Only),Go-To,2022-05-01,1.2136445242369835,2.4,2,0.5056852184320765,
Skincare (Female Only),Go-To,2022-06-01,1.5170556552962293,3.0,2,0.5056852184320765,
Skincare (Female Only),Go-To,2022-07-01,2.1238779174147213,4.2,2,0.5056852184320765,
Skincare (Female Only),Go-To,2022-08-01,2.022740873728306,4.0,2,0.5056852184320765,
Skincare (Female Only),Go-To,2022-09-01,1.5170556552962293,3.0,2,0.5056852184320765,
Skincare (Female Only),Go-To,2022-10-01,1.8204667863554753,3.6,2,0.5056852184320765,
Skincare (Female Only),Go-To,2022-11-01,2.275583482944344,4.5,2,0.5056852184320765,
Skincare (Female Only),Go-To,2022-12-01,1.011370436864153,2.0,2,0.5056852184320765,
Skincare (Female Only),Go-To,2023-01-01,1.4159186116098141,2.8,2,0.5056852184320765,
Skincare (Female Only),Go-To,2023-02-01,1.011370436864153,2.0,2,0.5056852184320765,
Skincare (Female Only),Go-To,2023-03-01,2.022740873728306,4.0,2,0.5056852184320765,
Skincare (Female Only),Go-To,2023-04-01,2.3261520047875517,4.6,2,0.5056852184320765,
Skincare (Female Only),Go-To,2023-05-01,1.7698982645122676,3.5,2,0.5056852184320765,
Skincare (Female Only),Go-To,2023-06-01,1.6434769599042485,3.25,2,0.5056852184320765,
Skincare (Female Only),Go-To,2023-07-01,1.2136445242369835,2.4,2,0.5056852184320765,
Skincare (Female Only),Go-To,2023-08-01,1.6434769599042485,3.25,2,0.5056852184320765,
Skincare (Female Only),Go-To,2023-09-01,1.7698982645122676,3.5,2,0.5056852184320765,
Skincare (Female Only),Go-To,2023-10-01,1.5170556552962293,3.0,2,0.5056852184320765,
Skincare (Female Only),Go-To,2023-11-01,2.402004787552363,4.75,2,0.5056852184320765,
Skincare (Female Only),Go-To,2023-12-01,2.629563135846798,5.2,2,0.5056852184320765,
Skincare (Female Only),Go-To,2024-01-01,2.022740873728306,4.0,2,0.5056852184320765,
Skincare (Female Only),Go-To,2024-02-01,1.011370436864153,2.0,2,0.5056852184320765,
Skincare (Female Only),Go-To,2024-03-01,1.1125074805505684,2.2,2,0.5056852184320765,
Skincare (Female Only),Go-To,2024-04-01,1.3906343506882104,2.75,2,0.5056852184320765,
Skincare (Female Only),Go-To,2024-05-01,1.5170556552962293,3.0,2,0.5056852184320765,
Skincare (Female Only),Go-To,2024-06-01,1.5170556552962293,3.0,2,0.5056852184320765,
Skincare (Female Only),Go-To,2024-07-01,1.5170556552962293,3.0,2,0.5056852184320765,
Skincare (Female Only),Go-To,2024-08-01,1.6434769599042485,3.25,2,0.5056852184320765,
Skincare (Female Only),Go-To,2024-09-01,1.5170556552962293,3.0,2,0.5056852184320765,
Skincare (Female Only),Go-To,2024-10-01,2.6548473967684014,5.25,2,0.5056852184320765,
Skincare (Female Only),Go-To,2024-11-01,2.781268701376421,5.5,2,0.5056852184320765,
Skincare (Female Only),Go-To,2024-12-01,1.9216038300418905,3.8,2,0.5056852184320765,
Skincare (Female Only),Go-To,2025-01-01,1.2642130460801912,2.5,2,0.5056852184320765,
Skincare (Female Only),Go-To,2025-02-01,1.137791741472172,2.25,2,0.5056852184320765,
Skincare (Female Only),Go-To,2025-03-01,1.6181926989826447,3.2,2,0.5056852184320765,
Skincare (Female Only),Kiehl's,2021-08-01,7.0795930580490705,14.0,2,0.5056852184320765,
Skincare (Female Only),Kiehl's,2021-09-01,9.734440454817472,19.25,2,0.5056852184320765,
Skincare (Female Only),Kiehl's,2021-10-01,10.518252543387192,20.8,2,0.5056852184320765,
Skincare (Female Only),Kiehl's,2021-11-01,13.400658288450026,26.5,2,0.5056852184320765,
Skincare (Female Only),Kiehl's,2021-12-01,10.11370436864153,20.0,2,0.5056852184320765,
Skincare (Female Only),Kiehl's,2022-01-01,7.686415320167562,15.2,2,0.5056852184320765,
Skincare (Female Only),Kiehl's,2022-02-01,7.964542190305204,15.75,2,0.5056852184320765,
Skincare (Female Only),Kiehl's,2022-03-01,10.619389587073606,21.0,2,0.5056852184320765,
Skincare (Female Only),Kiehl's,2022-04-01,12.389287851585873,24.5,2,0.5056852184320765,
Skincare (Female Only),Kiehl's,2022-05-01,15.473967684021542,30.6,2,0.5056852184320765,
Skincare (Female Only),Kiehl's,2022-06-01,14.917713943746255,29.5,2,0.5056852184320765,
Skincare (Female Only),Kiehl's,2022-07-01,14.36146020347097,28.4,2,0.5056852184320765,
Skincare (Female Only),Kiehl's,2022-08-01,15.676241771394372,31.0,2,0.5056852184320765,
Skincare (Female Only),Kiehl's,2022-09-01,13.653500897666065,27.0,2,0.5056852184320765,
Skincare (Female Only),Kiehl's,2022-10-01,12.945541591861158,25.6,2,0.5056852184320765,
Skincare (Female Only),Kiehl's,2022-11-01,22.250149611011366,44.0,2,0.5056852184320765,
Skincare (Female Only),Kiehl's,2022-12-01,39.56986834230998,78.25,2,0.5056852184320765,
Skincare (Female Only),Kiehl's,2023-01-01,12.439856373429082,24.6,2,0.5056852184320765,
Skincare (Female Only),Kiehl's,2023-02-01,11.630760023937759,23.0,2,0.5056852184320765,
Skincare (Female Only),Kiehl's,2023-03-01,12.262866546977854,24.25,2,0.5056852184320765,
Skincare (Female Only),Kiehl's,2023-04-01,13.855774985038895,27.4,2,0.5056852184320765,
Skincare (Female Only),Kiehl's,2023-05-01,16.561190903650505,32.75,2,0.5056852184320765,
Skincare (Female Only),Kiehl's,2023-06-01,13.147815679233988,26.0,2,0.5056852184320765,
Skincare (Female Only),Kiehl's,2023-07-01,13.147815679233988,26.0,2,0.5056852184320765,
Skincare (Female Only),Kiehl's,2023-08-01,16.181926989826447,32.0,2,0.5056852184320765,
Skincare (Female Only),Kiehl's,2023-09-01,12.262866546977854,24.25,2,0.5056852184320765,
Skincare (Female Only),Kiehl's,2023-10-01,13.147815679233988,26.0,2,0.5056852184320765,
Skincare (Female Only),Kiehl's,2023-11-01,19.97456612806702,39.5,2,0.5056852184320765,
Skincare (Female Only),Kiehl's,2023-12-01,15.676241771394372,31.0,2,0.5056852184320765,
Skincare (Female Only),Kiehl's,2024-01-01,12.262866546977854,24.25,2,0.5056852184320765,
Skincare (Female Only),Kiehl's,2024-02-01,12.389287851585873,24.5,2,0.5056852184320765,
Skincare (Female Only),Kiehl's,2024-03-01,12.945541591861158,25.6,2,0.5056852184320765,
Skincare (Female Only),Kiehl's,2024-04-01,10.492968282465586,20.75,2,0.5056852184320765,
Skincare (Female Only),Kiehl's,2024-05-01,12.515709156193893,24.75,2,0.5056852184320765,
Skincare (Female Only),Kiehl's,2024-06-01,11.934171154997006,23.6,2,0.5056852184320765,
Skincare (Female Only),Kiehl's,2024-07-01,12.136445242369835,24.0,2,0.5056852184320765,
Skincare (Female Only),Kiehl's,2024-08-01,14.159186116098141,28.0,2,0.5056852184320765,
Skincare (Female Only),Kiehl's,2024-09-01,10.720526630760022,21.2,2,0.5056852184320765,
Skincare (Female Only),Kiehl's,2024-10-01,15.929084380610409,31.5,2,0.5056852184320765,
Skincare (Female Only),Kiehl's,2024-11-01,17.951825254338715,35.5,2,0.5056852184320765,
Skincare (Female Only),Kiehl's,2024-12-01,14.159186116098141,28.0,2,0.5056852184320765,
Skincare (Female Only),Kiehl's,2025-01-01,10.998653500897664,21.75,2,0.5056852184320765,
Skincare (Female Only),Kiehl's,2025-02-01,9.481597845601433,18.75,2,0.5056852184320765,
Skincare (Female Only),Kiehl's,2025-03-01,9.810293237582282,19.4,2,0.5056852184320765,
Skincare (Female Only),La Roche-Posay,2021-08-01,5.562537402752842,11.0,2,0.5056852184320765,
Skincare (Female Only),La Roche-Posay,2021-09-01,4.677588270496708,9.25,2,0.5056852184320765,
Skincare (Female Only),La Roche-Posay,2021-10-01,3.5397965290245352,7.0,2,0.5056852184320765,
Skincare (Female Only),La Roche-Posay,2021-11-01,3.7926391382405735,7.5,2,0.5056852184320765,
Skincare (Female Only),La Roche-Posay,2021-12-01,3.919060442848593,7.75,2,0.5056852184320765,
Skincare (Female Only),La Roche-Posay,2022-01-01,4.045481747456612,8.0,2,0.5056852184320765,
Skincare (Female Only),La Roche-Posay,2022-02-01,4.551166965888688,9.0,2,0.5056852184320765,
Skincare (Female Only),La Roche-Posay,2022-03-01,4.171903052064631,8.25,2,0.5056852184320765,
Skincare (Female Only),La Roche-Posay,2022-04-01,4.29832435667265,8.5,2,0.5056852184320765,
Skincare (Female Only),La Roche-Posay,2022-05-01,4.4500299222022734,8.8,2,0.5056852184320765,
Skincare (Female Only),La Roche-Posay,2022-06-01,4.677588270496708,9.25,2,0.5056852184320765,
Skincare (Female Only),La Roche-Posay,2022-07-01,6.675044883303409,13.2,2,0.5056852184320765,
Skincare (Female Only),La Roche-Posay,2022-08-01,7.0795930580490705,14.0,2,0.5056852184320765,
Skincare (Female Only),La Roche-Posay,2022-09-01,7.711699581089166,15.25,2,0.5056852184320765,
Skincare (Female Only),La Roche-Posay,2022-10-01,6.472770795930579,12.8,2,0.5056852184320765,
Skincare (Female Only),La Roche-Posay,2022-11-01,6.447486535008975,12.75,2,0.5056852184320765,
Skincare (Female Only),La Roche-Posay,2022-12-01,6.826750448833033,13.5,2,0.5056852184320765,
Skincare (Female Only),La Roche-Posay,2023-01-01,7.281867145421901,14.4,2,0.5056852184320765,
Skincare (Female Only),La Roche-Posay,2023-02-01,5.436116098144822,10.75,2,0.5056852184320765,
Skincare (Female Only),La Roche-Posay,2023-03-01,5.309694793536803,10.5,2,0.5056852184320765,
Skincare (Female Only),La Roche-Posay,2023-04-01,5.15798922800718,10.2,2,0.5056852184320765,
Skincare (Female Only),La Roche-Posay,2023-05-01,6.826750448833033,13.5,2,0.5056852184320765,
Skincare (Female Only),La Roche-Posay,2023-06-01,6.573907839616994,13.0,2,0.5056852184320765,
Skincare (Female Only),La Roche-Posay,2023-07-01,8.192100538599638,16.2,2,0.5056852184320765,
Skincare (Female Only),La Roche-Posay,2023-08-01,8.217384799521243,16.25,2,0.5056852184320765,
Skincare (Female Only),La Roche-Posay,2023-09-01,8.470227408737282,16.75,2,0.5056852184320765,
Skincare (Female Only),La Roche-Posay,2023-10-01,6.9784560143626555,13.8,2,0.5056852184320765,
Skincare (Female Only),La Roche-Posay,2023-11-01,7.332435667265109,14.5,2,0.5056852184320765,
Skincare (Female Only),La Roche-Posay,2023-12-01,7.0795930580490705,14.0,2,0.5056852184320765,
Skincare (Female Only),La Roche-Posay,2024-01-01,9.98728306403351,19.75,2,0.5056852184320765,
Skincare (Female Only),La Roche-Posay,2024-02-01,6.826750448833033,13.5,2,0.5056852184320765,
Skincare (Female Only),La Roche-Posay,2024-03-01,6.472770795930579,12.8,2,0.5056852184320765,
Skincare (Female Only),La Roche-Posay,2024-04-01,6.194643925792937,12.25,2,0.5056852184320765,
Skincare (Female Only),La Roche-Posay,2024-05-01,6.573907839616994,13.0,2,0.5056852184320765,
Skincare (Female Only),La Roche-Posay,2024-06-01,7.484141232794732,14.8,2,0.5056852184320765,
Skincare (Female Only),La Roche-Posay,2024-07-01,6.700329144225013,13.25,2,0.5056852184320765,
Skincare (Female Only),La Roche-Posay,2024-08-01,5.941801316576899,11.75,2,0.5056852184320765,
Skincare (Female Only),La Roche-Posay,2024-09-01,8.192100538599638,16.2,2,0.5056852184320765,
Skincare (Female Only),La Roche-Posay,2024-10-01,8.470227408737282,16.75,2,0.5056852184320765,
Skincare (Female Only),La Roche-Posay,2024-11-01,9.481597845601433,18.75,2,0.5056852184320765,
Skincare (Female Only),La Roche-Posay,2024-12-01,7.686415320167562,15.2,2,0.5056852184320765,
Skincare (Female Only),La Roche-Posay,2025-01-01,8.975912627169357,17.75,2,0.5056852184320765,
Skincare (Female Only),La Roche-Posay,2025-02-01,7.711699581089166,15.25,2,0.5056852184320765,
Skincare (Female Only),La Roche-Posay,2025-03-01,6.87731897067624,13.6,2,0.5056852184320765,
Skincare (Female Only),MCoBeauty,2021-08-01,8.834291688447465,1.0,3,8.834291688447465,
Skincare (Female Only),MCoBeauty,2021-09-01,6.6257187663355985,0.75,3,8.834291688447465,
Skincare (Female Only),MCoBeauty,2021-10-01,7.067433350757972,0.8,3,8.834291688447465,
Skincare (Female Only),MCoBeauty,2021-11-01,6.6257187663355985,0.75,3,8.834291688447465,
Skincare (Female Only),MCoBeauty,2021-12-01,4.417145844223732,0.5,3,8.834291688447465,
Skincare (Female Only),MCoBeauty,2022-01-01,3.533716675378986,0.4,3,8.834291688447465,
Skincare (Female Only),MCoBeauty,2022-02-01,8.834291688447465,1.0,3,8.834291688447465,
Skincare (Female Only),MCoBeauty,2022-03-01,8.834291688447465,1.0,3,8.834291688447465,
Skincare (Female Only),MCoBeauty,2022-04-01,8.834291688447465,1.0,3,8.834291688447465,
Skincare (Female Only),MCoBeauty,2022-05-01,8.834291688447465,1.0,3,8.834291688447465,
Skincare (Female Only),MCoBeauty,2022-06-01,11.04286461055933,1.25,3,8.834291688447465,
Skincare (Female Only),MCoBeauty,2022-07-01,15.901725039205436,1.8,3,8.834291688447465,
Skincare (Female Only),MCoBeauty,2022-08-01,15.460010454783063,1.75,3,8.834291688447465,
Skincare (Female Only),MCoBeauty,2022-09-01,11.04286461055933,1.25,3,8.834291688447465,
Skincare (Female Only),MCoBeauty,2022-10-01,14.134866701515945,1.6,3,8.834291688447465,
Skincare (Female Only),MCoBeauty,2022-11-01,13.251437532671197,1.5,3,8.834291688447465,
Skincare (Female Only),MCoBeauty,2022-12-01,15.460010454783063,1.75,3,8.834291688447465,
Skincare (Female Only),MCoBeauty,2023-01-01,17.66858337689493,2.0,3,8.834291688447465,
Skincare (Female Only),MCoBeauty,2023-02-01,17.66858337689493,2.0,3,8.834291688447465,
Skincare (Female Only),MCoBeauty,2023-03-01,17.66858337689493,2.0,3,8.834291688447465,
Skincare (Female Only),MCoBeauty,2023-04-01,31.803450078410872,3.6,3,8.834291688447465,
Skincare (Female Only),MCoBeauty,2023-05-01,33.12859383167799,3.75,3,8.834291688447465,
Skincare (Female Only),MCoBeauty,2023-06-01,46.38003136434919,5.25,3,8.834291688447465,
Skincare (Female Only),MCoBeauty,2023-07-01,51.2388917929953,5.8,3,8.834291688447465,
Skincare (Female Only),MCoBeauty,2023-08-01,41.962885520125454,4.75,3,8.834291688447465,
Skincare (Female Only),MCoBeauty,2023-09-01,46.38003136434919,5.25,3,8.834291688447465,
Skincare (Female Only),MCoBeauty,2023-10-01,53.00575013068479,6.0,3,8.834291688447465,
Skincare (Female Only),MCoBeauty,2023-11-01,57.42289597490852,6.5,3,8.834291688447465,
Skincare (Female Only),MCoBeauty,2023-12-01,54.77260846837428,6.2,3,8.834291688447465,
Skincare (Female Only),MCoBeauty,2024-01-01,44.17145844223732,5.0,3,8.834291688447465,
Skincare (Female Only),MCoBeauty,2024-02-01,61.84004181913225,7.0,3,8.834291688447465,
Skincare (Female Only),MCoBeauty,2024-03-01,84.80920020909566,9.6,3,8.834291688447465,
Skincare (Female Only),MCoBeauty,2024-04-01,72.88290642969159,8.25,3,8.834291688447465,
Skincare (Female Only),MCoBeauty,2024-05-01,64.04861474124412,7.25,3,8.834291688447465,
Skincare (Female Only),MCoBeauty,2024-06-01,98.9440669106116,11.2,3,8.834291688447465,
Skincare (Female Only),MCoBeauty,2024-07-01,106.01150026136958,12.0,3,8.834291688447465,
Skincare (Female Only),MCoBeauty,2024-08-01,75.09147935180346,8.5,3,8.834291688447465,
Skincare (Female Only),MCoBeauty,2024-09-01,77.7417668583377,8.8,3,8.834291688447465,
Skincare (Female Only),MCoBeauty,2024-10-01,77.30005227391531,8.75,3,8.834291688447465,
Skincare (Female Only),MCoBeauty,2024-11-01,110.42864610559332,12.5,3,8.834291688447465,
Skincare (Female Only),MCoBeauty,2024-12-01,79.50862519602718,9.0,3,8.834291688447465,
Skincare (Female Only),MCoBeauty,2025-01-01,53.00575013068479,6.0,3,8.834291688447465,
Skincare (Female Only),MCoBeauty,2025-02-01,48.588604286461056,5.5,3,8.834291688447465,
Skincare (Female Only),MCoBeauty,2025-03-01,53.00575013068479,6.0,3,8.834291688447465,
Skincare (Female Only),Mecca,2021-08-01,238.52587558808153,27.0,3,8.834291688447465,
Skincare (Female Only),Mecca,2021-09-01,269.44589649764765,30.5,3,8.834291688447465,
Skincare (Female Only),Mecca,2021-10-01,286.23105070569784,32.4,3,8.834291688447465,
Skincare (Female Only),Mecca,2021-11-01,351.16309461578675,39.75,3,8.834291688447465,
Skincare (Female Only),Mecca,2021-12-01,386.5002613695766,43.75,3,8.834291688447465,
Skincare (Female Only),Mecca,2022-01-01,277.39675901725036,31.4,3,8.834291688447465,
Skincare (Female Only),Mecca,2022-02-01,251.77731312075275,28.5,3,8.834291688447465,
Skincare (Female Only),Mecca,2022-03-01,253.98588604286462,28.75,3,8.834291688447465,
Skincare (Female Only),Mecca,2022-04-01,282.69733403031887,32.0,3,8.834291688447465,
Skincare (Female Only),Mecca,2022-05-01,277.39675901725036,31.4,3,8.834291688447465,
Skincare (Female Only),Mecca,2022-06-01,276.0716152639833,31.25,3,8.834291688447465,
Skincare (Female Only),Mecca,2022-07-01,309.20020909566125,35.0,3,8.834291688447465,
Skincare (Female Only),Mecca,2022-08-01,322.45164662833247,36.5,3,8.834291688447465,
Skincare (Female Only),Mecca,2022-09-01,333.4945112388918,37.75,3,8.834291688447465,
Skincare (Female Only),Mecca,2022-10-01,346.30423418714065,39.2,3,8.834291688447465,
Skincare (Female Only),Mecca,2022-11-01,514.5974908520648,58.25,3,8.834291688447465,
Skincare (Female Only),Mecca,2022-12-01,622.8175640355463,70.5,3,8.834291688447465,
Skincare (Female Only),Mecca,2023-01-01,376.340825927862,42.6,3,8.834291688447465,
Skincare (Female Only),Mecca,2023-02-01,344.5373758494511,39.0,3,8.834291688447465,
Skincare (Female Only),Mecca,2023-03-01,311.40878201777315,35.25,3,8.834291688447465,
Skincare (Female Only),Mecca,2023-04-01,360.4391008886565,40.8,3,8.834291688447465,
Skincare (Female Only),Mecca,2023-05-01,335.70308416100363,38.0,3,8.834291688447465,
Skincare (Female Only),Mecca,2023-06-01,340.12023000522737,38.5,3,8.834291688447465,
Skincare (Female Only),Mecca,2023-07-01,353.3716675378986,40.0,3,8.834291688447465,
Skincare (Female Only),Mecca,2023-08-01,393.1259801359122,44.5,3,8.834291688447465,
Skincare (Female Only),Mecca,2023-09-01,384.2916884474647,43.5,3,8.834291688447465,
Skincare (Female Only),Mecca,2023-10-01,501.78776790381596,56.8,3,8.834291688447465,
Skincare (Female Only),Mecca,2023-11-01,655.9461578672242,74.25,3,8.834291688447465,
Skincare (Female Only),Mecca,2023-12-01,683.7741766858338,77.4,3,8.834291688447465,
Skincare (Female Only),Mecca,2024-01-01,388.70883429168845,44.0,3,8.834291688447465,
Skincare (Female Only),Mecca,2024-02-01,379.87454260324097,43.0,3,8.834291688447465,
Skincare (Female Only),Mecca,2024-03-01,349.8379508625196,39.6,3,8.834291688447465,
Skincare (Female Only),Mecca,2024-04-01,386.5002613695766,43.75,3,8.834291688447465,
Skincare (Female Only),Mecca,2024-05-01,324.6602195504443,36.75,3,8.834291688447465,
Skincare (Female Only),Mecca,2024-06-01,337.4699424986932,38.2,3,8.834291688447465,
Skincare (Female Only),Mecca,2024-07-01,382.08311552535287,43.25,3,8.834291688447465,
Skincare (Female Only),Mecca,2024-08-01,355.58024046001043,40.25,3,8.834291688447465,
Skincare (Female Only),Mecca,2024-09-01,355.13852587558813,40.2,3,8.834291688447465,
Skincare (Female Only),Mecca,2024-10-01,419.62885520125457,47.5,3,8.834291688447465,
Skincare (Female Only),Mecca,2024-11-01,534.4746471510716,60.5,3,8.834291688447465,
Skincare (Female Only),Mecca,2024-12-01,625.4678515420804,70.8,3,8.834291688447465,
Skincare (Female Only),Mecca,2025-01-01,333.4945112388918,37.75,3,8.834291688447465,
Skincare (Female Only),Mecca,2025-02-01,315.8259278619969,35.75,3,8.834291688447465,
Skincare (Female Only),Mecca,2025-03-01,300.36591740721383,34.0,3,8.834291688447465,
Skincare (Female Only),Mecca Cosmetica,2021-08-01,17.66858337689493,2.0,3,8.834291688447465,
Skincare (Female Only),Mecca Cosmetica,2021-09-01,17.66858337689493,2.0,3,8.834291688447465,
Skincare (Female Only),Mecca Cosmetica,2021-10-01,17.66858337689493,2.0,3,8.834291688447465,
Skincare (Female Only),Mecca Cosmetica,2021-11-01,17.66858337689493,2.0,3,8.834291688447465,
Skincare (Female Only),Mecca Cosmetica,2021-12-01,22.08572922111866,2.5,3,8.834291688447465,
Skincare (Female Only),Mecca Cosmetica,2022-01-01,10.601150026136958,1.2,3,8.834291688447465,
Skincare (Female Only),Mecca Cosmetica,2022-02-01,11.04286461055933,1.25,3,8.834291688447465,
Skincare (Female Only),Mecca Cosmetica,2022-03-01,13.251437532671197,1.5,3,8.834291688447465,
Skincare (Female Only),Mecca Cosmetica,2022-04-01,15.460010454783063,1.75,3,8.834291688447465,
Skincare (Female Only),Mecca Cosmetica,2022-05-01,14.134866701515945,1.6,3,8.834291688447465,
Skincare (Female Only),Mecca Cosmetica,2022-06-01,17.66858337689493,2.0,3,8.834291688447465,
Skincare (Female Only),Mecca Cosmetica,2022-07-01,17.66858337689493,2.0,3,8.834291688447465,
Skincare (Female Only),Mecca Cosmetica,2022-08-01,17.66858337689493,2.0,3,8.834291688447465,
Skincare (Female Only),Mecca Cosmetica,2022-09-01,17.66858337689493,2.0,3,8.834291688447465,
Skincare (Female Only),Mecca Cosmetica,2022-10-01,17.66858337689493,2.0,3,8.834291688447465,
Skincare (Female Only),Mecca Cosmetica,2022-11-01,17.66858337689493,2.0,3,8.834291688447465,
Skincare (Female Only),Mecca Cosmetica,2022-12-01,24.294302143230528,2.75,3,8.834291688447465,
Skincare (Female Only),Mecca Cosmetica,2023-01-01,15.901725039205436,1.8,3,8.834291688447465,
Skincare (Female Only),Mecca Cosmetica,2023-02-01,17.66858337689493,2.0,3,8.834291688447465,
Skincare (Female Only),Mecca Cosmetica,2023-03-01,13.251437532671197,1.5,3,8.834291688447465,
Skincare (Female Only),Mecca Cosmetica,2023-04-01,15.901725039205436,1.8,3,8.834291688447465,
Skincare (Female Only),Mecca Cosmetica,2023-05-01,17.66858337689493,2.0,3,8.834291688447465,
Skincare (Female Only),Mecca Cosmetica,2023-06-01,11.04286461055933,1.25,3,8.834291688447465,
Skincare (Female Only),Mecca Cosmetica,2023-07-01,17.66858337689493,2.0,3,8.834291688447465,
Skincare (Female Only),Mecca Cosmetica,2023-08-01,15.460010454783063,1.75,3,8.834291688447465,
Skincare (Female Only),Mecca Cosmetica,2023-09-01,11.04286461055933,1.25,3,8.834291688447465,
Skincare (Female Only),Mecca Cosmetica,2023-10-01,17.66858337689493,2.0,3,8.834291688447465,
Skincare (Female Only),Mecca Cosmetica,2023-11-01,17.66858337689493,2.0,3,8.834291688447465,
Skincare (Female Only),Mecca Cosmetica,2023-12-01,15.901725039205436,1.8,3,8.834291688447465,
Skincare (Female Only),Mecca Cosmetica,2024-01-01,8.834291688447465,1.0,3,8.834291688447465,
Skincare (Female Only),Mecca Cosmetica,2024-02-01,8.834291688447465,1.0,3,8.834291688447465,
Skincare (Female Only),Mecca Cosmetica,2024-03-01,8.834291688447465,1.0,3,8.834291688447465,
Skincare (Female Only),Mecca Cosmetica,2024-04-01,8.834291688447465,1.0,3,8.834291688447465,
Skincare (Female Only),Mecca Cosmetica,2024-05-01,8.834291688447465,1.0,3,8.834291688447465,
Skincare (Female Only),Mecca Cosmetica,2024-06-01,8.834291688447465,1.0,3,8.834291688447465,
Skincare (Female Only),Mecca Cosmetica,2024-07-01,8.834291688447465,1.0,3,8.834291688447465,
Skincare (Female Only),Mecca Cosmetica,2024-08-01,8.834291688447465,1.0,3,8.834291688447465,
Skincare (Female Only),Mecca Cosmetica,2024-09-01,8.834291688447465,1.0,3,8.834291688447465,
Skincare (Female Only),Mecca Cosmetica,2024-10-01,8.834291688447465,1.0,3,8.834291688447465,
Skincare (Female Only),Mecca Cosmetica,2024-11-01,8.834291688447465,1.0,3,8.834291688447465,
Skincare (Female Only),Mecca Cosmetica,2024-12-01,8.834291688447465,1.0,3,8.834291688447465,
Skincare (Female Only),Mecca Cosmetica,2025-01-01,8.834291688447465,1.0,3,8.834291688447465,
Skincare (Female Only),Mecca Cosmetica,2025-02-01,8.834291688447465,1.0,3,8.834291688447465,
Skincare (Female Only),Mecca Cosmetica,2025-03-01,8.834291688447465,1.0,3,8.834291688447465,
Skincare (Female Only),Paula's Choice,2021-08-01,17.66858337689493,2.0,3,8.834291688447465,
Skincare (Female Only),Paula's Choice,2021-09-01,17.66858337689493,2.0,3,8.834291688447465,
Skincare (Female Only),Paula's Choice,2021-10-01,12.36800836382645,1.4,3,8.834291688447465,
Skincare (Female Only),Paula's Choice,2021-11-01,13.251437532671197,1.5,3,8.834291688447465,
Skincare (Female Only),Paula's Choice,2021-12-01,13.251437532671197,1.5,3,8.834291688447465,
Skincare (Female Only),Paula's Choice,2022-01-01,17.66858337689493,2.0,3,8.834291688447465,
Skincare (Female Only),Paula's Choice,2022-02-01,17.66858337689493,2.0,3,8.834291688447465,
Skincare (Female Only),Paula's Choice,2022-03-01,17.66858337689493,2.0,3,8.834291688447465,
Skincare (Female Only),Paula's Choice,2022-04-01,19.877156299006796,2.25,3,8.834291688447465,
Skincare (Female Only),Paula's Choice,2022-05-01,15.901725039205436,1.8,3,8.834291688447465,
Skincare (Female Only),Paula's Choice,2022-06-01,17.66858337689493,2.0,3,8.834291688447465,
Skincare (Female Only),Paula's Choice,2022-07-01,17.66858337689493,2.0,3,8.834291688447465,
Skincare (Female Only),Paula's Choice,2022-08-01,17.66858337689493,2.0,3,8.834291688447465,
Skincare (Female Only),Paula's Choice,2022-09-01,17.66858337689493,2.0,3,8.834291688447465,
Skincare (Female Only),Paula's Choice,2022-10-01,17.66858337689493,2.0,3,8.834291688447465,
Skincare (Female Only),Paula's Choice,2022-11-01,17.66858337689493,2.0,3,8.834291688447465,
Skincare (Female Only),Paula's Choice,2022-12-01,19.877156299006796,2.25,3,8.834291688447465,
Skincare (Female Only),Paula's Choice,2023-01-01,17.66858337689493,2.0,3,8.834291688447465,
Skincare (Female Only),Paula's Choice,2023-02-01,17.66858337689493,2.0,3,8.834291688447465,
Skincare (Female Only),Paula's Choice,2023-03-01,17.66858337689493,2.0,3,8.834291688447465,
Skincare (Female Only),Paula's Choice,2023-04-01,17.66858337689493,2.0,3,8.834291688447465,
Skincare (Female Only),Paula's Choice,2023-05-01,17.66858337689493,2.0,3,8.834291688447465,
Skincare (Female Only),Paula's Choice,2023-06-01,17.66858337689493,2.0,3,8.834291688447465,
Skincare (Female Only),Paula's Choice,2023-07-01,17.66858337689493,2.0,3,8.834291688447465,
Skincare (Female Only),Paula's Choice,2023-08-01,17.66858337689493,2.0,3,8.834291688447465,
Skincare (Female Only),Paula's Choice,2023-09-01,17.66858337689493,2.0,3,8.834291688447465,
Skincare (Female Only),Paula's Choice,2023-10-01,17.66858337689493,2.0,3,8.834291688447465,
Skincare (Female Only),Paula's Choice,2023-11-01,19.877156299006796,2.25,3,8.834291688447465,
Skincare (Female Only),Paula's Choice,2023-12-01,15.901725039205436,1.8,3,8.834291688447465,
Skincare (Female Only),Paula's Choice,2024-01-01,17.66858337689493,2.0,3,8.834291688447465,
Skincare (Female Only),Paula's Choice,2024-02-01,15.460010454783063,1.75,3,8.834291688447465,
Skincare (Female Only),Paula's Choice,2024-03-01,17.66858337689493,2.0,3,8.834291688447465,
Skincare (Female Only),Paula's Choice,2024-04-01,17.66858337689493,2.0,3,8.834291688447465,
Skincare (Female Only),Paula's Choice,2024-05-01,17.66858337689493,2.0,3,8.834291688447465,
Skincare (Female Only),Paula's Choice,2024-06-01,12.36800836382645,1.4,3,8.834291688447465,
Skincare (Female Only),Paula's Choice,2024-07-01,15.460010454783063,1.75,3,8.834291688447465,
Skincare (Female Only),Paula's Choice,2024-08-01,17.66858337689493,2.0,3,8.834291688447465,
Skincare (Female Only),Paula's Choice,2024-09-01,15.901725039205436,1.8,3,8.834291688447465,
Skincare (Female Only),Paula's Choice,2024-10-01,13.251437532671197,1.5,3,8.834291688447465,
Skincare (Female Only),Paula's Choice,2024-11-01,13.251437532671197,1.5,3,8.834291688447465,
Skincare (Female Only),Paula's Choice,2024-12-01,15.901725039205436,1.8,3,8.834291688447465,
Skincare (Female Only),Paula's Choice,2025-01-01,13.251437532671197,1.5,3,8.834291688447465,
Skincare (Female Only),Paula's Choice,2025-02-01,13.251437532671197,1.5,3,8.834291688447465,
Skincare (Female Only),Paula's Choice,2025-03-01,12.36800836382645,1.4,3,8.834291688447465,
Skincare (Female Only),Revolution,2021-08-01,127.30696798493409,24.0,4,5.3044569993722535,
Skincare (Female Only),Revolution,2021-09-01,103.43691148775895,19.5,4,5.3044569993722535,
Skincare (Female Only),Revolution,2021-10-01,113.51537978656621,21.4,4,5.3044569993722535,
Skincare (Female Only),Revolution,2021-11-01,110.06748273697426,20.75,4,5.3044569993722535,
Skincare (Female Only),Revolution,2021-12-01,88.84965473948525,16.75,4,5.3044569993722535,
Skincare (Female Only),Revolution,2022-01-01,108.21092278719397,20.4,4,5.3044569993722535,
Skincare (Female Only),Revolution,2022-02-01,181.67765222849968,34.25,4,5.3044569993722535,
Skincare (Female Only),Revolution,2022-03-01,194.93879472693033,36.75,4,5.3044569993722535,
Skincare (Female Only),Revolution,2022-04-01,132.61142498430632,25.0,4,5.3044569993722535,
Skincare (Female Only),Revolution,2022-05-01,150.64657878217199,28.4,4,5.3044569993722535,
Skincare (Female Only),Revolution,2022-06-01,133.9375392341494,25.25,4,5.3044569993722535,
Skincare (Female Only),Revolution,2022-07-01,137.9158819836786,26.0,4,5.3044569993722535,
Skincare (Female Only),Revolution,2022-08-01,159.1337099811676,30.0,4,5.3044569993722535,
Skincare (Female Only),Revolution,2022-09-01,127.30696798493409,24.0,4,5.3044569993722535,
Skincare (Female Only),Revolution,2022-10-01,131.5505335844319,24.8,4,5.3044569993722535,
Skincare (Female Only),Revolution,2022-11-01,125.98085373509102,23.75,4,5.3044569993722535,
Skincare (Female Only),Revolution,2022-12-01,102.11079723791588,19.25,4,5.3044569993722535,
Skincare (Female Only),Revolution,2023-01-01,113.51537978656621,21.4,4,5.3044569993722535,
Skincare (Female Only),Revolution,2023-02-01,196.26490897677337,37.0,4,5.3044569993722535,
Skincare (Female Only),Revolution,2023-03-01,186.98210922787194,35.25,4,5.3044569993722535,
Skincare (Female Only),Revolution,2023-04-01,149.58568738229755,28.2,4,5.3044569993722535,
Skincare (Female Only),Revolution,2023-05-01,155.15536723163842,29.25,4,5.3044569993722535,
Skincare (Female Only),Revolution,2023-06-01,124.65473948524796,23.5,4,5.3044569993722535,
Skincare (Female Only),Revolution,2023-07-01,135.7940991839297,25.6,4,5.3044569993722535,
Skincare (Female Only),Revolution,2023-08-01,143.22033898305085,27.0,4,5.3044569993722535,
Skincare (Female Only),Revolution,2023-09-01,115.37193973634652,21.75,4,5.3044569993722535,
Skincare (Female Only),Revolution,2023-10-01,118.81983678593846,22.4,4,5.3044569993722535,
Skincare (Female Only),Revolution,2023-11-01,114.04582548650345,21.5,4,5.3044569993722535,
Skincare (Female Only),Revolution,2023-12-01,90.1757689893283,17.0,4,5.3044569993722535,
Skincare (Female Only),Revolution,2024-01-01,108.7413684871312,20.5,4,5.3044569993722535,
Skincare (Female Only),Revolution,2024-02-01,175.04708097928437,33.0,4,5.3044569993722535,
Skincare (Female Only),Revolution,2024-03-01,161.25549278091648,30.4,4,5.3044569993722535,
Skincare (Female Only),Revolution,2024-04-01,119.35028248587571,22.5,4,5.3044569993722535,
Skincare (Female Only),Revolution,2024-05-01,139.24199623352166,26.25,4,5.3044569993722535,
Skincare (Female Only),Revolution,2024-06-01,125.18518518518519,23.6,4,5.3044569993722535,
Skincare (Female Only),Revolution,2024-07-01,123.3286252354049,23.25,4,5.3044569993722535,
Skincare (Female Only),Revolution,2024-08-01,135.26365348399247,25.5,4,5.3044569993722535,
Skincare (Female Only),Revolution,2024-09-01,108.21092278719397,20.4,4,5.3044569993722535,
Skincare (Female Only),Revolution,2024-10-01,107.41525423728814,20.25,4,5.3044569993722535,
Skincare (Female Only),Revolution,2024-11-01,107.41525423728814,20.25,4,5.3044569993722535,
Skincare (Female Only),Revolution,2024-12-01,90.1757689893283,17.0,4,5.3044569993722535,
Skincare (Female Only),Revolution,2025-01-01,94.1541117388575,17.75,4,5.3044569993722535,
Skincare (Female Only),Revolution,2025-02-01,156.48148148148147,29.5,4,5.3044569993722535,
Skincare (Female Only),Revolution,2025-03-01,150.64657878217199,28.4,4,5.3044569993722535,
Skincare (Female Only),Soap & Glory,2021-08-01,0.0,0.0,4,5.3044569993722535,
Skincare (Female Only),Soap & Glory,2021-09-01,0.0,0.0,4,5.3044569993722535,
Skincare (Female Only),Soap & Glory,2021-10-01,0.0,0.0,4,5.3044569993722535,
Skincare (Female Only),Soap & Glory,2021-11-01,0.0,0.0,4,5.3044569993722535,
Skincare (Female Only),Soap & Glory,2021-12-01,0.0,0.0,4,5.3044569993722535,
Skincare (Female Only),Soap & Glory,2022-01-01,0.0,0.0,4,5.3044569993722535,
Skincare (Female Only),Soap & Glory,2022-02-01,0.0,0.0,4,5.3044569993722535,
Skincare (Female Only),Soap & Glory,2022-03-01,0.0,0.0,4,5.3044569993722535,
Skincare (Female Only),Soap & Glory,2022-04-01,0.0,0.0,4,5.3044569993722535,
Skincare (Female Only),Soap & Glory,2022-05-01,0.0,0.0,4,5.3044569993722535,
Skincare (Female Only),Soap & Glory,2022-06-01,0.0,0.0,4,5.3044569993722535,
Skincare (Female Only),Soap & Glory,2022-07-01,0.0,0.0,4,5.3044569993722535,
Skincare (Female Only),Soap & Glory,2022-08-01,0.0,0.0,4,5.3044569993722535,
Skincare (Female Only),Soap & Glory,2022-09-01,0.0,0.0,4,5.3044569993722535,
Skincare (Female Only),Soap & Glory,2022-10-01,0.0,0.0,4,5.3044569993722535,
Skincare (Female Only),Soap & Glory,2022-11-01,0.0,0.0,4,5.3044569993722535,
Skincare (Female Only),Soap & Glory,2022-12-01,0.0,0.0,4,5.3044569993722535,
Skincare (Female Only),Soap & Glory,2023-01-01,0.0,0.0,4,5.3044569993722535,
Skincare (Female Only),Soap & Glory,2023-02-01,0.0,0.0,4,5.3044569993722535,
Skincare (Female Only),Soap & Glory,2023-03-01,0.0,0.0,4,5.3044569993722535,
Skincare (Female Only),Soap & Glory,2023-04-01,0.0,0.0,4,5.3044569993722535,
Skincare (Female Only),Soap & Glory,2023-05-01,0.0,0.0,4,5.3044569993722535,
Skincare (Female Only),Soap & Glory,2023-06-01,0.0,0.0,4,5.3044569993722535,
Skincare (Female Only),Soap & Glory,2023-07-01,0.0,0.0,4,5.3044569993722535,
Skincare (Female Only),Soap & Glory,2023-08-01,0.0,0.0,4,5.3044569993722535,
Skincare (Female Only),Soap & Glory,2023-09-01,0.0,0.0,4,5.3044569993722535,
Skincare (Female Only),Soap & Glory,2023-10-01,0.0,0.0,4,5.3044569993722535,
Skincare (Female Only),Soap & Glory,2023-11-01,0.0,0.0,4,5.3044569993722535,
Skincare (Female Only),Soap & Glory,2023-12-01,0.0,0.0,4,5.3044569993722535,
Skincare (Female Only),Soap & Glory,2024-01-01,0.0,0.0,4,5.3044569993722535,
Skincare (Female Only),Soap & Glory,2024-02-01,0.0,0.0,4,5.3044569993722535,
Skincare (Female Only),Soap & Glory,2024-03-01,0.0,0.0,4,5.3044569993722535,
Skincare (Female Only),Soap & Glory,2024-04-01,0.0,0.0,4,5.3044569993722535,
Skincare (Female Only),Soap & Glory,2024-05-01,0.0,0.0,4,5.3044569993722535,
Skincare (Female Only),Soap & Glory,2024-06-01,0.0,0.0,4,5.3044569993722535,
Skincare (Female Only),Soap & Glory,2024-07-01,0.0,0.0,4,5.3044569993722535,
Skincare (Female Only),Soap & Glory,2024-08-01,0.0,0.0,4,5.3044569993722535,
Skincare (Female Only),Soap & Glory,2024-09-01,0.0,0.0,4,5.3044569993722535,
Skincare (Female Only),Soap & Glory,2024-10-01,0.0,0.0,4,5.3044569993722535,
Skincare (Female Only),Soap & Glory,2024-11-01,0.0,0.0,4,5.3044569993722535,
Skincare (Female Only),Soap & Glory,2024-12-01,0.0,0.0,4,5.3044569993722535,
Skincare (Female Only),Soap & Glory,2025-01-01,0.0,0.0,4,5.3044569993722535,
Skincare (Female Only),Soap & Glory,2025-02-01,0.0,0.0,4,5.3044569993722535,
Skincare (Female Only),Soap & Glory,2025-03-01,0.0,0.0,4,5.3044569993722535,
Skincare (Female Only),Software,2021-08-01,376.61644695543,71.0,4,5.3044569993722535,
Skincare (Female Only),Software,2021-09-01,379.2686754551161,71.5,4,5.3044569993722535,
Skincare (Female Only),Software,2021-10-01,358.5812931575643,67.6,4,5.3044569993722535,
Skincare (Female Only),Software,2021-11-01,360.7030759573132,68.0,4,5.3044569993722535,
Skincare (Female Only),Software,2021-12-01,315.6151914626491,59.5,4,5.3044569993722535,
Skincare (Female Only),Software,2022-01-01,389.34714375392343,73.4,4,5.3044569993722535,
Skincare (Female Only),Software,2022-02-01,491.9883866917765,92.75,4,5.3044569993722535,
Skincare (Female Only),Software,2022-03-01,497.2928436911488,93.75,4,5.3044569993722535,
Skincare (Female Only),Software,2022-04-01,476.07501569365974,89.75,4,5.3044569993722535,
Skincare (Female Only),Software,2022-05-01,489.0709353421218,92.2,4,5.3044569993722535,
Skincare (Female Only),Software,2022-06-01,474.7489014438167,89.5,4,5.3044569993722535,
Skincare (Female Only),Software,2022-07-01,492.2536095417451,92.8,4,5.3044569993722535,
Skincare (Female Only),Software,2022-08-01,494.64061519146264,93.25,4,5.3044569993722535,
Skincare (Female Only),Software,2022-09-01,441.5960451977401,83.25,4,5.3044569993722535,
Skincare (Female Only),Software,2022-10-01,466.7922159447583,88.0,4,5.3044569993722535,
Skincare (Female Only),Software,2022-11-01,429.66101694915255,81.0,4,5.3044569993722535,
Skincare (Female Only),Software,2022-12-01,376.61644695543,71.0,4,5.3044569993722535,
Skincare (Female Only),Software,2023-01-01,427.5392341494036,80.6,4,5.3044569993722535,
Skincare (Female Only),Software,2023-02-01,481.379472693032,90.75,4,5.3044569993722535,
Skincare (Female Only),Software,2023-03-01,469.44444444444446,88.5,4,5.3044569993722535,
Skincare (Female Only),Software,2023-04-01,462.5486503452605,87.2,4,5.3044569993722535,
Skincare (Female Only),Software,2023-05-01,461.4877589453861,87.0,4,5.3044569993722535,
Skincare (Female Only),Software,2023-06-01,446.90050219711236,84.25,4,5.3044569993722535,
Skincare (Female Only),Software,2023-07-01,456.1833019460138,86.0,4,5.3044569993722535,
Skincare (Female Only),Software,2023-08-01,434.9654739485248,82.0,4,5.3044569993722535,
Skincare (Female Only),Software,2023-09-01,408.4431889516635,77.0,4,5.3044569993722535,
Skincare (Female Only),Software,2023-10-01,413.7476459510358,78.0,4,5.3044569993722535,
Skincare (Female Only),Software,2023-11-01,403.13873195229127,76.0,4,5.3044569993722535,
Skincare (Female Only),Software,2023-12-01,353.27683615819205,66.6,4,5.3044569993722535,
Skincare (Female Only),Software,2024-01-01,413.7476459510358,78.0,4,5.3044569993722535,
Skincare (Female Only),Software,2024-02-01,472.09667294413055,89.0,4,5.3044569993722535,
Skincare (Female Only),Software,2024-03-01,448.7570621468926,84.6,4,5.3044569993722535,
Skincare (Female Only),Software,2024-04-01,444.2482736974262,83.75,4,5.3044569993722535,
Skincare (Female Only),Software,2024-05-01,450.87884494664155,85.0,4,5.3044569993722535,
Skincare (Female Only),Software,2024-06-01,434.9654739485248,82.0,4,5.3044569993722535,
Skincare (Female Only),Software,2024-07-01,448.2266164469554,84.5,4,5.3044569993722535,
Skincare (Female Only),Software,2024-08-01,434.9654739485248,82.0,4,5.3044569993722535,
Skincare (Female Only),Software,2024-09-01,409.504080351538,77.2,4,5.3044569993722535,
Skincare (Female Only),Software,2024-10-01,412.4215317011927,77.75,4,5.3044569993722535,
Skincare (Female Only),Software,2024-11-01,401.8126177024482,75.75,4,5.3044569993722535,
Skincare (Female Only),Software,2024-12-01,347.9723791588198,65.6,4,5.3044569993722535,
Skincare (Female Only),Software,2025-01-01,424.35655994978026,80.0,4,5.3044569993722535,
Skincare (Female Only),Software,2025-02-01,456.1833019460138,86.0,4,5.3044569993722535,
Skincare (Female Only),Software,2025-03-01,464.6704331450094,87.6,4,5.3044569993722535,
Skincare (Female Only),Sol de Janeiro,2021-08-01,0.0,0.0,4,5.3044569993722535,
Skincare (Female Only),Sol de Janeiro,2021-09-01,0.0,0.0,4,5.3044569993722535,
Skincare (Female Only),Sol de Janeiro,2021-10-01,3.182674199623352,0.6,4,5.3044569993722535,
Skincare (Female Only),Sol de Janeiro,2021-11-01,2.6522284996861267,0.5,4,5.3044569993722535,
Skincare (Female Only),Sol de Janeiro,2021-12-01,5.3044569993722535,1.0,4,5.3044569993722535,
Skincare (Female Only),Sol de Janeiro,2022-01-01,3.182674199623352,0.6,4,5.3044569993722535,
Skincare (Female Only),Sol de Janeiro,2022-02-01,5.3044569993722535,1.0,4,5.3044569993722535,
Skincare (Female Only),Sol de Janeiro,2022-03-01,5.3044569993722535,1.0,4,5.3044569993722535,
Skincare (Female Only),Sol de Janeiro,2022-04-01,5.3044569993722535,1.0,4,5.3044569993722535,
Skincare (Female Only),Sol de Janeiro,2022-05-01,5.3044569993722535,1.0,4,5.3044569993722535,
Skincare (Female Only),Sol de Janeiro,2022-06-01,6.630571249215317,1.25,4,5.3044569993722535,
Skincare (Female Only),Sol de Janeiro,2022-07-01,8.487131198995606,1.6,4,5.3044569993722535,
Skincare (Female Only),Sol de Janeiro,2022-08-01,13.261142498430633,2.5,4,5.3044569993722535,
Skincare (Female Only),Sol de Janeiro,2022-09-01,19.89171374764595,3.75,4,5.3044569993722535,
Skincare (Female Only),Sol de Janeiro,2022-10-01,20.15693659761456,3.8,4,5.3044569993722535,
Skincare (Female Only),Sol de Janeiro,2022-11-01,38.45731324544884,7.25,4,5.3044569993722535,
Skincare (Female Only),Sol de Janeiro,2022-12-01,42.43565599497803,8.0,4,5.3044569993722535,
Skincare (Female Only),Sol de Janeiro,2023-01-01,32.88763339610797,6.2,4,5.3044569993722535,
Skincare (Female Only),Sol de Janeiro,2023-02-01,22.543942247332076,4.25,4,5.3044569993722535,
Skincare (Female Only),Sol de Janeiro,2023-03-01,19.89171374764595,3.75,4,5.3044569993722535,
Skincare (Female Only),Sol de Janeiro,2023-04-01,20.15693659761456,3.8,4,5.3044569993722535,
Skincare (Female Only),Sol de Janeiro,2023-05-01,22.543942247332076,4.25,4,5.3044569993722535,
Skincare (Female Only),Sol de Janeiro,2023-06-01,26.522284996861266,5.0,4,5.3044569993722535,
Skincare (Female Only),Sol de Janeiro,2023-07-01,26.522284996861266,5.0,4,5.3044569993722535,
Skincare (Female Only),Sol de Janeiro,2023-08-01,33.15285624607658,6.25,4,5.3044569993722535,
Skincare (Female Only),Sol de Janeiro,2023-09-01,35.80508474576271,6.75,4,5.3044569993722535,
Skincare (Female Only),Sol de Janeiro,2023-10-01,50.92278719397363,9.6,4,5.3044569993722535,
Skincare (Female Only),Sol de Janeiro,2023-11-01,82.21908349026992,15.5,4,5.3044569993722535,
Skincare (Female Only),Sol de Janeiro,2023-12-01,88.05398618957942,16.6,4,5.3044569993722535,
Skincare (Female Only),Sol de Janeiro,2024-01-01,61.00125549278091,11.5,4,5.3044569993722535,
Skincare (Female Only),Sol de Janeiro,2024-02-01,58.34902699309479,11.0,4,5.3044569993722535,
Skincare (Female Only),Sol de Janeiro,2024-03-01,47.740112994350284,9.0,4,5.3044569993722535,
Skincare (Female Only),Sol de Janeiro,2024-04-01,39.7834274952919,7.5,4,5.3044569993722535,
Skincare (Female Only),Sol de Janeiro,2024-05-01,37.13119899560577,7.0,4,5.3044569993722535,
Skincare (Female Only),Sol de Janeiro,2024-06-01,40.31387319522912,7.6,4,5.3044569993722535,
Skincare (Female Only),Sol de Janeiro,2024-07-01,37.13119899560577,7.0,4,5.3044569993722535,
Skincare (Female Only),Sol de Janeiro,2024-08-01,38.45731324544884,7.25,4,5.3044569993722535,
Skincare (Female Only),Sol de Janeiro,2024-09-01,37.13119899560577,7.0,4,5.3044569993722535,
Skincare (Female Only),Sol de Janeiro,2024-10-01,42.43565599497803,8.0,4,5.3044569993722535,
Skincare (Female Only),Sol de Janeiro,2024-11-01,62.32736974262398,11.75,4,5.3044569993722535,
Skincare (Female Only),Sol de Janeiro,2024-12-01,58.34902699309479,11.0,4,5.3044569993722535,
Skincare (Female Only),Sol de Janeiro,2025-01-01,29.174513496547394,5.5,4,5.3044569993722535,
Skincare (Female Only),Sol de Janeiro,2025-02-01,25.196170747018204,4.75,4,5.3044569993722535,
Skincare (Female Only),Sol de Janeiro,2025-03-01,23.339610797237917,4.4,4,5.3044569993722535,
Skincare (Female Only),The Body Shop,2021-08-01,28.11173568888379,29.0,5,0.9693701961684066,
Skincare (Female Only),The Body Shop,2021-09-01,32.23155902259952,33.25,5,0.9693701961684066,
Skincare (Female Only),The Body Shop,2021-10-01,34.70345302282895,35.8,5,0.9693701961684066,
Skincare (Female Only),The Body Shop,2021-11-01,49.92256510267294,51.5,5,0.9693701961684066,
Skincare (Female Only),The Body Shop,2021-12-01,58.6468968681886,60.5,5,0.9693701961684066,
Skincare (Female Only),The Body Shop,2022-01-01,28.30560972811747,29.2,5,0.9693701961684066,
Skincare (Female Only),The Body Shop,2022-02-01,24.234254904210164,25.0,5,0.9693701961684066,
Skincare (Female Only),The Body Shop,2022-03-01,24.234254904210164,25.0,5,0.9693701961684066,
Skincare (Female Only),The Body Shop,2022-04-01,23.74956980612596,24.5,5,0.9693701961684066,
Skincare (Female Only),The Body Shop,2022-05-01,23.45875874727544,24.2,5,0.9693701961684066,
Skincare (Female Only),The Body Shop,2022-06-01,24.476597453252268,25.25,5,0.9693701961684066,
Skincare (Female Only),The Body Shop,2022-07-01,24.81587702191121,25.6,5,0.9693701961684066,
Skincare (Female Only),The Body Shop,2022-08-01,27.384708041757484,28.25,5,0.9693701961684066,
Skincare (Female Only),The Body Shop,2022-09-01,29.808133532178502,30.75,5,0.9693701961684066,
Skincare (Female Only),The Body Shop,2022-10-01,32.76471263049214,33.8,5,0.9693701961684066,
Skincare (Female Only),The Body Shop,2022-11-01,52.34599059309396,54.0,5,0.9693701961684066,
Skincare (Female Only),The Body Shop,2022-12-01,61.555007456693815,63.5,5,0.9693701961684066,
Skincare (Female Only),The Body Shop,2023-01-01,29.46885396351956,30.4,5,0.9693701961684066,
Skincare (Female Only),The Body Shop,2023-02-01,24.718940002294367,25.5,5,0.9693701961684066,
Skincare (Female Only),The Body Shop,2023-03-01,25.20362510037857,26.0,5,0.9693701961684066,
Skincare (Female Only),The Body Shop,2023-04-01,25.59137317884593,26.4,5,0.9693701961684066,
Skincare (Female Only),The Body Shop,2023-05-01,24.476597453252268,25.25,5,0.9693701961684066,
Skincare (Female Only),The Body Shop,2023-06-01,22.537857060915453,23.25,5,0.9693701961684066,
Skincare (Female Only),The Body Shop,2023-07-01,22.489388551107034,23.2,5,0.9693701961684066,
Skincare (Female Only),The Body Shop,2023-08-01,24.234254904210164,25.0,5,0.9693701961684066,
Skincare (Female Only),The Body Shop,2023-09-01,24.718940002294367,25.5,5,0.9693701961684066,
Skincare (Female Only),The Body Shop,2023-10-01,26.948491453481704,27.8,5,0.9693701961684066,
Skincare (Female Only),The Body Shop,2023-11-01,42.16760353332569,43.5,5,0.9693701961684066,
Skincare (Female Only),The Body Shop,2023-12-01,50.40725020075714,52.0,5,0.9693701961684066,
Skincare (Female Only),The Body Shop,2024-01-01,24.718940002294367,25.5,5,0.9693701961684066,
Skincare (Female Only),The Body Shop,2024-02-01,25.930652747504876,26.75,5,0.9693701961684066,
Skincare (Female Only),The Body Shop,2024-03-01,22.683262590340714,23.4,5,0.9693701961684066,
Skincare (Female Only),The Body Shop,2024-04-01,21.326144315704944,22.0,5,0.9693701961684066,
Skincare (Female Only),The Body Shop,2024-05-01,21.568486864747047,22.25,5,0.9693701961684066,
Skincare (Female Only),The Body Shop,2024-06-01,21.326144315704944,22.0,5,0.9693701961684066,
Skincare (Female Only),The Body Shop,2024-07-01,20.599116668578638,21.25,5,0.9693701961684066,
Skincare (Female Only),The Body Shop,2024-08-01,18.902718825283927,19.5,5,0.9693701961684066,
Skincare (Female Only),The Body Shop,2024-09-01,22.29551451187335,23.0,5,0.9693701961684066,
Skincare (Female Only),The Body Shop,2024-10-01,24.476597453252268,25.25,5,0.9693701961684066,
Skincare (Female Only),The Body Shop,2024-11-01,33.200929218767925,34.25,5,0.9693701961684066,
Skincare (Female Only),The Body Shop,2024-12-01,37.02994149363313,38.2,5,0.9693701961684066,
Skincare (Female Only),The Body Shop,2025-01-01,19.14506137432603,19.75,5,0.9693701961684066,
Skincare (Female Only),The Body Shop,2025-02-01,16.963978432947115,17.5,5,0.9693701961684066,
Skincare (Female Only),The Body Shop,2025-03-01,15.316049099460825,15.8,5,0.9693701961684066,
Skincare (Female Only),The Inkey List,2021-08-01,2.90811058850522,3.0,5,0.9693701961684066,
Skincare (Female Only),The Inkey List,2021-09-01,2.90811058850522,3.0,5,0.9693701961684066,
Skincare (Female Only),The Inkey List,2021-10-01,1.7448663531031319,1.8,5,0.9693701961684066,
Skincare (Female Only),The Inkey List,2021-11-01,1.45405529425261,1.5,5,0.9693701961684066,
Skincare (Female Only),The Inkey List,2021-12-01,1.2117127452105083,1.25,5,0.9693701961684066,
Skincare (Female Only),The Inkey List,2022-01-01,2.714236549271538,2.8,5,0.9693701961684066,
Skincare (Female Only),The Inkey List,2022-02-01,2.4234254904210166,2.5,5,0.9693701961684066,
Skincare (Female Only),The Inkey List,2022-03-01,3.392795686589423,3.5,5,0.9693701961684066,
Skincare (Female Only),The Inkey List,2022-04-01,2.181082941378915,2.25,5,0.9693701961684066,
Skincare (Female Only),The Inkey List,2022-05-01,2.1326144315704947,2.2,5,0.9693701961684066,
Skincare (Female Only),The Inkey List,2022-06-01,2.665768039463118,2.75,5,0.9693701961684066,
Skincare (Female Only),The Inkey List,2022-07-01,2.90811058850522,3.0,5,0.9693701961684066,
Skincare (Female Only),The Inkey List,2022-08-01,3.1504531375473213,3.25,5,0.9693701961684066,
Skincare (Female Only),The Inkey List,2022-09-01,2.181082941378915,2.25,5,0.9693701961684066,
Skincare (Female Only),The Inkey List,2022-10-01,1.9387403923368132,2.0,5,0.9693701961684066,
Skincare (Female Only),The Inkey List,2022-11-01,2.665768039463118,2.75,5,0.9693701961684066,
Skincare (Female Only),The Inkey List,2022-12-01,2.665768039463118,2.75,5,0.9693701961684066,
Skincare (Female Only),The Inkey List,2023-01-01,2.90811058850522,3.0,5,0.9693701961684066,
Skincare (Female Only),The Inkey List,2023-02-01,1.9387403923368132,2.0,5,0.9693701961684066,
Skincare (Female Only),The Inkey List,2023-03-01,1.45405529425261,1.5,5,0.9693701961684066,
Skincare (Female Only),The Inkey List,2023-04-01,2.3264884708041755,2.4,5,0.9693701961684066,
Skincare (Female Only),The Inkey List,2023-05-01,2.181082941378915,2.25,5,0.9693701961684066,
Skincare (Female Only),The Inkey List,2023-06-01,1.6963978432947115,1.75,5,0.9693701961684066,
Skincare (Female Only),The Inkey List,2023-07-01,1.7448663531031319,1.8,5,0.9693701961684066,
Skincare (Female Only),The Inkey List,2023-08-01,1.9387403923368132,2.0,5,0.9693701961684066,
Skincare (Female Only),The Inkey List,2023-09-01,2.4234254904210166,2.5,5,0.9693701961684066,
Skincare (Female Only),The Inkey List,2023-10-01,2.714236549271538,2.8,5,0.9693701961684066,
Skincare (Female Only),The Inkey List,2023-11-01,2.4234254904210166,2.5,5,0.9693701961684066,
Skincare (Female Only),The Inkey List,2023-12-01,2.1326144315704947,2.2,5,0.9693701961684066,
Skincare (Female Only),The Inkey List,2024-01-01,1.9387403923368132,2.0,5,0.9693701961684066,
Skincare (Female Only),The Inkey List,2024-02-01,1.9387403923368132,2.0,5,0.9693701961684066,
Skincare (Female Only),The Inkey List,2024-03-01,0.7754961569347253,0.8,5,0.9693701961684066,
Skincare (Female Only),The Inkey List,2024-04-01,1.6963978432947115,1.75,5,0.9693701961684066,
Skincare (Female Only),The Inkey List,2024-05-01,0.9693701961684066,1.0,5,0.9693701961684066,
Skincare (Female Only),The Inkey List,2024-06-01,0.38774807846736264,0.4,5,0.9693701961684066,
Skincare (Female Only),The Inkey List,2024-07-01,1.6963978432947115,1.75,5,0.9693701961684066,
Skincare (Female Only),The Inkey List,2024-08-01,0.727027647126305,0.75,5,0.9693701961684066,
Skincare (Female Only),The Inkey List,2024-09-01,0.7754961569347253,0.8,5,0.9693701961684066,
Skincare (Female Only),The Inkey List,2024-10-01,0.4846850980842033,0.5,5,0.9693701961684066,
Skincare (Female Only),The Inkey List,2024-11-01,0.24234254904210165,0.25,5,0.9693701961684066,
Skincare (Female Only),The Inkey List,2024-12-01,0.7754961569347253,0.8,5,0.9693701961684066,
Skincare (Female Only),The Inkey List,2025-01-01,0.4846850980842033,0.5,5,0.9693701961684066,
Skincare (Female Only),The Inkey List,2025-02-01,0.4846850980842033,0.5,5,0.9693701961684066,
Skincare (Female Only),The Inkey List,2025-03-01,0.7754961569347253,0.8,5,0.9693701961684066,
Skincare (Female Only),The Ordinary,2021-08-01,65.91717333945165,68.0,5,0.9693701961684066,
Skincare (Female Only),The Ordinary,2021-09-01,64.46311804519904,66.5,5,0.9693701961684066,
Skincare (Female Only),The Ordinary,2021-10-01,49.437880004588735,51.0,5,0.9693701961684066,
Skincare (Female Only),The Ordinary,2021-11-01,49.92256510267294,51.5,5,0.9693701961684066,
Skincare (Female Only),The Ordinary,2021-12-01,41.68291843524148,43.0,5,0.9693701961684066,
Skincare (Female Only),The Ordinary,2022-01-01,48.85625788688769,50.4,5,0.9693701961684066,
Skincare (Female Only),The Ordinary,2022-02-01,52.10364804405185,53.75,5,0.9693701961684066,
Skincare (Female Only),The Ordinary,2022-03-01,60.58563726052541,62.5,5,0.9693701961684066,
Skincare (Female Only),The Ordinary,2022-04-01,68.09825628083057,70.25,5,0.9693701961684066,
Skincare (Female Only),The Ordinary,2022-05-01,62.81518871171274,64.8,5,0.9693701961684066,
Skincare (Female Only),The Ordinary,2022-06-01,67.85591373178846,70.0,5,0.9693701961684066,
Skincare (Female Only),The Ordinary,2022-07-01,73.6721349087989,76.0,5,0.9693701961684066,
Skincare (Female Only),The Ordinary,2022-08-01,72.7027647126305,75.0,5,0.9693701961684066,
Skincare (Female Only),The Ordinary,2022-09-01,74.15682000688311,76.5,5,0.9693701961684066,
Skincare (Female Only),The Ordinary,2022-10-01,72.31501663416313,74.6,5,0.9693701961684066,
Skincare (Female Only),The Ordinary,2022-11-01,81.42709647814615,84.0,5,0.9693701961684066,
Skincare (Female Only),The Ordinary,2022-12-01,68.82528392795686,71.0,5,0.9693701961684066,
Skincare (Female Only),The Ordinary,2023-01-01,70.18240220259264,72.4,5,0.9693701961684066,
Skincare (Female Only),The Ordinary,2023-02-01,60.827979809567516,62.75,5,0.9693701961684066,
Skincare (Female Only),The Ordinary,2023-03-01,64.94780314328324,67.0,5,0.9693701961684066,
Skincare (Female Only),The Ordinary,2023-04-01,73.86600894803259,76.2,5,0.9693701961684066,
Skincare (Female Only),The Ordinary,2023-05-01,70.27933922220947,72.5,5,0.9693701961684066,
Skincare (Female Only),The Ordinary,2023-06-01,72.21807961454628,74.5,5,0.9693701961684066,
Skincare (Female Only),The Ordinary,2023-07-01,77.54961569347253,80.0,5,0.9693701961684066,
Skincare (Female Only),The Ordinary,2023-08-01,80.21538373293565,82.75,5,0.9693701961684066,
Skincare (Female Only),The Ordinary,2023-09-01,78.51898588964093,81.0,5,0.9693701961684066,
Skincare (Female Only),The Ordinary,2023-10-01,70.18240220259264,72.4,5,0.9693701961684066,
Skincare (Female Only),The Ordinary,2023-11-01,83.60817941952507,86.25,5,0.9693701961684066,
Skincare (Female Only),The Ordinary,2023-12-01,72.5088906733968,74.8,5,0.9693701961684066,
Skincare (Female Only),The Ordinary,2024-01-01,68.34059882987266,70.5,5,0.9693701961684066,
Skincare (Female Only),The Ordinary,2024-02-01,59.616267064357004,61.5,5,0.9693701961684066,
Skincare (Female Only),The Ordinary,2024-03-01,62.233566594011705,64.2,5,0.9693701961684066,
Skincare (Female Only),The Ordinary,2024-04-01,62.52437765286223,64.5,5,0.9693701961684066,
Skincare (Female Only),The Ordinary,2024-05-01,59.8586096133991,61.75,5,0.9693701961684066,
Skincare (Female Only),The Ordinary,2024-06-01,57.192841573935986,59.0,5,0.9693701961684066,
Skincare (Female Only),The Ordinary,2024-07-01,62.76672020190433,64.75,5,0.9693701961684066,
Skincare (Female Only),The Ordinary,2024-08-01,59.616267064357004,61.5,5,0.9693701961684066,
Skincare (Female Only),The Ordinary,2024-09-01,62.42744063324539,64.4,5,0.9693701961684066,
Skincare (Female Only),The Ordinary,2024-10-01,60.34329471148331,62.25,5,0.9693701961684066,
Skincare (Female Only),The Ordinary,2024-11-01,71.24870941837789,73.5,5,0.9693701961684066,
Skincare (Female Only),The Ordinary,2024-12-01,62.81518871171274,64.8,5,0.9693701961684066,
Skincare (Female Only),The Ordinary,2025-01-01,66.40185843753585,68.5,5,0.9693701961684066,
Skincare (Female Only),The Ordinary,2025-02-01,63.49374784903063,65.5,5,0.9693701961684066,
Skincare (Female Only),The Ordinary,2025-03-01,63.20293679018011,65.2,5,0.9693701961684066,
Skincare (Female Only),Ultra Violette,2021-08-01,4.846850980842033,5.0,5,0.9693701961684066,
Skincare (Female Only),Ultra Violette,2021-09-01,5.573878627968337,5.75,5,0.9693701961684066,
Skincare (Female Only),Ultra Violette,2021-10-01,8.142709647814616,8.4,5,0.9693701961684066,
Skincare (Female Only),Ultra Violette,2021-11-01,7.270276471263049,7.5,5,0.9693701961684066,
Skincare (Female Only),Ultra Violette,2021-12-01,7.027933922220948,7.25,5,0.9693701961684066,
Skincare (Female Only),Ultra Violette,2022-01-01,6.591717333945165,6.8,5,0.9693701961684066,
Skincare (Female Only),Ultra Violette,2022-02-01,4.604508431799931,4.75,5,0.9693701961684066,
Skincare (Female Only),Ultra Violette,2022-03-01,4.36216588275783,4.5,5,0.9693701961684066,
Skincare (Female Only),Ultra Violette,2022-04-01,4.846850980842033,5.0,5,0.9693701961684066,
Skincare (Female Only),Ultra Violette,2022-05-01,3.683606745439945,3.8,5,0.9693701961684066,
Skincare (Female Only),Ultra Violette,2022-06-01,4.119823333715728,4.25,5,0.9693701961684066,
Skincare (Female Only),Ultra Violette,2022-07-01,4.45910290237467,4.6,5,0.9693701961684066,
Skincare (Female Only),Ultra Violette,2022-08-01,9.693701961684067,10.0,5,0.9693701961684066,
Skincare (Female Only),Ultra Violette,2022-09-01,6.3009062750946425,6.5,5,0.9693701961684066,
Skincare (Female Only),Ultra Violette,2022-10-01,5.81622117701044,6.0,5,0.9693701961684066,
Skincare (Female Only),Ultra Violette,2022-11-01,7.512619020305151,7.75,5,0.9693701961684066,
Skincare (Female Only),Ultra Violette,2022-12-01,7.270276471263049,7.5,5,0.9693701961684066,
Skincare (Female Only),Ultra Violette,2023-01-01,6.397843294711483,6.6,5,0.9693701961684066,
Skincare (Female Only),Ultra Violette,2023-02-01,5.81622117701044,6.0,5,0.9693701961684066,
Skincare (Female Only),Ultra Violette,2023-03-01,4.36216588275783,4.5,5,0.9693701961684066,
Skincare (Female Only),Ultra Violette,2023-04-01,5.234599059309396,5.4,5,0.9693701961684066,
Skincare (Female Only),Ultra Violette,2023-05-01,5.331536078926236,5.5,5,0.9693701961684066,
Skincare (Female Only),Ultra Violette,2023-06-01,5.089193529884135,5.25,5,0.9693701961684066,
Skincare (Female Only),Ultra Violette,2023-07-01,5.234599059309396,5.4,5,0.9693701961684066,
Skincare (Female Only),Ultra Violette,2023-08-01,5.573878627968337,5.75,5,0.9693701961684066,
Skincare (Female Only),Ultra Violette,2023-09-01,15.994608236778708,16.5,5,0.9693701961684066,
Skincare (Female Only),Ultra Violette,2023-10-01,6.591717333945165,6.8,5,0.9693701961684066,
Skincare (Female Only),Ultra Violette,2023-11-01,9.693701961684067,10.0,5,0.9693701961684066,
Skincare (Female Only),Ultra Violette,2023-12-01,10.856946197086152,11.2,5,0.9693701961684066,
Skincare (Female Only),Ultra Violette,2024-01-01,8.96667431455776,9.25,5,0.9693701961684066,
Skincare (Female Only),Ultra Violette,2024-02-01,5.81622117701044,6.0,5,0.9693701961684066,
Skincare (Female Only),Ultra Violette,2024-03-01,4.652976941608351,4.8,5,0.9693701961684066,
Skincare (Female Only),Ultra Violette,2024-04-01,5.089193529884135,5.25,5,0.9693701961684066,
Skincare (Female Only),Ultra Violette,2024-05-01,4.36216588275783,4.5,5,0.9693701961684066,
Skincare (Female Only),Ultra Violette,2024-06-01,4.652976941608351,4.8,5,0.9693701961684066,
Skincare (Female Only),Ultra Violette,2024-07-01,5.089193529884135,5.25,5,0.9693701961684066,
Skincare (Female Only),Ultra Violette,2024-08-01,5.81622117701044,6.0,5,0.9693701961684066,
Skincare (Female Only),Ultra Violette,2024-09-01,11.63244235402088,12.0,5,0.9693701961684066,
Skincare (Female Only),Ultra Violette,2024-10-01,6.543248824136745,6.75,5,0.9693701961684066,
Skincare (Female Only),Ultra Violette,2024-11-01,10.17838705976827,10.5,5,0.9693701961684066,
Skincare (Female Only),Ultra Violette,2024-12-01,9.693701961684067,10.0,5,0.9693701961684066,
Skincare (Female Only),Ultra Violette,2025-01-01,7.754961569347253,8.0,5,0.9693701961684066,
Skincare (Female Only),Ultra Violette,2025-02-01,5.089193529884135,5.25,5,0.9693701961684066,
Skincare (Female Only),Ultra Violette,2025-03-01,5.428473098543076,5.6,5,0.9693701961684066,
Skincare (Female Only),alya skin.,2021-08-01,0.0,0.0,6,1.5031575202348124,
Skincare (Female Only),alya skin.,2021-09-01,0.0,0.0,6,1.5031575202348124,
Skincare (Female Only),alya skin.,2021-10-01,0.0,0.0,6,1.5031575202348124,
Skincare (Female Only),alya skin.,2021-11-01,0.0,0.0,6,1.5031575202348124,
Skincare (Female Only),alya skin.,2021-12-01,0.0,0.0,6,1.5031575202348124,
Skincare (Female Only),alya skin.,2022-01-01,0.0,0.0,6,1.5031575202348124,
Skincare (Female Only),alya skin.,2022-02-01,0.0,0.0,6,1.5031575202348124,
Skincare (Female Only),alya skin.,2022-03-01,0.0,0.0,6,1.5031575202348124,
Skincare (Female Only),alya skin.,2022-04-01,0.0,0.0,6,1.5031575202348124,
Skincare (Female Only),alya skin.,2022-05-01,0.0,0.0,6,1.5031575202348124,
Skincare (Female Only),alya skin.,2022-06-01,0.0,0.0,6,1.5031575202348124,
Skincare (Female Only),alya skin.,2022-07-01,0.0,0.0,6,1.5031575202348124,
Skincare (Female Only),alya skin.,2022-08-01,0.0,0.0,6,1.5031575202348124,
Skincare (Female Only),alya skin.,2022-09-01,0.0,0.0,6,1.5031575202348124,
Skincare (Female Only),alya skin.,2022-10-01,0.0,0.0,6,1.5031575202348124,
Skincare (Female Only),alya skin.,2022-11-01,0.0,0.0,6,1.5031575202348124,
Skincare (Female Only),alya skin.,2022-12-01,0.0,0.0,6,1.5031575202348124,
Skincare (Female Only),alya skin.,2023-01-01,0.0,0.0,6,1.5031575202348124,
Skincare (Female Only),alya skin.,2023-02-01,0.0,0.0,6,1.5031575202348124,
Skincare (Female Only),alya skin.,2023-03-01,0.0,0.0,6,1.5031575202348124,
Skincare (Female Only),alya skin.,2023-04-01,0.0,0.0,6,1.5031575202348124,
Skincare (Female Only),alya skin.,2023-05-01,0.0,0.0,6,1.5031575202348124,
Skincare (Female Only),alya skin.,2023-06-01,0.0,0.0,6,1.5031575202348124,
Skincare (Female Only),alya skin.,2023-07-01,0.0,0.0,6,1.5031575202348124,
Skincare (Female Only),alya skin.,2023-08-01,0.0,0.0,6,1.5031575202348124,
Skincare (Female Only),alya skin.,2023-09-01,0.0,0.0,6,1.5031575202348124,
Skincare (Female Only),alya skin.,2023-10-01,0.0,0.0,6,1.5031575202348124,
Skincare (Female Only),alya skin.,2023-11-01,0.0,0.0,6,1.5031575202348124,
Skincare (Female Only),alya skin.,2023-12-01,0.0,0.0,6,1.5031575202348124,
Skincare (Female Only),alya skin.,2024-01-01,0.0,0.0,6,1.5031575202348124,
Skincare (Female Only),alya skin.,2024-02-01,0.0,0.0,6,1.5031575202348124,
Skincare (Female Only),alya skin.,2024-03-01,0.0,0.0,6,1.5031575202348124,
Skincare (Female Only),alya skin.,2024-04-01,0.0,0.0,6,1.5031575202348124,
Skincare (Female Only),alya skin.,2024-05-01,0.0,0.0,6,1.5031575202348124,
Skincare (Female Only),alya skin.,2024-06-01,0.0,0.0,6,1.5031575202348124,
Skincare (Female Only),alya skin.,2024-07-01,0.0,0.0,6,1.5031575202348124,
Skincare (Female Only),alya skin.,2024-08-01,0.0,0.0,6,1.5031575202348124,
Skincare (Female Only),alya skin.,2024-09-01,0.0,0.0,6,1.5031575202348124,
Skincare (Female Only),alya skin.,2024-10-01,0.0,0.0,6,1.5031575202348124,
Skincare (Female Only),alya skin.,2024-11-01,0.0,0.0,6,1.5031575202348124,
Skincare (Female Only),alya skin.,2024-12-01,0.0,0.0,6,1.5031575202348124,
Skincare (Female Only),alya skin.,2025-01-01,0.0,0.0,6,1.5031575202348124,
Skincare (Female Only),alya skin.,2025-02-01,0.0,0.0,6,1.5031575202348124,
Skincare (Female Only),alya skin.,2025-03-01,0.0,0.0,6,1.5031575202348124,
Skincare (Female Only),endota,2021-08-01,36.0757804856355,24.0,6,1.5031575202348124,
Skincare (Female Only),endota,2021-09-01,42.46419994663345,28.25,6,1.5031575202348124,
Skincare (Female Only),endota,2021-10-01,74.25598149959973,49.4,6,1.5031575202348124,
Skincare (Female Only),endota,2021-11-01,95.82629191496929,63.75,6,1.5031575202348124,
Skincare (Female Only),endota,2021-12-01,125.88944231966553,83.75,6,1.5031575202348124,
Skincare (Female Only),endota,2022-01-01,84.77808414124341,56.4,6,1.5031575202348124,
Skincare (Female Only),endota,2022-02-01,85.67997865338431,57.0,6,1.5031575202348124,
Skincare (Female Only),endota,2022-03-01,78.53998043226895,52.25,6,1.5031575202348124,
Skincare (Female Only),endota,2022-04-01,80.79471671262117,53.75,6,1.5031575202348124,
Skincare (Female Only),endota,2022-05-01,94.39829227074621,62.8,6,1.5031575202348124,
Skincare (Female Only),endota,2022-06-01,81.92208485279728,54.5,6,1.5031575202348124,
Skincare (Female Only),endota,2022-07-01,79.96798007649203,53.2,6,1.5031575202348124,
Skincare (Female Only),endota,2022-08-01,82.67366361291468,55.0,6,1.5031575202348124,
Skincare (Female Only),endota,2022-09-01,83.04945299297339,55.25,6,1.5031575202348124,
Skincare (Female Only),endota,2022-10-01,76.05977052388151,50.6,6,1.5031575202348124,
Skincare (Female Only),endota,2022-11-01,82.67366361291468,55.0,6,1.5031575202348124,
Skincare (Female Only),endota,2022-12-01,118.74944409855019,79.0,6,1.5031575202348124,
Skincare (Female Only),endota,2023-01-01,88.08503068576,58.6,6,1.5031575202348124,
Skincare (Female Only),endota,2023-02-01,74.78208663168192,49.75,6,1.5031575202348124,
Skincare (Female Only),endota,2023-03-01,74.03050787156451,49.25,6,1.5031575202348124,
Skincare (Female Only),endota,2023-04-01,76.36040202792847,50.8,6,1.5031575202348124,
Skincare (Female Only),endota,2023-05-01,84.9283998932669,56.5,6,1.5031575202348124,
Skincare (Female Only),endota,2023-06-01,74.40629725162322,49.5,6,1.5031575202348124,
Skincare (Female Only),endota,2023-07-01,74.5566130036467,49.6,6,1.5031575202348124,
Skincare (Female Only),endota,2023-08-01,71.77577159121229,47.75,6,1.5031575202348124,
Skincare (Female Only),endota,2023-09-01,74.78208663168192,49.75,6,1.5031575202348124,
Skincare (Female Only),endota,2023-10-01,72.151560971271,48.0,6,1.5031575202348124,
Skincare (Female Only),endota,2023-11-01,78.16419105221024,52.0,6,1.5031575202348124,
Skincare (Female Only),endota,2023-12-01,116.9456550742684,77.8,6,1.5031575202348124,
Skincare (Female Only),endota,2024-01-01,79.66734857244506,53.0,6,1.5031575202348124,
Skincare (Female Only),endota,2024-02-01,78.53998043226895,52.25,6,1.5031575202348124,
Skincare (Female Only),endota,2024-03-01,67.94271991461352,45.2,6,1.5031575202348124,
Skincare (Female Only),endota,2024-04-01,79.29155919238636,52.75,6,1.5031575202348124,
Skincare (Female Only),endota,2024-05-01,85.3041892733256,56.75,6,1.5031575202348124,
Skincare (Female Only),endota,2024-06-01,72.75282397936492,48.4,6,1.5031575202348124,
Skincare (Female Only),endota,2024-07-01,73.6547184915058,49.0,6,1.5031575202348124,
Skincare (Female Only),endota,2024-08-01,69.14524593080137,46.0,6,1.5031575202348124,
Skincare (Female Only),endota,2024-09-01,72.151560971271,48.0,6,1.5031575202348124,
Skincare (Female Only),endota,2024-10-01,65.01156275015563,43.25,6,1.5031575202348124,
Skincare (Female Only),endota,2024-11-01,75.90945477185802,50.5,6,1.5031575202348124,
Skincare (Female Only),endota,2024-12-01,112.73681401761093,75.0,6,1.5031575202348124,
Skincare (Female Only),endota,2025-01-01,75.53366539179932,50.25,6,1.5031575202348124,
Skincare (Female Only),endota,2025-02-01,73.2789291114471,48.75,6,1.5031575202348124,
Skincare (Female Only),endota,2025-03-01,69.14524593080137,46.0,6,1.5031575202348124,
Skincare (Female Only),tbh Skincare,2021-08-01,0.0,0.0,6,1.5031575202348124,
Skincare (Female Only),tbh Skincare,2021-09-01,0.0,0.0,6,1.5031575202348124,
Skincare (Female Only),tbh Skincare,2021-10-01,0.0,0.0,6,1.5031575202348124,
Skincare (Female Only),tbh Skincare,2021-11-01,0.0,0.0,6,1.5031575202348124,
Skincare (Female Only),tbh Skincare,2021-12-01,0.0,0.0,6,1.5031575202348124,
Skincare (Female Only),tbh Skincare,2022-01-01,0.0,0.0,6,1.5031575202348124,
Skincare (Female Only),tbh Skincare,2022-02-01,0.0,0.0,6,1.5031575202348124,
Skincare (Female Only),tbh Skincare,2022-03-01,0.0,0.0,6,1.5031575202348124,
Skincare (Female Only),tbh Skincare,2022-04-01,0.0,0.0,6,1.5031575202348124,
Skincare (Female Only),tbh Skincare,2022-05-01,0.0,0.0,6,1.5031575202348124,
Skincare (Female Only),tbh Skincare,2022-06-01,0.0,0.0,6,1.5031575202348124,
Skincare (Female Only),tbh Skincare,2022-07-01,0.0,0.0,6,1.5031575202348124,
Skincare (Female Only),tbh Skincare,2022-08-01,0.0,0.0,6,1.5031575202348124,
Skincare (Female Only),tbh Skincare,2022-09-01,0.0,0.0,6,1.5031575202348124,
Skincare (Female Only),tbh Skincare,2022-10-01,0.3006315040469625,0.2,6,1.5031575202348124,
Skincare (Female Only),tbh Skincare,2022-11-01,2.630525660410922,1.75,6,1.5031575202348124,
Skincare (Female Only),tbh Skincare,2022-12-01,1.5031575202348124,1.0,6,1.5031575202348124,
Skincare (Female Only),tbh Skincare,2023-01-01,1.5031575202348124,1.0,6,1.5031575202348124,
Skincare (Female Only),tbh Skincare,2023-02-01,2.630525660410922,1.75,6,1.5031575202348124,
Skincare (Female Only),tbh Skincare,2023-03-01,3.006315040469625,2.0,6,1.5031575202348124,
Skincare (Female Only),tbh Skincare,2023-04-01,2.7056835364226623,1.8,6,1.5031575202348124,
Skincare (Female Only),tbh Skincare,2023-05-01,2.630525660410922,1.75,6,1.5031575202348124,
Skincare (Female Only),tbh Skincare,2023-06-01,3.006315040469625,2.0,6,1.5031575202348124,
Skincare (Female Only),tbh Skincare,2023-07-01,2.7056835364226623,1.8,6,1.5031575202348124,
Skincare (Female Only),tbh Skincare,2023-08-01,2.630525660410922,1.75,6,1.5031575202348124,
Skincare (Female Only),tbh Skincare,2023-09-01,1.8789469002935155,1.25,6,1.5031575202348124,
Skincare (Female Only),tbh Skincare,2023-10-01,2.4050520323757,1.6,6,1.5031575202348124,
Skincare (Female Only),tbh Skincare,2023-11-01,3.3821044205283277,2.25,6,1.5031575202348124,
Skincare (Female Only),tbh Skincare,2023-12-01,2.4050520323757,1.6,6,1.5031575202348124,
Skincare (Female Only),tbh Skincare,2024-01-01,3.3821044205283277,2.25,6,1.5031575202348124,
Skincare (Female Only),tbh Skincare,2024-02-01,3.3821044205283277,2.25,6,1.5031575202348124,
Skincare (Female Only),tbh Skincare,2024-03-01,3.60757804856355,2.4,6,1.5031575202348124,
Skincare (Female Only),tbh Skincare,2024-04-01,2.2547362803522186,1.5,6,1.5031575202348124,
Skincare (Female Only),tbh Skincare,2024-05-01,2.630525660410922,1.75,6,1.5031575202348124,
Skincare (Female Only),tbh Skincare,2024-06-01,2.1044205283287374,1.4,6,1.5031575202348124,
Skincare (Female Only),tbh Skincare,2024-07-01,6.3884194609979525,4.25,6,1.5031575202348124,
Skincare (Female Only),tbh Skincare,2024-08-01,3.006315040469625,2.0,6,1.5031575202348124,
Skincare (Female Only),tbh Skincare,2024-09-01,1.5031575202348124,1.0,6,1.5031575202348124,
Skincare (Female Only),tbh Skincare,2024-10-01,3.006315040469625,2.0,6,1.5031575202348124,
Skincare (Female Only),tbh Skincare,2024-11-01,3.3821044205283277,2.25,6,1.5031575202348124,
Skincare (Female Only),tbh Skincare,2024-12-01,2.1044205283287374,1.4,6,1.5031575202348124,
Skincare (Female Only),tbh Skincare,2025-01-01,4.509472560704437,3.0,6,1.5031575202348124,
Skincare (Female Only),tbh Skincare,2025-02-01,6.764208841056655,4.5,6,1.5031575202348124,
Skincare (Female Only),tbh Skincare,2025-03-01,4.8101040647514,3.2,6,1.5031575202348124,
