category_name,brand_name,q,sos,soc,consideration,awareness,n_months,esos,soc_next,d_soc
Asian Foods & Condiments,Bibigo,2024-07-01,0.06237070343172096,0.01635505128278366,0.036955705163,0.05242031386650001,2,0.0460156521489373,0.01940498034245929,0.003049929059675629
Asian Foods & Condiments,Chang's,2023-10-01,0.0038827226638546634,0.18000035185973204,0.3075259413313333,0.397716662773,3,-0.17611762919587737,0.18057337228858036,5.730204288483254e-4
Asian Foods & Condiments,Chang's,2024-01-01,0.007099495169542196,0.18972262116774868,0.36513695618266667,0.4502561957983333,3,-0.1826231259982065,0.14537023046006547,-0.04435239070768321
Asian Foods & Condiments,Chang's,2024-04-01,0,0.18057337228858036,0.315228066637,0.43397186214833333,3,-0.18057337228858036,0.13937993134272228,-0.041193440945858084
Asian Foods & Condiments,Chang's,2024-07-01,0.003772787750154686,0.14537023046006547,0.29143350763233333,0.39849408689,3,-0.1415974427099108,0.13497270512182785,-0.010397525338237623
Asian Foods & Condiments,Golden Wok,2023-10-01,0.023338288335030405,0.0811266183248114,0.13862363811033335,0.20168839100866667,3,-0.05778832998978099,0.06659366271748077,-0.01453295560733063
Asian Foods & Condiments,Golden Wok,2024-01-01,0.04732609847994792,0.08060337174243525,0.15479034367866668,0.21895239451166668,3,-0.03327727326248733,0.05625063711832491,-0.024352734624110334
Asian Foods & Condiments,Golden Wok,2024-04-01,0.053820762301874936,0.06659366271748077,0.11367236276800001,0.17937904523866668,3,-0.012772900415605831,0.053819296953891996,-0.012774365763588771
Asian Foods & Condiments,Golden Wok,2024-07-01,0.047077116060989986,0.05625063711832491,0.11238132886,0.18889185855566668,3,-0.009173521057334925,0.06101567250293159,0.004765035384606681
Asian Foods & Condiments,Hong Kong Dim Sim Kitchen,2023-10-01,0,0.060426187475800586,0.10339137802066667,0.14625669202333333,3,-0.060426187475800586,0.06148233100162088,0.0010561435258202925
Asian Foods & Condiments,Hong Kong Dim Sim Kitchen,2024-01-01,0,0.06634023693036262,0.12800323191500002,0.18910196655933334,3,-0.06634023693036262,0.04752261736056367,-0.018817619569798945
Asian Foods & Condiments,Hong Kong Dim Sim Kitchen,2024-04-01,0,0.06148233100162088,0.10698382451066667,0.14639915254566668,3,-0.06148233100162088,0.0366475607111687,-0.024834770290452175
Asian Foods & Condiments,Hong Kong Dim Sim Kitchen,2024-07-01,0.004008394466642548,0.04752261736056367,0.097838631678,0.13497102107466666,3,-0.04351422289392112,0.04206312798363534,-0.005459489376928334
Asian Foods & Condiments,Just Cook,2024-07-01,0.04416220751884761,0.00576492454142812,0.012405900557,0.022989142344,2,0.03839728297741949,0.00882161578552573,0.0030566912440976096
Asian Foods & Condiments,Kikkoman,2023-10-01,0.05990014487698041,0.2521886627760446,0.4315880952503333,0.5121942375433334,3,-0.1922885178990642,0.23583231538117105,-0.01635634739487357
Asian Foods & Condiments,Kikkoman,2024-01-01,0.032382139792122316,0.2395338363730529,0.46265891749,0.528916797593,3,-0.20715169658093058,0.21265534329924718,-0.026878493073805715
Asian Foods & Condiments,Kikkoman,2024-04-01,0.04952314834456728,0.23583231538117105,0.411757667365,0.49702840690466665,3,-0.18630916703660377,0.17507490812430637,-0.06075740725686468
Asian Foods & Condiments,Kikkoman,2024-07-01,0.057534584265831266,0.21265534329924718,0.42865747229033335,0.5293403323029999,3,-0.1551207590334159,0.17355292164405156,-0.03910242165519562
Asian Foods & Condiments,Lee Kum Kee,2024-07-01,0.14607255991868576,0.16320048862426334,0.36115761176600003,0.42989973627,2,-0.017127928705577583,0.15480923411645106,-0.008391254507812279
Asian Foods & Condiments,Lucky Kitchen,2024-07-01,0.022703437773048896,0.009902537538448643,0.02194758078,0.0398345308855,2,0.012800900234600253,0.00967575047637691,-2.267870620717323e-4
Asian Foods & Condiments,Marion's Kitchen,2024-07-01,0.11976640130541169,0.07309318913705132,0.1642554600415,0.2322136466405,2,0.04667321216836037,0.05851758329475287,-0.014575605842298445
Asian Foods & Condiments,Mr Chen's,2023-10-01,0.0038705866610917188,0.1589098152455502,0.2713710367266667,0.3833879044526667,3,-0.15503922858445848,0.18654698015776555,0.02763716491221535
Asian Foods & Condiments,Mr Chen's,2024-01-01,0.003940994595837974,0.16338177067189397,0.314526589992,0.4127485596973333,3,-0.159440776076056,0.1560042422235977,-0.0073775284482962555
Asian Foods & Condiments,Mr Chen's,2024-04-01,0,0.18654698015776555,0.32593018559933334,0.43503414188399997,3,-0.18654698015776555,0.1432902527338674,-0.04325672742389816
Asian Foods & Condiments,Mr Chen's,2024-07-01,0.008150087219907043,0.1560042422235977,0.31606258372466667,0.414261339657,3,-0.14785415500369067,0.12549755925216552,-0.030506682971432192
Asian Foods & Condiments,Obento,2023-10-01,0.061824137026386894,0.05944315813024157,0.101631588767,0.15315153588266667,3,0.0023809788961453235,0.06984532147231194,0.010402163342070371
Asian Foods & Condiments,Obento,2024-01-01,0.06910977922975829,0.06608775660822197,0.127798089585,0.19818526712266665,3,0.0030220226215363216,0.046210262009835724,-0.019877494598386246
Asian Foods & Condiments,Obento,2024-04-01,0.052551171990760724,0.06984532147231194,0.12319888843433334,0.17392363384666668,3,-0.017294149481551217,0.04775042903027117,-0.02209489244204077
Asian Foods & Condiments,Obento,2024-07-01,0.03997528848399975,0.046210262009835724,0.093374265844,0.14378467129,3,-0.006234973525835977,0.048675475676166056,0.002465213666330332
Asian Foods & Condiments,Pandaroo,2023-10-01,0.00726848052523845,0.09783084440740994,0.167056261072,0.269907536148,3,-0.0905623638821715,0.10664528959133142,0.00881444518392148
Asian Foods & Condiments,Pandaroo,2024-01-01,0.019455636519980946,0.0939885863128615,0.18163923508966667,0.2731234503423333,3,-0.07453294979288055,0.07367470543679568,-0.020313880876065823
Asian Foods & Condiments,Pandaroo,2024-04-01,0.017957341491291995,0.10664528959133142,0.18528513409433334,0.2940675892076667,3,-0.08868794810003942,0.06558213869613186,-0.04106315089519956
Asian Foods & Condiments,Pandaroo,2024-07-01,0.021362652642433692,0.07367470543679568,0.14855375092633333,0.25613183625266667,3,-0.052312052794361984,0.0718265619259601,-0.0018481435108355787
Asian Foods & Condiments,Roll’d,2023-10-01,0.4100572057772988,0.11007436178040965,0.18819581454666667,0.28981504193133334,3,0.2999828439968892,0.092480727389738,-0.017593634390671645
Asian Foods & Condiments,Roll’d,2024-01-01,0.39020636760822736,0.10034182019342311,0.19353251255166667,0.287847476949,3,0.2898645474148043,0.07663557798356145,-0.023706242209861658
Asian Foods & Condiments,Roll’d,2024-04-01,0.3702015136862765,0.092480727389738,0.160694430722,0.24524013145766665,3,0.2777207862965385,0.07185200268780458,-0.02062872470193343
Asian Foods & Condiments,Roll’d,2024-07-01,0.3642531794257619,0.07663557798356145,0.15866527786833334,0.27008217194566664,3,0.28761760144220044,0.07285234137159687,-0.0037832366119645855
Asian Foods & Condiments,Urban Eats,2024-07-01,0.0425550085727867,0.010198385038037158,0.022586855112000002,0.045468700241,2,0.03235662353474954,0.01831447050609926,0.008116085468062102
Audio Content,ABC Listen,2023-04-01,0.00303790046317124,0.06514622108730314,0.1419777251135,0.3385996330975,2,-0.0621083206241319,0.07830651268686971,0.013160291599566568
Audio Content,ABC Listen,2023-07-01,0.0020073393764884523,0.08607183384853279,0.20263875551,0.37608207899066665,3,-0.08406449447204434,0.08379094353525725,-0.002280890313275538
Audio Content,ABC Listen,2023-10-01,0.0012329368542246255,0.07830651268686971,0.18419562777966667,0.36836976473866667,3,-0.07707357583264508,0.08164987726530465,0.0033433645784349403
Audio Content,ABC Listen,2024-01-01,0.0016818543211098301,0.08379094353525725,0.194998426458,0.35350317358033334,3,-0.08210908921414742,0.08281301194281254,-9.779315924447057e-4
Audio Content,ABC Listen,2024-04-01,0.0018107597805425437,0.08164987726530465,0.19427011640699998,0.3694356724963333,3,-0.0798391174847621,0.08281047441355967,0.0011605971482550187
Audio Content,ABC Listen,2024-07-01,0.0024219983249576405,0.08281301194281254,0.18111495754966667,0.344691123489,3,-0.0803910136178549,0.08530001072823425,0.002486998785421704
Audio Content,Apple Music,2023-04-01,0.008724208799157085,0.11790099804369711,0.2544110447575,0.649027551687,2,-0.10917678924454002,0.12351851423077355,0.005617516187076441
Audio Content,Apple Music,2023-07-01,0.008775056841869055,0.12698592700245398,0.29949607087866664,0.697847802699,3,-0.11821087016058493,0.11176980403639622,-0.01521612296605776
Audio Content,Apple Music,2023-10-01,0.009888069333070024,0.12351851423077355,0.29021195104633335,0.6778712748760001,3,-0.11363044489770352,0.11146756040964009,-0.012050953821133456
Audio Content,Apple Music,2024-01-01,0.009033171420166766,0.11176980403639622,0.2588410409856667,0.6777634169583333,3,-0.10273663261622945,0.11688549897370093,0.00511569493730471
Audio Content,Apple Music,2024-04-01,0.009545259129061295,0.11146756040964009,0.2651652156643333,0.670892658998,3,-0.1019223012805788,0.11980175451767487,0.008334194108034779
Audio Content,Apple Music,2024-07-01,0.009260920639622607,0.11688549897370093,0.25471531553466664,0.6088246612179999,3,-0.10762457833407832,0.12065435852439584,0.0037688595506949057
Audio Content,Audible,2023-04-01,0.012519558030426918,0.09994635540695238,0.2160413755095,0.6559930257905,2,-0.08742679737652545,0.12899034120834146,0.02904398580138909
Audio Content,Audible,2023-07-01,0.011724987056145029,0.12671215606146355,0.297036684333,0.708085842494,3,-0.11498716900531852,0.12523659344337076,-0.001475562618092785
Audio Content,Audible,2023-10-01,0.0122673877856256,0.12899034120834146,0.3044694687223333,0.6898978376213333,3,-0.11672295342271587,0.1278316175778781,-0.0011587236304633763
Audio Content,Audible,2024-01-01,0.011184991299618603,0.12523659344337076,0.290511878837,0.6762331991630001,3,-0.11405160214375216,0.12987451238466216,0.004637918941291397
Audio Content,Audible,2024-04-01,0.010710590943746429,0.1278316175778781,0.30306840247,0.6997502704486667,3,-0.11712102663413165,0.1452020756643733,0.017370458086495205
Audio Content,Audible,2024-07-01,0.009467614202638837,0.12987451238466216,0.28474299506533335,0.6470466283913333,3,-0.12040689818202333,0.128534017185417,-0.001340495199245173
Audio Content,Mamamia,2023-04-01,0.00303790046317124,0.01586077811366692,0.0341287253785,0.1200302606715,2,-0.012822877650495678,0.016904129924745537,0.0010433518110786189
Audio Content,Mamamia,2023-07-01,0.0029944221161147784,0.021357504430650306,0.05042276947766667,0.136218481422,3,-0.01836308231453553,0.017803457030012734,-0.003554047400637573
Audio Content,Mamamia,2023-10-01,0.002967829466851149,0.016904129924745537,0.040076103343333336,0.114316045899,3,-0.013936300457894388,0.011723005793511173,-0.005181124131234364
Audio Content,Mamamia,2024-01-01,0.002940524032172577,0.017803457030012734,0.04129368395433333,0.12822634303799998,3,-0.014862932997840157,0.01910592202381396,0.001302464993801225
Audio Content,Mamamia,2024-04-01,0.003018939957222469,0.011723005793511173,0.027797978008,0.11948103941233333,3,-0.008704065836288705,0.01721026335251383,0.005487257559002657
Audio Content,Mamamia,2024-07-01,0.003088621690452529,0.01910592202381396,0.04244446231066666,0.10897010123433333,3,-0.01601730033336143,0.021747437508452712,0.0026415154846387533
Audio Content,SoundCloud,2023-04-01,0.011766767142092956,0.07541401018737143,0.16311906100649998,0.41308310183700003,2,-0.06364724304527847,0.07217155614501845,-0.003242454042352974
Audio Content,SoundCloud,2023-07-01,0.01082736392890773,0.06963149631556183,0.16506609802533334,0.3806463974186667,3,-0.0588041323866541,0.06956435080338556,-6.71455121762643e-5
Audio Content,SoundCloud,2023-10-01,0.010182580549320183,0.07217155614501845,0.17008414297666666,0.41255822995366664,3,-0.06198897559569827,0.06830763446875761,-0.0038639216762608453
Audio Content,SoundCloud,2024-01-01,0.010106286256822822,0.06956435080338556,0.159929198649,0.41899813339266667,3,-0.059458064546562744,0.07166548511174267,0.0021011343083571082
Audio Content,SoundCloud,2024-04-01,0.010909805840251361,0.06830763446875761,0.16242419884333334,0.381204470608,3,-0.057397828628506245,0.05364408396846775,-0.014663550500289856
Audio Content,SoundCloud,2024-07-01,0.010913577875231053,0.07166548511174267,0.15601860413966667,0.3527795945183333,3,-0.06075190723651162,0.05789959772379297,-0.013765887387949705
Audio Content,Spotify,2023-04-01,0.006831628616285699,0.32424242204449627,0.699829379841,0.903851588086,2,-0.31741079342821055,0.29584781426954826,-0.02839460777494801
Audio Content,Spotify,2023-07-01,0.00935609752607557,0.2888374281061608,0.679420625766,0.9107769317936667,3,-0.27948133058008523,0.3065742871084656,0.017736859002304817
Audio Content,Spotify,2023-10-01,0.01959718369727692,0.29584781426954826,0.6957365593993333,0.9137864551153333,3,-0.27625063057227134,0.3101208982287407,0.014273083959192467
Audio Content,Spotify,2024-01-01,0.053300155957106334,0.3065742871084656,0.7096180865166667,0.9050292236786667,3,-0.25327413115135927,0.3080305308114816,0.001456243703015947
Audio Content,Spotify,2024-04-01,0.02337292746301447,0.3101208982287407,0.7344698897966667,0.917559260879,3,-0.2867479707657263,0.2903649028283331,-0.019755995400407622
Audio Content,Spotify,2024-07-01,0.024072505849742704,0.3080305308114816,0.6742064198093334,0.844412537735,3,-0.2839580249617389,0.30715937826460543,-8.711525468761416e-4
Audio Content,YouTube,2023-04-01,0.9540820364856949,0.3014892151165127,0.6498018497485001,0.8892341704869999,2,0.6525928213691822,0.28426113153470306,-0.01722808358180966
Audio Content,YouTube,2023-07-01,0.9543147331543994,0.2804036542351767,0.6612715452276666,0.8919384625486667,3,0.6739110789192226,0.2852605640431118,0.0048569098079350725
Audio Content,YouTube,2023-10-01,0.9438640123136315,0.28426113153470306,0.668263626758,0.862870885368,3,0.6596028807789285,0.28889940625616767,0.004638274721464608
Audio Content,YouTube,2024-01-01,0.9117530167130031,0.2852605640431118,0.66003297794,0.8832496526566667,3,0.6264924526698914,0.27162503875178623,-0.013635525291325556
Audio Content,YouTube,2024-04-01,0.9406317168861614,0.28889940625616767,0.6856145244856666,0.885472380302,3,0.6517323106299937,0.2909664452550774,0.0020670389989097537
Audio Content,YouTube,2024-07-01,0.9407747614173546,0.27162503875178623,0.5944798420866667,0.7975529719933333,3,0.6691497226655684,0.2787052000651019,0.0070801613133156804
Body Care,Bosisto's,2024-07-01,0,0.06294697872168567,0.13000724833533334,0.28593613737400003,3,-0.06294697872168567,0.0662518930670862,0.0033049143454005336
Body Care,Dove,2023-07-01,0.3862557737890012,0.35310401315011475,0.6523677330290001,0.9052792101785,2,0.033151760638886474,0.3382674433365525,-0.01483656981356224
Body Care,Dove,2023-10-01,0.3781117894263886,0.35047416111770574,0.6621904219076666,0.909664248264,3,0.027637628308682882,0.34425804119978143,-0.006216119917924312
Body Care,Dove,2024-01-01,0.39890836962557674,0.3382674433365525,0.678731216817,0.9045745843633334,3,0.06064092628902423,0.2953790474377136,-0.042888395898838916
Body Care,Dove,2024-04-01,0.43472247273485176,0.34425804119978143,0.6973688511066667,0.901905706761,3,0.09046443153507033,0.3176056690230462,-0.026652372176735217
Body Care,Dove,2024-07-01,0.4648069595091954,0.2953790474377136,0.6089371850226667,0.841708205756,3,0.16942791207148183,0.31635775657651705,0.020978709138803453
Body Care,Epzen,2023-07-01,0.007274968760518739,0.004565573861567375,0.008429992174,0.028398798058,2,0.0027093948989513643,0.014511743258471061,0.009946169396903686
Body Care,Epzen,2023-10-01,0.007980712281385903,0.007345245480419603,0.014073455828666667,0.034560460190333334,3,6.354668009663006e-4,0.010292603435335812,0.002947357954916209
Body Care,Epzen,2024-01-01,0.006207135601812896,0.014511743258471061,0.029829728229999998,0.053923738065666665,3,-0.008304607656658164,0.01388469091569919,-6.270523427718711e-4
Body Care,Epzen,2024-04-01,0.008340417092633048,0.010292603435335812,0.020725999422666667,0.04239999910566667,3,-0.0019521863427027636,0.014679612865563081,0.0043870094302272695
Body Care,Epzen,2024-07-01,0.0031022859933103318,0.01388469091569919,0.028617466295666666,0.049341917342333334,3,-0.010782404922388859,0.014323810866716235,4.391199510170446e-4
Body Care,Freshwater Farm,2023-07-01,0.0027481522543666083,0.007240792193669642,0.013364336628999999,0.0373487285945,2,-0.004492639939303034,0.014046753398521215,0.0068059612048515725
Body Care,Freshwater Farm,2023-10-01,0.006188574580386319,0.008884268787322232,0.017116160565,0.042585983286,3,-0.002695694206935913,0.011267485337290386,0.002383216549968153
Body Care,Freshwater Farm,2024-01-01,0.0035378244482102534,0.014046753398521215,0.029253607638333335,0.0508013744,3,-0.01050892895031096,0.014605084682263621,5.583312837424068e-4
Body Care,Freshwater Farm,2024-04-01,0.0061532977500830584,0.011267485337290386,0.022675073877666665,0.046284457831,3,-0.005114187587207327,0.013564111092648799,0.002296625755358413
Body Care,Freshwater Farm,2024-07-01,0.006623031715342772,0.014605084682263621,0.030113953963666666,0.06328719715299999,3,-0.007982052966920849,0.012010920249728364,-0.002594164432535257
Body Care,Glow Lab,2023-07-01,0.054915870336059644,0.05403987739477824,0.09971230289899999,0.2154349812065,2,8.75992941281406e-4,0.06865506792933014,0.014615190534551903
Body Care,Glow Lab,2023-10-01,0.04783176975023887,0.06598377771473024,0.12584841032466668,0.24583762445633334,3,-0.018152007964491373,0.06754244467134797,0.0015586669566177297
Body Care,Glow Lab,2024-01-01,0.05310007301335383,0.06865506792933014,0.13901742928466665,0.27086872081833335,3,-0.015554994915976311,0.05938804862293969,-0.009267019306390449
Body Care,Glow Lab,2024-04-01,0.0483617717858769,0.06754244467134797,0.13679204771666667,0.262680179212,3,-0.019180672885471067,0.06229835526191957,-0.005244089409428401
Body Care,Glow Lab,2024-07-01,0.04664305381803674,0.05938804862293969,0.12273420172833334,0.25162988786566665,3,-0.012744994804902952,0.062310958681255205,0.002922910058315513
Body Care,My Soda,2023-07-01,0.06097790207912386,0.01574400710648184,0.0290883290555,0.0620123803165,2,0.04523389497264202,0.014247754824942341,-0.0014962522815395
Body Care,My Soda,2023-10-01,0.05873187010268438,0.017825467976040087,0.03393872671833333,0.06397269479966666,3,0.040906402126644294,0.019626562851136738,0.001801094875096651
Body Care,My Soda,2024-01-01,0.061519769249539315,0.014247754824942341,0.028923289835333335,0.065350535656,3,0.04727201442459697,0.022609576066213544,0.008361821241271203
Body Care,My Soda,2024-04-01,0.05470534688171424,0.019626562851136738,0.039632605802,0.082647903263,3,0.0350787840305775,0.01639614507847391,-0.003230417772662829
Body Care,My Soda,2024-07-01,0.050766601760956785,0.022609576066213544,0.046818368113999996,0.07744348556033333,3,0.02815702569474324,0.018218715808933778,-0.004390860257279767
Body Care,Palmolive,2023-07-01,0.1501065239019812,0.29262260070616253,0.540823820836,0.8246833440645001,2,-0.14251607680418132,0.2837277096800933,-0.008894891026069218
Body Care,Palmolive,2023-10-01,0.14707732035150592,0.2743174542301453,0.5195860366583334,0.8132378232913333,3,-0.1272401338786394,0.28661765718556476,0.012300202955419448
Body Care,Palmolive,2024-01-01,0.16886059868337844,0.2837277096800933,0.5706360121043333,0.8473691937956667,3,-0.11486711099671487,0.24693594794579313,-0.03679176173430018
Body Care,Palmolive,2024-04-01,0.15925575924845553,0.28661765718556476,0.580906258699,0.8518539622719999,3,-0.12736189793710923,0.24559877858169588,-0.04101887860386888
Body Care,Palmolive,2024-07-01,0.15273328491417568,0.24693594794579313,0.5096193147596667,0.783620403234,3,-0.09420266303161745,0.23583249808700996,-0.011103449858783171
Body Care,Sukin,2023-07-01,0.28646442407358397,0.1899793735967683,0.35111131450800004,0.624407989462,2,0.09648505047681566,0.1852941569838002,-0.004685216612968113
Body Care,Sukin,2023-10-01,0.28188936441257256,0.1900265863419722,0.35975710652933335,0.5910188795576666,3,0.09186277807060036,0.17725162705443734,-0.01277495928753486
Body Care,Sukin,2024-01-01,0.26029791577799877,0.1852941569838002,0.37404713380733334,0.60520266944,3,0.07500375879419857,0.17179164434018768,-0.013502512643612519
Body Care,Sukin,2024-04-01,0.24167919743774005,0.17725162705443734,0.3589599464393333,0.6047806708943333,3,0.06442757038330271,0.16455127634238378,-0.012700350712053554
Body Care,Sukin,2024-07-01,0.22789595748570332,0.17179164434018768,0.35375900132866667,0.556636283858,3,0.056104313145515644,0.16589375146576243,-0.005897892874425242
Body Care,Sundae Body,2024-07-01,0.0017456600814824558,0.03322064142051962,0.06874889362733333,0.12356143677933333,3,-0.031474981339037165,0.030411114954918547,-0.0028095264656010747
Body Care,Thankyou,2023-07-01,0.046679276031505235,0.08270376199045738,0.1527485641705,0.2435725000735,2,-0.03602448595895215,0.08124937058828922,-0.0014543914021681592
Body Care,Thankyou,2023-10-01,0.05082531848258025,0.08514303835166458,0.162185648884,0.249672107409,3,-0.03431771986908433,0.08314357826510556,-0.0019994600865590184
Body Care,Thankyou,2024-01-01,0.04229129934230146,0.08124937058828922,0.16354817633666668,0.2723151913103333,3,-0.03895807124598776,0.07923833984698428,-0.002011030741304945
Body Care,Thankyou,2024-04-01,0.04349698566587287,0.08314357826510556,0.168330837136,0.27887390389733335,3,-0.039646592599232686,0.08023919892217989,-0.0029043793429256726
Body Care,Thankyou,2024-07-01,0.04568316472179653,0.07923833984698428,0.163147708852,0.25597333375566667,3,-0.03355517512518775,0.07838858024207218,-8.497596049120981e-4
Breakfast or Health Foods,Brookfarm,2022-01-01,0.018792947356143088,0.03288025614010068,0.05383467696166667,0.08052816605133332,3,-0.01408730878395759,0.0183455472122696,-0.014534708927831076
Breakfast or Health Foods,Brookfarm,2022-04-01,0.015435194682874187,0.03736806987044466,0.057076562276333336,0.06837643017566666,3,-0.02193287518757047,0.028262416066077316,-0.009105653804367342
Breakfast or Health Foods,Brookfarm,2022-07-01,0.0054937003374148155,0.0183455472122696,0.026249568641,0.066085493808,3,-0.012851846874854786,0.03135811857696148,0.013012571364691881
Breakfast or Health Foods,Brookfarm,2022-10-01,0.013122156589907598,0.028262416066077316,0.03381165622166667,0.094757549,3,-0.015140259476169718,0.024995927891079135,-0.0032664881749981806
Breakfast or Health Foods,Brookfarm,2023-01-01,0.013693988594732117,0.03135811857696148,0.041834784026,0.09010168806366667,3,-0.017664129982229368,0.028448394259277466,-0.002909724317684017
Breakfast or Health Foods,Brookfarm,2023-04-01,0.03095556592550004,0.024995927891079135,0.03027643607433333,0.08782526428266667,3,0.005959638034420903,0.034493615822712,0.009497687931632866
Breakfast or Health Foods,Brookfarm,2023-07-01,0.0463756859056827,0.028448394259277466,0.035500338116,0.08297712298433334,3,0.017927291646405236,0.03141831699949305,0.0029699227402155866
Breakfast or Health Foods,Brookfarm,2023-10-01,0.04091781988388812,0.034493615822712,0.04298834356133333,0.09381343865933334,3,0.006424204061176116,0.0343625720563696,-1.3104376634240356e-4
Breakfast or Health Foods,Brookfarm,2024-01-01,0.03183528266494825,0.03141831699949305,0.04047675397,0.09897106461,3,4.169656654551962e-4,0.02882088255200784,-0.0025974344474852112
Breakfast or Health Foods,Brookfarm,2024-04-01,0.02962331022084465,0.0343625720563696,0.04817116783033333,0.112468292466,3,-0.004739261835524946,0.020792110620715627,-0.01357046143565397
Breakfast or Health Foods,Brookfarm,2024-07-01,0.050123186303016376,0.02882088255200784,0.036505679199666664,0.09903688466033334,3,0.021302303751008535,0.042376209205934996,0.013555326653927155
Breakfast or Health Foods,Carman's,2022-01-01,0.010555177736295373,0.22850102947714276,0.36170393195166667,0.5488611370813333,3,-0.21794585174084738,0.2280614417634933,-4.3958771364946414e-4
Breakfast or Health Foods,Carman's,2022-04-01,0,0.20528191240862279,0.31403963565733334,0.46908071276633334,3,-0.20528191240862279,0.22203048313435514,0.016748570725732354
Breakfast or Health Foods,Carman's,2022-07-01,0.006180412879591667,0.2280614417634933,0.3181816127,0.4945684421666667,3,-0.22188102888390163,0.22736498771014407,-6.964540533492269e-4
Breakfast or Health Foods,Carman's,2022-10-01,0.00433486740548306,0.22203048313435514,0.264811578805,0.4835768605626667,3,-0.21769561572887208,0.20497392839975073,-0.017056554734604407
Breakfast or Health Foods,Carman's,2023-01-01,0.023309126058914352,0.22736498771014407,0.30487410920566665,0.5304755626583333,3,-0.20405586165122971,0.20076852369025888,-0.02659646401988519
Breakfast or Health Foods,Carman's,2023-04-01,0,0.20497392839975073,0.24948477458766666,0.44779140143133334,3,-0.20497392839975073,0.22728328487604785,0.022309356476297115
Breakfast or Health Foods,Carman's,2023-07-01,0.005986239671672875,0.20076852369025888,0.25252611515900003,0.48793774091733333,3,-0.194782284018586,0.22681779502228727,0.02604927133202839
Breakfast or Health Foods,Carman's,2023-10-01,0,0.22728328487604785,0.281733374845,0.511711132008,3,-0.22728328487604785,0.2238149496843375,-0.003468335191710359
Breakfast or Health Foods,Carman's,2024-01-01,0,0.22681779502228727,0.29286072211633335,0.5185829136036666,3,-0.22681779502228727,0.2133360814930551,-0.013481713529232164
Breakfast or Health Foods,Carman's,2024-04-01,0,0.2238149496843375,0.3122279556,0.5393323152303333,3,-0.2238149496843375,0.22949237982995302,0.005677430145615531
Breakfast or Health Foods,Carman's,2024-07-01,0,0.2133360814930551,0.26700373264733335,0.4803153598336667,3,-0.2133360814930551,0.26778926385905394,0.05445318236599883
Breakfast or Health Foods,Farmer Jo,2022-01-01,0.010555177736295373,0.035878121184194714,0.05848964590766667,0.063960594991,3,-0.025322943447899343,0.020066940555292397,-0.015811180628902317
Breakfast or Health Foods,Farmer Jo,2022-04-01,0,0.03915506862711242,0.06092553486,0.052172318589666665,3,-0.03915506862711242,0.01674185574726897,-0.02241321287984345
Breakfast or Health Foods,Farmer Jo,2022-07-01,0.012684956518283004,0.020066940555292397,0.028897255151,0.069039711077,3,-0.007381984037009393,0.0304210072759969,0.010354066720704502
Breakfast or Health Foods,Farmer Jo,2022-10-01,0.004954134177694927,0.01674185574726897,0.020570384046666668,0.08464481816766667,3,-0.011787721569574042,0.01975354707557618,0.0030116913283072116
Breakfast or Health Foods,Farmer Jo,2023-01-01,0,0.0304210072759969,0.041320382866666665,0.09204261003633334,3,-0.0304210072759969,0.02279435916634332,-0.007626648109653578
Breakfast or Health Foods,Farmer Jo,2023-04-01,0,0.01975354707557618,0.023979829809333334,0.07614638880166667,3,-0.01975354707557618,0.02359224694569225,0.0038386998701160704
Breakfast or Health Foods,Farmer Jo,2023-07-01,0.004789826754141497,0.02279435916634332,0.028700559195333333,0.064377150206,3,-0.018004532412201825,0.026500437789348276,0.0037060786230049547
Breakfast or Health Foods,Farmer Jo,2023-10-01,0,0.02359224694569225,0.029417938547333333,0.07472897528933332,3,-0.02359224694569225,0.025042324312829947,0.0014500773671376962
Breakfast or Health Foods,Farmer Jo,2024-01-01,0.009698491656817214,0.026500437789348276,0.03440760950466667,0.08346479444933334,3,-0.01680194613253106,0.029035671643308742,0.002535233853960466
Breakfast or Health Foods,Farmer Jo,2024-04-01,0.03177155235640468,0.025042324312829947,0.03545516360866667,0.07932923085,3,0.006729228043574731,0.031934058324448775,0.0068917340116188275
Breakfast or Health Foods,Farmer Jo,2024-07-01,0.013119758567087539,0.029035671643308742,0.036649526722,0.10200137686733333,3,-0.015915913076221203,0.02221284479344121,-0.006822826849867531
Breakfast or Health Foods,Hubbards,2022-01-01,0.017127458676991718,0.035075947054139585,0.057400692967666665,0.066256929177,3,-0.017948488377147867,0.030262353068508087,-0.004813593985631498
Breakfast or Health Foods,Hubbards,2022-04-01,0.010135922906314149,0.025963292758812376,0.03948608507666666,0.055815573167,3,-0.015827369852498226,0.01892989955705572,-0.007033393201756655
Breakfast or Health Foods,Hubbards,2022-07-01,0.00546549605019987,0.030262353068508087,0.043705859553,0.08081241974,3,-0.024796857018308218,0.028692476949571586,-0.0015698761189365008
Breakfast or Health Foods,Hubbards,2022-10-01,0,0.01892989955705572,0.022608037046333334,0.06765527529166666,3,-0.01892989955705572,0.02010963392622299,0.001179734369167268
Breakfast or Health Foods,Hubbards,2023-01-01,0,0.028692476949571586,0.037947664964,0.101987728156,3,-0.028692476949571586,0.02335189396405185,-0.005340582985519735
Breakfast or Health Foods,Hubbards,2023-04-01,0.010411731334724698,0.02010963392622299,0.024897610138,0.07270909739566667,3,-0.009697902591498291,0.021683728667076706,0.0015740947408537168
Breakfast or Health Foods,Hubbards,2023-07-01,0.004235765427961444,0.02335189396405185,0.029378280659,0.07333288571866667,3,-0.019116128536090408,0.02829415806313009,0.0049422640990782404
Breakfast or Health Foods,Hubbards,2023-10-01,0.01132887335031889,0.021683728667076706,0.027049275648,0.08636776661533334,3,-0.010354855316757816,0.022844896033708487,0.0011611673666317816
Breakfast or Health Foods,Hubbards,2024-01-01,0.005089136955288912,0.02829415806313009,0.03750539955533333,0.087648465124,3,-0.02320502110784118,0.03500163681307346,0.006707478749943367
Breakfast or Health Foods,Hubbards,2024-04-01,0.004801636040891633,0.022844896033708487,0.031894492478333335,0.09147461169733334,3,-0.018043259992816855,0.02455644521475543,0.001711549181046941
Breakfast or Health Foods,Hubbards,2024-07-01,0.005863570020507578,0.03500163681307346,0.043880500246,0.101004878521,3,-0.02913806679256588,0.024881479382846367,-0.010120157430227091
Breakfast or Health Foods,Irrewarra,2022-01-01,0.028247565572201615,0.02560719592166133,0.04239632393166667,0.025877268419333334,3,0.002640369650540285,0.01875546004860733,-0.006851735873053998
Breakfast or Health Foods,Irrewarra,2022-04-01,0.03237279877583431,0.02311922150436348,0.03566300362166667,0.019058288418333333,3,0.009253577271470827,0.01585794058389169,-0.007261280920471791
Breakfast or Health Foods,Irrewarra,2022-07-01,0.005549668476748814,0.01875546004860733,0.025684319281,0.032443873403,3,-0.013205791571858517,0.00523624286590695,-0.013519217182700383
Breakfast or Health Foods,Irrewarra,2022-10-01,0.01337222394450526,0.01585794058389169,0.018790359699333334,0.029389871517666664,3,-0.00248571663938643,0.012787050468150957,-0.0030708901157407327
Breakfast or Health Foods,Irrewarra,2023-01-01,0.018146282673107875,0.00523624286590695,0.007236656380333334,0.03559202614733333,3,0.012910039807200926,0.0168776249201169,0.011641382054209951
Breakfast or Health Foods,Irrewarra,2023-04-01,0,0.012787050468150957,0.015494197359666666,0.029967193944333333,3,-0.012787050468150957,0.005838782547173701,-0.0069482679209772556
Breakfast or Health Foods,Irrewarra,2023-07-01,0.024613343715556475,0.0168776249201169,0.021068556406333334,0.035577626826333336,3,0.007735718795439574,0.012328179836306736,-0.004549445083810165
Breakfast or Health Foods,Irrewarra,2023-10-01,0.007118704403407185,0.005838782547173701,0.007109322988333333,0.022584333054666665,3,0.0012799218562334841,0.007672242091716838,0.001833459544543137
Breakfast or Health Foods,Irrewarra,2024-01-01,0.029591389064248533,0.012328179836306736,0.016167237762666667,0.028664690540666664,3,0.0172632092279418,0.013882157731658537,0.0015539778953518012
Breakfast or Health Foods,Irrewarra,2024-04-01,0.02363707757832077,0.007672242091716838,0.010594679949333333,0.025485736428333332,3,0.01596483548660393,0.011245656004932544,0.0035734139132157054
Breakfast or Health Foods,Irrewarra,2024-07-01,0.009056001386350715,0.013882157731658537,0.017373070356,0.03411674032933333,3,-0.004826156345307822,0.011392033968227041,-0.0024901237634314954
Breakfast or Health Foods,Jordans,2022-01-01,0.009295748940506145,0.10980429229844242,0.175720644963,0.27589389255200003,3,-0.10050854335793627,0.11444916257433267,0.0046448702758902505
Breakfast or Health Foods,Jordans,2022-04-01,0.010302778432229898,0.11926964669611444,0.18246775193033335,0.25428223141266665,3,-0.10896686826388453,0.10008393784008006,-0.019185708856034378
Breakfast or Health Foods,Jordans,2022-07-01,0.009613975590475927,0.11444916257433267,0.16009862981966666,0.24262141627266667,3,-0.10483518698385674,0.11342637141132429,-0.0010227911630083797
Breakfast or Health Foods,Jordans,2022-10-01,0.01464677161933698,0.10008393784008006,0.11988229329966667,0.24513901947299999,3,-0.08543716622074307,0.1119356848976654,0.011851747057585335
Breakfast or Health Foods,Jordans,2023-01-01,0.030202093989133726,0.11342637141132429,0.15194964373966668,0.250621128877,3,-0.08322427742219057,0.11584715613097984,0.0024207847196555526
Breakfast or Health Foods,Jordans,2023-04-01,0.0051682882712929526,0.1119356848976654,0.13655791626133335,0.24119660727,3,-0.10676739662637244,0.1024945614435871,-0.009441123454078298
Breakfast or Health Foods,Jordans,2023-07-01,0,0.11584715613097984,0.145974548135,0.26139671417866667,3,-0.11584715613097984,0.08416851470873656,-0.03167864142224329
Breakfast or Health Foods,Jordans,2023-10-01,0.007417350564947831,0.1024945614435871,0.12706117258066668,0.25910352315266666,3,-0.09507721087863927,0.10371288185202002,0.0012183204084329213
Breakfast or Health Foods,Jordans,2024-01-01,0,0.08416851470873656,0.109302043226,0.21756758412366667,3,-0.08416851470873656,0.11585973616734258,0.03169122145860602
Breakfast or Health Foods,Jordans,2024-04-01,0.011244548012243725,0.10371288185202002,0.14485316255166666,0.2944401230736667,3,-0.09246833383977629,0.10849924678259777,0.004786364930577755
Breakfast or Health Foods,Jordans,2024-07-01,0,0.11585973616734258,0.14527531400866667,0.2635887724443333,3,-0.11585973616734258,0.10241272033824123,-0.01344701582910135
Breakfast or Health Foods,Morning Sun,2022-01-01,0.2770222653162182,0.05698115439666624,0.090994200779,0.15647251049533334,3,0.22004111091955197,0.07945091566850211,0.02246976127183587
Breakfast or Health Foods,Morning Sun,2022-04-01,0.2599847916135217,0.06501041155941062,0.099308247354,0.146267687615,3,0.1949743800541111,0.052384914746916485,-0.012625496812494134
Breakfast or Health Foods,Morning Sun,2022-07-01,0.22595404921109422,0.07945091566850211,0.110667192758,0.19997359636633333,3,0.1465031335425921,0.058247451991148724,-0.021203463677353387
Breakfast or Health Foods,Morning Sun,2022-10-01,0.2820114711241183,0.052384914746916485,0.06308075501133334,0.20038883366366667,3,0.2296265563772018,0.06460467920345878,0.012219764456542291
Breakfast or Health Foods,Morning Sun,2023-01-01,0.2585966163332717,0.058247451991148724,0.07876551238166667,0.185252063168,3,0.20034916434212297,0.060679042429390706,0.0024315904382419817
Breakfast or Health Foods,Morning Sun,2023-04-01,0.22220951894676028,0.06460467920345878,0.07864436615,0.18017117480566666,3,0.1576048397433015,0.05781186186373557,-0.0067928173397232075
Breakfast or Health Foods,Morning Sun,2023-07-01,0.23349546418524342,0.060679042429390706,0.07670208697733333,0.186453900877,3,0.1728164217558527,0.0844769468863183,0.023797904456927588
Breakfast or Health Foods,Morning Sun,2023-10-01,0.25950836392390114,0.05781186186373557,0.07232873883633334,0.17118393185066666,3,0.20169650206016557,0.06373254120365442,0.005920679339918848
Breakfast or Health Foods,Morning Sun,2024-01-01,0.25646212020525727,0.0844769468863183,0.108589886892,0.233877423836,3,0.17198517331893898,0.06764740339855208,-0.01682954348776622
Breakfast or Health Foods,Morning Sun,2024-04-01,0.20917224080881555,0.06373254120365442,0.089278493006,0.19037307611966667,3,0.14543969960516112,0.05757207670872319,-0.006160464494931225
Breakfast or Health Foods,Morning Sun,2024-07-01,0.21888641683420257,0.06764740339855208,0.08473674194766667,0.21487387218666665,3,0.1512390134356505,0.07427403963452472,0.006626636235972649
Breakfast or Health Foods,Sonoma Bakery,2022-01-01,0.05611195252226863,0,0,0,3,0.05611195252226863,0.029842864692679993,0.029842864692679993
Breakfast or Health Foods,Sonoma Bakery,2022-04-01,0.0794360063178498,0.026488434365059974,0.040788739433,0.039734122854,3,0.05294757195278983,0.007965763968483983,-0.018522670396575992
Breakfast or Health Foods,Sonoma Bakery,2022-07-01,0.08827170907584006,0.029842864692679993,0.041890140692333336,0.05785339357066667,3,0.05842884438316007,0.02278090123615424,-0.007061963456525752
Breakfast or Health Foods,Sonoma Bakery,2022-10-01,0.1098438850332445,0.007965763968483983,0.009535731685666666,0.032610563610000004,3,0.10187812106476052,0.023282755544067273,0.01531699157558329
Breakfast or Health Foods,Sonoma Bakery,2023-01-01,0.09686468911513758,0.02278090123615424,0.03009042987,0.05673084888733333,3,0.07408378787898334,0.029137681648435505,0.006356780412281264
Breakfast or Health Foods,Sonoma Bakery,2023-04-01,0.08995118892175157,0.023282755544067273,0.028132116676666666,0.052811675841,3,0.0666684333776843,0.02917768497170652,0.005894929427639247
Breakfast or Health Foods,Sonoma Bakery,2023-07-01,0.03967005263357113,0.029137681648435505,0.036556679462666664,0.06789607559133333,3,0.010532370985135625,0.025269911719265528,-0.003867769929169977
Breakfast or Health Foods,Sonoma Bakery,2023-10-01,0.10673526789095213,0.02917768497170652,0.036507318974666664,0.059491983144,3,0.07755758291924561,0.04022997472544217,0.011052289753735654
Breakfast or Health Foods,Sonoma Bakery,2024-01-01,0.08782683971385737,0.025269911719265528,0.03314606037033334,0.056895131831,3,0.06255692799459184,0.01842599286567055,-0.006843918853594977
Breakfast or Health Foods,Sonoma Bakery,2024-04-01,0.05341994533222273,0.04022997472544217,0.056296763486999996,0.084566016107,3,0.013189970606780559,0.02544383589959286,-0.014786138825849313
Breakfast or Health Foods,Sonoma Bakery,2024-07-01,0.06543546111651524,0.01842599286567055,0.023269949043666666,0.057665958217000005,3,0.04700946825084469,0.02346705205014522,0.005041059184474669
Breakfast or Health Foods,Uncle Tobys,2022-01-01,0.5722917061430799,0.47527200352765225,0.7485427731556666,0.88660465411,3,0.09701970261542764,0.46076531441631446,-0.01450668911133779
Breakfast or Health Foods,Uncle Tobys,2022-04-01,0.5923325072713759,0.45834394221005925,0.691998810493,0.8325223256156666,3,0.13398856506131662,0.5377427883558706,0.07939884614581139
Breakfast or Health Foods,Uncle Tobys,2022-07-01,0.6407860318603517,0.46076531441631446,0.6424521453126667,0.8487486138216667,3,0.1800207174440372,0.4824724419827917,0.021707127566477247
Breakfast or Health Foods,Uncle Tobys,2022-10-01,0.5577144901057094,0.5377427883558706,0.6353631490246667,0.8537863557713333,3,0.019971701749838755,0.5175567925940285,-0.0201859957618421
Breakfast or Health Foods,Uncle Tobys,2023-01-01,0.5591872032357027,0.4824724419827917,0.644974536569,0.8652897535103333,3,0.07671476125291099,0.5020953237911455,0.01962288180835381
Breakfast or Health Foods,Uncle Tobys,2023-04-01,0.6413037065999705,0.5175567925940285,0.629587901755,0.8666579016343333,3,0.12374691400594195,0.4976242328622683,-0.019932559731760224
Breakfast or Health Foods,Uncle Tobys,2023-07-01,0.6408336217061704,0.5020953237911455,0.6321638789206667,0.8410649054236666,3,0.1387382979150249,0.48072573897511417,-0.02136958481603135
Breakfast or Health Foods,Uncle Tobys,2023-10-01,0.5669736199825847,0.4976242328622683,0.618465067163,0.8497049450303333,3,0.06934938712031635,0.47858761803992095,-0.019036614822347364
Breakfast or Health Foods,Uncle Tobys,2024-01-01,0.5794967397395824,0.48072573897511417,0.6205582860956667,0.8428340177076666,3,0.09877100076446821,0.47799043733533114,-0.0027353016397830276
Breakfast or Health Foods,Uncle Tobys,2024-04-01,0.6363296896502563,0.47858761803992095,0.6654393600753333,0.8629971832703334,3,0.15774207161033532,0.4904641906142808,0.011876572574359867
Breakfast or Health Foods,Uncle Tobys,2024-07-01,0.63751560577232,0.47799043733533114,0.5983053257583334,0.7979247209626666,3,0.15952516843698888,0.4311943567675853,-0.04679608056774587
Cafes,Cafe 63,2023-10-01,0.11770861669649701,0.046478124272855505,0.09477167412250001,0.122380079422,2,0.07123049242364152,0.053215121509393754,0.006736997236538249
Cafes,Cafe 63,2024-01-01,0.12603930450145728,0.04592637897135944,0.092403933902,0.12522599374933333,3,0.08011292553009784,0.04779449645858924,0.0018681174872298006
Cafes,Cafe 63,2024-04-01,0.12248232243558495,0.053215121509393754,0.112595593045,0.13844873961100002,3,0.0692672009261912,0.03917291571497601,-0.014042205794417742
Cafes,Cafe 63,2024-07-01,0.10648724199556626,0.04779449645858924,0.10575421717333333,0.146036630349,3,0.05869274553697702,0.04487226071978628,-0.0029222357388029585
Cafes,Gloria Jeans,2023-10-01,0.12789057952446553,0.23945586609366748,0.4880841698175,0.7812379084975,2,-0.11156528656920195,0.22515107205640822,-0.01430479403725926
Cafes,Gloria Jeans,2024-01-01,0.14020617093735585,0.2304276506086807,0.463369831663,0.7878453840346666,3,-0.09022147967132485,0.20911158999875432,-0.021316060609926385
Cafes,Gloria Jeans,2024-04-01,0.13693172506629625,0.22515107205640822,0.4765484042886667,0.8030462986363333,3,-0.08821934699011197,0.18999802035452731,-0.035153051701880905
Cafes,Gloria Jeans,2024-07-01,0.1180206426924848,0.20911158999875432,0.4635837708153333,0.7631747022903334,3,-0.09109094730626952,0.19196608150050998,-0.01714550849824434
Cafes,Jamaica Blue,2023-10-01,0.04238888894173374,0.13868822990098892,0.2828315433615,0.46862373246800004,2,-0.09629934095925519,0.14199933171656004,0.0033111018155711214
Cafes,Jamaica Blue,2024-01-01,0.04689603446471078,0.1380342817237761,0.277492290516,0.470904779166,3,-0.09113824725906533,0.12396083316781821,-0.014073448555957893
Cafes,Jamaica Blue,2024-04-01,0.043194558621787234,0.14199933171656004,0.300722211492,0.4795960522593333,3,-0.09880477309477281,0.11937114604929833,-0.022628185667261713
Cafes,Jamaica Blue,2024-07-01,0.04233617352276273,0.12396083316781821,0.27480927645433334,0.4516977555003333,3,-0.08162465964505548,0.11163561179413657,-0.012325221373681639
Cafes,Krispy Kreme,2023-10-01,0.32922492284071503,0,0,0,2,0.32922492284071503,0,0
Cafes,Krispy Kreme,2024-01-01,0.29809754729928123,0,0,0,3,0.29809754729928123,0.11563321723853655,0.11563321723853655
Cafes,Krispy Kreme,2024-04-01,0.3288835826276942,0,0,0,3,0.3288835826276942,0.16832140069737433,0.16832140069737433
Cafes,Krispy Kreme,2024-07-01,0.2895672676665695,0.11563321723853655,0.263415131867,0.483027810164,3,0.17393405042803295,0.1670863170937447,0.05145309985520814
Cafes,Starbucks,2023-10-01,0,0.2453511144919688,0.5002516981955,0.8831055132805,2,-0.2453511144919688,0.24330095110061364,-0.0020501633913551642
Cafes,Starbucks,2024-01-01,0,0.23059849687308312,0.46402828361933335,0.875616668565,3,-0.23059849687308312,0.21061499827479938,-0.019983498598283744
Cafes,Starbucks,2024-04-01,8.389176277971501e-4,0.24330095110061364,0.5153803631816667,0.8684304110953334,3,-0.2424620334728165,0.2059694738259167,-0.037331477274696934
Cafes,Starbucks,2024-07-01,0.12610286023690295,0.21061499827479938,0.46730130567833333,0.8439713756253333,3,-0.08451213803789642,0.18686227540417868,-0.02375272287062069
Cafes,The Coffee Club,2023-10-01,0.25382889924197205,0.24841842877669798,0.5063003193055,0.714873402865,2,0.00541047046527407,0.24970916438548255,0.0012907356087845656
Cafes,The Coffee Club,2024-01-01,0.26375020894115503,0.25935732980454784,0.52200469197,0.7705144384329999,3,0.004392879136607186,0.21473133653615337,-0.044625993268394476
Cafes,The Coffee Club,2024-04-01,0.25240557115101375,0.24970916438548255,0.5288985610646667,0.7398084791936667,3,0.0026964067655312063,0.21074195418317498,-0.03896721020230756
Cafes,The Coffee Club,2024-07-01,0.2214392827609962,0.21473133653615337,0.47572196743766665,0.707358910612,3,0.006707946224842831,0.20942481522916304,-0.0053065213069903305
Cafes,Zarraffa's,2023-10-01,0.12895809275461667,0.08160823646382126,0.166230793351,0.27393591317349997,2,0.04734985629079541,0.08662435923154188,0.005016122767720621
Cafes,Zarraffa's,2024-01-01,0.12501073385603978,0.09565586201855272,0.19256198874233332,0.3007646623033333,3,0.029354871837487057,0.07815352832534887,-0.01750233369320385
Cafes,Zarraffa's,2024-04-01,0.11526332246982647,0.08662435923154188,0.183431287241,0.297894280973,3,0.02863896323828459,0.0664250891747323,-0.020199270056809576
Cafes,Zarraffa's,2024-07-01,0.09604653112471763,0.07815352832534887,0.17333957634633335,0.299544480203,3,0.017893002799368757,0.08815263825848081,0.009999109933131939
Car Insurance,AAMI,2022-10-01,0.23023333566804885,0.23729999798999865,0.3863705789826667,0.8168975585166667,3,-0.0070666623219498015,0.2307307259214961,-0.006569272068502552
Car Insurance,AAMI,2023-01-01,0.21279667862841392,0.24710794345259554,0.41768810192,0.7825164263493333,3,-0.03431126482418162,0.22046886948627809,-0.026639073966317456
Car Insurance,AAMI,2023-04-01,0.18583283239299586,0.2307307259214961,0.40185832515733333,0.7826328269936667,3,-0.04489789352850024,0.24789980736554165,0.017169081444045553
Car Insurance,AAMI,2023-07-01,0.1912290074518232,0.22046886948627809,0.38438423529433335,0.7816613698406667,3,-0.02923986203445489,0.2511180133850213,0.030649143898743236
Car Insurance,AAMI,2023-10-01,0.19669715289088896,0.24789980736554165,0.412402225184,0.7945315275246667,3,-0.05120265447465269,0.2541089520827091,0.006209144717167464
Car Insurance,AAMI,2024-01-01,0.1877516909338625,0.2511180133850213,0.4224483207613333,0.8036166357733333,3,-0.06336632245115884,0.23954457744329236,-0.011573435941728966
Car Insurance,AAMI,2024-04-01,0.18609385797211203,0.2541089520827091,0.425681549553,0.790902723179,3,-0.06801509411059709,0.23252114622946193,-0.021587805853247183
Car Insurance,AAMI,2024-07-01,0.17968414265558755,0.23954457744329236,0.410869858725,0.8256884481353334,3,-0.05986043478770481,0.23695682680626723,-0.002587750637025127
Car Insurance,Bingle,2022-10-01,0.016073808338917576,0.0361552479787216,0.058893094498,0.4287809617346667,3,-0.020081439639804022,0.041635494227765316,0.005480246249043717
Car Insurance,Bingle,2023-01-01,0.025000164285223902,0.04103085067662199,0.06954875418966666,0.36748115679599996,3,-0.016030686391398086,0.03545525800142538,-0.005575592675196611
Car Insurance,Bingle,2023-04-01,0.025251410508608404,0.041635494227765316,0.072648819346,0.38332420884199997,3,-0.016384083719156912,0.03937041800816278,-0.0022650762196025354
Car Insurance,Bingle,2023-07-01,0.028309703414240626,0.03545525800142538,0.061913583413666665,0.33128003829433333,3,-0.007145554587184751,0.037049688791563666,0.001594430790138289
Car Insurance,Bingle,2023-10-01,0.026214413886641294,0.03937041800816278,0.06486227150166667,0.36519265425066666,3,-0.013156004121521486,0.03043537837736404,-0.008935039630798742
Car Insurance,Bingle,2024-01-01,0.022462376599435764,0.037049688791563666,0.06197278031433333,0.3459889284386667,3,-0.014587312192127902,0.04106942886445207,0.0040197400728884045
Car Insurance,Bingle,2024-04-01,0.02949297417576575,0.03043537837736404,0.051219643520333334,0.3498500710083333,3,-9.424042015982875e-4,0.03802706435494131,0.007591685977577273
Car Insurance,Bingle,2024-07-01,0.025056973642280565,0.04106942886445207,0.06991092358266666,0.364466586765,3,-0.016012455222171505,0.03394117184755467,-0.007128257016897399
Car Insurance,Budget Direct,2022-10-01,0.16682604861184477,0.1852727223584674,0.30167944308933337,0.7289741233323334,3,-0.01844667374662262,0.1849533481967385,-3.1937416172889144e-4
Car Insurance,Budget Direct,2023-01-01,0.16700584377966088,0.18249016196588919,0.30794696468933336,0.6977090706463334,3,-0.015484318186228307,0.19102490699909092,0.00853474503320173
Car Insurance,Budget Direct,2023-04-01,0.14207236242230153,0.1849533481967385,0.322413417248,0.7122472931553333,3,-0.04288098577443697,0.17506743408564276,-0.00988591411109574
Car Insurance,Budget Direct,2023-07-01,0.14847101255451206,0.19102490699909092,0.33257057629566666,0.6949099538676666,3,-0.042553894444578855,0.1847417999127097,-0.006283107086381218
Car Insurance,Budget Direct,2023-10-01,0.1552781975072889,0.17506743408564276,0.2905660373083333,0.7372768361893334,3,-0.019789236578353853,0.1806682075206629,0.005600773435020134
Car Insurance,Budget Direct,2024-01-01,0.15202816656859358,0.1847417999127097,0.310759554211,0.7197660036306667,3,-0.032713633344116116,0.19171937562965208,0.00697757571694238
Car Insurance,Budget Direct,2024-04-01,0.1500558176290009,0.1806682075206629,0.30267466100633333,0.71865382079,3,-0.030612389891662012,0.19688818694406116,0.016219979423398256
Car Insurance,Budget Direct,2024-07-01,0.1538776923688077,0.19171937562965208,0.33045615834733333,0.7457161641256667,3,-0.03784168326084439,0.1979746944679542,0.006255318838302132
Car Insurance,Huddle,2022-10-01,0.005364995545102448,0.004521323179037106,0.007364364126,0.03835249223466666,3,8.436723660653423e-4,0.008200244638413828,0.0036789214593767215
Car Insurance,Huddle,2023-01-01,0.005611058947209543,0.0084970410105345,0.014438559802,0.04701119151133333,3,-0.0028859820633249577,0.005027583439143387,-0.0034694575713911137
Car Insurance,Huddle,2023-04-01,0.0048417908870179325,0.008200244638413828,0.014248254193333332,0.036635266267666666,3,-0.003358453751395895,0.013816434183537814,0.0056161895451239865
Car Insurance,Huddle,2023-07-01,0.005766275250707064,0.005027583439143387,0.008863471249,0.035718336702333334,3,7.38691811563677e-4,0.005346910540418159,3.193271012747719e-4
Car Insurance,Huddle,2023-10-01,0.00507498888583667,0.013816434183537814,0.022743803655666667,0.058584199431666664,3,-0.008741445297701144,0.011433001515570106,-0.0023834326679677085
Car Insurance,Huddle,2024-01-01,0.004687201399460708,0.005346910540418159,0.008887644024333332,0.04657231160066667,3,-6.597091409574511e-4,0.01104203105625575,0.005695120515837592
Car Insurance,Huddle,2024-04-01,0.004514424033093409,0.011433001515570106,0.019103604126,0.057794168576,3,-0.006918577482476697,0.014671910680961622,0.0032389091653915163
Car Insurance,Huddle,2024-07-01,0.0040635911441736245,0.01104203105625575,0.019469136842333333,0.05869695711133333,3,-0.006978439912082126,0.006466708024546047,-0.0045753230317097035
Car Insurance,NRMA,2022-10-01,0.16433483083942485,0.21270334817098013,0.34627935143033334,0.709357114698,3,-0.04836851733155528,0.19306484104224536,-0.019638507128734772
Car Insurance,NRMA,2023-01-01,0.18365437965411646,0.18061648108127884,0.3055575354603333,0.693917018842,3,0.0030378985728376218,0.18850185079175252,0.007885369710473683
Car Insurance,NRMA,2023-04-01,0.17769091640056767,0.19306484104224536,0.3362480919886667,0.6948107309143333,3,-0.015373924641677694,0.19365838771767824,5.935466754328766e-4
Car Insurance,NRMA,2023-07-01,0.12589585821425064,0.18850185079175252,0.329224806389,0.685837347019,3,-0.06260599257750188,0.17301042138491482,-0.015491429406837703
Car Insurance,NRMA,2023-10-01,0.13734047804801836,0.19365838771767824,0.32109042872933335,0.6989293757483334,3,-0.05631790966965988,0.16937920986737312,-0.024279177850305117
Car Insurance,NRMA,2024-01-01,0.18476924249542473,0.17301042138491482,0.29091522419466664,0.6725285810216667,3,0.01175882111050991,0.1741767109797035,0.0011662895947886776
Car Insurance,NRMA,2024-04-01,0.2024815989315646,0.16937920986737312,0.28385656822033334,0.7119737612643333,3,0.03310238906419147,0.18941860093054025,0.020039391063167128
Car Insurance,NRMA,2024-07-01,0.19819316090155983,0.1741767109797035,0.295908448759,0.7030774209386667,3,0.024016449921856337,0.17260524520255832,-0.0015714657771451757
Car Insurance,RACQ,2022-10-01,0.21144904517325896,0.10555199026051662,0.17182252258833333,0.49881666082866666,3,0.10589705491274234,0.10319020218956972,-0.0023617880709469047
Car Insurance,RACQ,2023-01-01,0.1902856780942507,0.10045034399935779,0.16971972568266666,0.473546459904,3,0.08983533409489292,0.1132409699160402,0.01279062591668241
Car Insurance,RACQ,2023-04-01,0.14305139802523567,0.10319020218956972,0.17992737942833334,0.5250637037316667,3,0.039861195835665955,0.10103168495001916,-0.0021585172395505586
Car Insurance,RACQ,2023-07-01,0.15630347745521717,0.1132409699160402,0.19745571558766667,0.48211387645566667,3,0.04306250753917697,0.09301644116411338,-0.020224528751926818
Car Insurance,RACQ,2023-10-01,0.15349080190095635,0.10103168495001916,0.16672402561466668,0.4881896881166667,3,0.05245911695093719,0.09715621329931014,-0.0038754716507090198
Car Insurance,RACQ,2024-01-01,0.13914612922981934,0.09301644116411338,0.156707232422,0.467935068952,3,0.04612968806570596,0.09692073877979737,0.003904297615683991
Car Insurance,RACQ,2024-04-01,0.12499584897143669,0.09715621329931014,0.16348218082133334,0.47521814534133333,3,0.02783963567212655,0.08297204876963869,-0.014184164529671445
Car Insurance,RACQ,2024-07-01,0.12618857974006603,0.09692073877979737,0.16513399752833333,0.49245041578300003,3,0.02926784096026866,0.09570488929134699,-0.0012158494884503823
Car Insurance,ROLLiN' Insurance,2022-10-01,0,0.006170986946153279,0.010054042219333334,0.038143765158,3,-0.006170986946153279,0.0046737636698239125,-0.0014972232763293663
Car Insurance,ROLLiN' Insurance,2023-01-01,4.282491553124326e-4,0.006588338329717377,0.011167958137333334,0.030089148536666666,3,-0.006160089174404944,0.0063451993823092035,-2.4313894740817313e-4
Car Insurance,ROLLiN' Insurance,2023-04-01,0.003855037624223549,0.0046737636698239125,0.008384895731666666,0.038241071759333334,3,-8.187260456003634e-4,0.011659910807740608,0.006986147137916695
Car Insurance,ROLLiN' Insurance,2023-07-01,0.005296106903013151,0.0063451993823092035,0.010937968749,0.041017250741,3,-0.0010490924792960522,0.004716612771173658,-0.0016285866111355454
Car Insurance,ROLLiN' Insurance,2023-10-01,0.004904251679944499,0.011659910807740608,0.019494664327000002,0.043251238797,3,-0.0067556591277961086,0.008715398382430068,-0.00294451242531054
Car Insurance,ROLLiN' Insurance,2024-01-01,0.0040306381750710805,0.004716612771173658,0.007850572457333333,0.038432686470666666,3,-6.859745961025777e-4,0.010580001017709548,0.0058633882465358896
Car Insurance,ROLLiN' Insurance,2024-04-01,0.004419029124979719,0.008715398382430068,0.014563054240333334,0.04789031193866667,3,-0.004296369257450349,0.009601556698608134,8.861583161780661e-4
Car Insurance,ROLLiN' Insurance,2024-07-01,0.0038119160062519146,0.010580001017709548,0.017724840394333335,0.04784660403766667,3,-0.0067680850114576335,0.006441577622005423,-0.004138423395704124
Car Insurance,Suncorp,2022-10-01,0.16544810681017935,0.10169747589424165,0.16562084509333333,0.551403604922,3,0.0637506309159377,0.09410214258153399,-0.007595333312707661
Car Insurance,Suncorp,2023-01-01,0.17544752020715798,0.08725142085969724,0.14735132721533334,0.5377750885693333,3,0.08819609934746074,0.09846490868291435,0.011213487823217114
Car Insurance,Suncorp,2023-04-01,0.2643270902778588,0.09410214258153399,0.16435058485366666,0.5698185781666667,3,0.1702249476963248,0.0856040591469243,-0.008498083434609685
Car Insurance,Suncorp,2023-07-01,0.2821380084770633,0.09846490868291435,0.171430376764,0.5213490324783334,3,0.18367309979414892,0.10309353100014816,0.004628622317233808
Car Insurance,Suncorp,2023-10-01,0.2645030922303745,0.0856040591469243,0.14210938970933332,0.5395648845913333,3,0.17889903308345018,0.09862893415696555,0.01302487501004125
Car Insurance,Suncorp,2024-01-01,0.24228965444765488,0.10309353100014816,0.17353974613233333,0.5376998298266666,3,0.1391961234475067,0.07845309425911293,-0.024640436741035235
Car Insurance,Suncorp,2024-04-01,0.23568993261448204,0.09862893415696555,0.16536609283666667,0.5273614247039999,3,0.1370609984575165,0.08753290183744755,-0.011096032319518001
Car Insurance,Suncorp,2024-07-01,0.24118316489034233,0.07845309425911293,0.13382015489266666,0.49808051846066664,3,0.1627300706312294,0.08344171155378997,0.004988617294677047
Car Insurance,Youi,2022-10-01,0.04026982901322322,0.11062690722188358,0.18009001924466667,0.703545094801,3,-0.07035707820866036,0.1394492375324133,0.028822330310529734
Car Insurance,Youi,2023-01-01,0.039770427248654164,0.1459674186243075,0.24665098882566666,0.6819844271456666,3,-0.10619699137565335,0.14147045330104593,-0.004496965323261576
Car Insurance,Youi,2023-04-01,0.05307716146119064,0.1394492375324133,0.24315361099966668,0.6858811132179999,3,-0.08637207607122267,0.13189186373475267,-0.007557373797660638
Car Insurance,Youi,2023-07-01,0.0565905502791728,0.14147045330104593,0.24676696633333334,0.656361463016,3,-0.08487990302187313,0.14790658104993715,0.006436127748891213
Car Insurance,Youi,2023-10-01,0.05649662297005043,0.13189186373475267,0.21979196824866667,0.6739169713156666,3,-0.07539524076470225,0.14947470479761496,0.017582841062862287
Car Insurance,Youi,2024-01-01,0.06283490015067746,0.14790658104993715,0.24841059341766666,0.675110953687,3,-0.08507168089925969,0.15649404197002445,0.008587460920087303
Car Insurance,Youi,2024-04-01,0.06225651654756485,0.14947470479761496,0.250821839733,0.71343325532,3,-0.08721818825005011,0.14836658355433938,-0.0011081212432755838
Car Insurance,Youi,2024-07-01,0.06794077865093046,0.15649404197002445,0.2700220126863333,0.7507026518973333,3,-0.088553263319094,0.1664671751839771,0.009973133213952656
"Chips, Crisps, Crackers",Boulder,2022-04-01,0.01403345117403743,0.024648482237738138,0.03212743905,0.045505133409666665,3,-0.010615031063700708,0.01632294783298346,-0.008325534404754677
"Chips, Crisps, Crackers",Boulder,2022-07-01,0.009762834328837258,0.012627079333059526,0.018399311941666666,0.040214290341,3,-0.002864245004222268,0.023295762967564224,0.010668683634504699
"Chips, Crisps, Crackers",Boulder,2022-10-01,0.005991249093012324,0.01632294783298346,0.023181465691666667,0.05119905834066667,3,-0.010331698739971137,0.021901614978760593,0.005578667145777132
"Chips, Crisps, Crackers",Boulder,2023-01-01,0.007561388871690406,0.023295762967564224,0.03270815724,0.05712059478166667,3,-0.015734374095873818,0.027583706380419785,0.004287943412855561
"Chips, Crisps, Crackers",Boulder,2023-04-01,0.013227428969786842,0.021901614978760593,0.030342065156333333,0.05440423831433333,3,-0.008674186008973751,0.016828691675404926,-0.005072923303355667
"Chips, Crisps, Crackers",Boulder,2023-07-01,0,0.027583706380419785,0.038453288523,0.05468223396566667,3,-0.027583706380419785,0.025023034899018252,-0.0025606714814015337
"Chips, Crisps, Crackers",Boulder,2023-10-01,0,0.016828691675404926,0.024439546659,0.049608871993,3,-0.016828691675404926,0.019940109297494405,0.003111417622089479
"Chips, Crisps, Crackers",Boulder,2024-01-01,0.006369387488811954,0.025023034899018252,0.03553058423166666,0.06046667294066667,3,-0.0186536474102063,0.018813009949663662,-0.0062100249493545895
"Chips, Crisps, Crackers",Boulder,2024-04-01,0.010238855438500909,0.019940109297494405,0.028576394202333336,0.043437568462666665,3,-0.009701253858993496,0.03800815283478099,0.018068043537286586
"Chips, Crisps, Crackers",Boulder,2024-07-01,0.007198193957607455,0.018813009949663662,0.026540831667,0.04917816301,3,-0.011614815992056209,0.024152280637306348,0.005339270687642686
"Chips, Crisps, Crackers",Burts,2022-04-01,0.33299706160559267,0.03219868267619776,0.042171134016,0.06009677940233333,3,0.3007983789293949,0.018235805777531172,-0.013962876898666585
"Chips, Crisps, Crackers",Burts,2022-07-01,0.3378829075714599,0.016617110827180714,0.024220801236,0.050525691829666666,3,0.3212657967442792,0.028982291740626335,0.012365180913445621
"Chips, Crisps, Crackers",Burts,2022-10-01,0.3837542025221036,0.018235805777531172,0.025920466606333334,0.060479669092999996,3,0.3655183967445724,0.014422769482686676,-0.0038130362948444966
"Chips, Crisps, Crackers",Burts,2023-01-01,0.32323068550641215,0.028982291740626335,0.040574121313,0.06519081252733333,3,0.2942483937657858,0.02872909042679885,-2.5320131382748634e-4
"Chips, Crisps, Crackers",Burts,2023-04-01,0.3054933053248556,0.014422769482686676,0.019945722202666667,0.03944998638266667,3,0.2910705358421689,0.02221373212095938,0.007790962638272706
"Chips, Crisps, Crackers",Burts,2023-07-01,0.2998093430324713,0.02872909042679885,0.03973214660266667,0.060399584688333334,3,0.2710802526056725,0.011387212360104326,-0.017341878066694523
"Chips, Crisps, Crackers",Burts,2023-10-01,0.2888900769331875,0.02221373212095938,0.032297136644,0.05039114964633333,3,0.26667634481222813,0.02009315323562173,-0.002120578885337652
"Chips, Crisps, Crackers",Burts,2024-01-01,0.3009286632098958,0.011387212360104326,0.016502123036000002,0.032155506428333334,3,0.2895414508497915,0.02196104364944482,0.010573831289340495
"Chips, Crisps, Crackers",Burts,2024-04-01,0.2654259568862884,0.02009315323562173,0.028828826041333334,0.040567304685,3,0.24533280365066668,0.027946663051362553,0.007853509815740824
"Chips, Crisps, Crackers",Burts,2024-07-01,0.26556149100439524,0.02196104364944482,0.030969929065666667,0.04612486956966667,3,0.24360044735495043,0.015480621714407075,-0.006480421935037745
"Chips, Crisps, Crackers",Kettle,2022-04-01,0.24181273252366906,0.4643176051952904,0.6050302978253334,0.795709652754,3,-0.22250487267162136,0.485018678302272,0.020701073106981605
"Chips, Crisps, Crackers",Kettle,2022-07-01,0.26777445033994307,0.4781322889626744,0.6963054329203333,0.876510166522,3,-0.21035783862273133,0.4783888725129338,2.5658355025942603e-4
"Chips, Crisps, Crackers",Kettle,2022-10-01,0.23951334695641596,0.485018678302272,0.6873456032766667,0.8650711871460001,3,-0.24550533134585606,0.4935113087738592,0.00849263047158716
"Chips, Crisps, Crackers",Kettle,2023-01-01,0.2569825421539486,0.4783888725129338,0.6767588166366667,0.8479709903733333,3,-0.22140633035898521,0.483969740499831,0.0055808679868971645
"Chips, Crisps, Crackers",Kettle,2023-04-01,0.29759437691027,0.4935113087738592,0.6833004435933333,0.8670238575563333,3,-0.19591693186358916,0.4549674842852325,-0.0385438244886267
"Chips, Crisps, Crackers",Kettle,2023-07-01,0.2362859475315948,0.483969740499831,0.673524541657,0.8365762169963333,3,-0.2476837929682362,0.442094622721586,-0.041875117778244986
"Chips, Crisps, Crackers",Kettle,2023-10-01,0.2783695167773671,0.4549674842852325,0.6609198499546667,0.8401680254476667,3,-0.17659796750786538,0.4441397463937291,-0.010827737891503375
"Chips, Crisps, Crackers",Kettle,2024-01-01,0.25694597001786923,0.442094622721586,0.63655464125,0.8432936217873334,3,-0.18514865270371678,0.4467824228681972,0.004687800146611187
"Chips, Crisps, Crackers",Kettle,2024-04-01,0.24529734013580776,0.4441397463937291,0.6366828480726667,0.8381762415543333,3,-0.19884240625792135,0.44051932496721796,-0.0036204214265111445
"Chips, Crisps, Crackers",Kettle,2024-07-01,0.2719974417147004,0.4467824228681972,0.6305630942830001,0.795560666554,3,-0.17478498115349678,0.4474242936675055,6.418707993083306e-4
"Chips, Crisps, Crackers",Red Rock Deli,2022-04-01,0.4111567546967009,0.47883522989077376,0.6249782624236666,0.775745348615,3,-0.06767847519407288,0.48042256808721334,0.0015873381964395805
"Chips, Crisps, Crackers",Red Rock Deli,2022-07-01,0.38457980775975975,0.4926235208770854,0.717376392414,0.86968948967,3,-0.10804371311732563,0.46933307277887565,-0.023290448098209737
"Chips, Crisps, Crackers",Red Rock Deli,2022-10-01,0.3707412014284681,0.48042256808721334,0.6809220219146667,0.827087187324,3,-0.10968136665874523,0.47016430676469356,-0.01025826132251978
"Chips, Crisps, Crackers",Red Rock Deli,2023-01-01,0.41222538346794885,0.46933307277887565,0.662107407392,0.8283277280486666,3,-0.0571076893109268,0.4597174626929504,-0.009615610085925264
"Chips, Crisps, Crackers",Red Rock Deli,2023-04-01,0.3836848887950875,0.47016430676469356,0.6512705060556667,0.8356530466883334,3,-0.08647941796960606,0.5059900919184033,0.03582578515370971
"Chips, Crisps, Crackers",Red Rock Deli,2023-07-01,0.46390470943593387,0.4597174626929504,0.6410512801066667,0.7872783414083333,3,0.004187246742983486,0.5214951300192914,0.06177766732634099
"Chips, Crisps, Crackers",Red Rock Deli,2023-10-01,0.4327404062894453,0.5059900919184033,0.7360214183136666,0.848373265517,3,-0.07324968562895795,0.5158269910731548,0.0098368991547515
"Chips, Crisps, Crackers",Red Rock Deli,2024-01-01,0.435755979283423,0.5214951300192914,0.7502104362843334,0.8857778026450001,3,-0.08573915073586835,0.5124435235326944,-0.009051606486596975
"Chips, Crisps, Crackers",Red Rock Deli,2024-04-01,0.47903784753940293,0.5158269910731548,0.7396046877356667,0.8863489005273334,3,-0.036789143533751845,0.49352585914663843,-0.022301131926516338
"Chips, Crisps, Crackers",Red Rock Deli,2024-07-01,0.4552428733232969,0.5124435235326944,0.7232590011593333,0.828283332166,3,-0.05720065020939752,0.5129428039807811,4.992804480866697e-4
Chocolate,Cadbury,2022-04-01,0.37760350824059985,0.24545991823285407,0.7727818391429999,0.8702213187025001,2,0.13214359000774578,0.22919525584277195,-0.01626466239008212
Chocolate,Cadbury,2022-07-01,0.35514091371793954,0.23583156944281802,0.8638127961793334,0.9529254242330001,3,0.11930934427512152,0.23591231402196203,8.074457914400424e-5
Chocolate,Cadbury,2022-10-01,0.2957412534313537,0.22919525584277195,0.8261535899963334,0.9513589333956667,3,0.06654599758858176,0.23880319649916287,0.009607940656390923
Chocolate,Cadbury,2023-01-01,0.3176576125195848,0.23591231402196203,0.8181624095453334,0.9305783223493334,3,0.08174529849762277,0.23620600762119748,2.936935992354506e-4
Chocolate,Cadbury,2023-04-01,0.2922129628384529,0.23880319649916287,0.8585631906150001,0.9513056196563333,3,0.05340976633929001,0.2355160874130009,-0.0032871090861619767
Chocolate,Cadbury,2023-07-01,0.28545493195544985,0.23620600762119748,0.8113924241423334,0.9249423716223334,3,0.049248924334252375,0.23725187120164684,0.0010458635804493632
Chocolate,Cadbury,2023-10-01,0.2461009349156216,0.2355160874130009,0.7777843800636667,0.9038030993706666,3,0.010584847502620703,0.23113028387658097,-0.00438580353641993
Chocolate,Cadbury,2024-01-01,0.3163030847441607,0.23725187120164684,0.8146631766523333,0.9232388788983333,3,0.07905121354251385,0.23979831405597635,0.002546442854329506
Chocolate,Cadbury,2024-04-01,0.2790811241527856,0.23113028387658097,0.8112840285936667,0.9223854254186666,3,0.04795084027620461,0.23623667936597118,0.005106395489390209
Chocolate,Cadbury,2024-07-01,0.26281598184368143,0.23979831405597635,0.7747975685706667,0.8750385764586667,3,0.023017667787705087,0.2341590597256723,-0.005639254330304044
Chocolate,Darrell Lea,2022-04-01,0.08546108691678275,0.13587370178373745,0.42770074319249995,0.6733562943025,2,-0.0504126148669547,0.14901970105211104,0.013145999268373593
Chocolate,Darrell Lea,2022-07-01,0.1064615346618072,0.15054026831344608,0.551310107187,0.8146308700523334,3,-0.04407873365163888,0.1458520641198836,-0.004688204193562473
Chocolate,Darrell Lea,2022-10-01,0.10783910438564166,0.14901970105211104,0.5376048328653333,0.7779273732323333,3,-0.04118059666646938,0.1472528018444754,-0.0017668992076356471
Chocolate,Darrell Lea,2023-01-01,0.08942347668241837,0.1458520641198836,0.5061032624663333,0.7617863895616667,3,-0.05642858743746523,0.14446996032284462,-0.001382103797038986
Chocolate,Darrell Lea,2023-04-01,0.1083533204521563,0.1472528018444754,0.5298346511773333,0.7847036528693333,3,-0.038899481392319094,0.1440373995455727,-0.0032154022989026865
Chocolate,Darrell Lea,2023-07-01,0.12605486269597957,0.14446996032284462,0.49631363177300003,0.750206841232,3,-0.01841509762686505,0.14126848095354574,-0.0032014793692988763
Chocolate,Darrell Lea,2023-10-01,0.10039836085467378,0.1440373995455727,0.47596771871433335,0.7304025646233333,3,-0.043639038690898926,0.14588523468118,0.0018478351356072953
Chocolate,Darrell Lea,2024-01-01,0.10063181114778792,0.14126848095354574,0.4857074891836667,0.7463472042743333,3,-0.04063666980575782,0.13907529314276576,-0.002193187810779984
Chocolate,Darrell Lea,2024-04-01,0.0920937622598503,0.14588523468118,0.5128386264643333,0.7497134263476667,3,-0.0537914724213297,0.14764748786778978,0.0017622531866097746
Chocolate,Darrell Lea,2024-07-01,0.107191378523663,0.13907529314276576,0.4496742552463333,0.712522250747,3,-0.031883914619102754,0.1405202463862525,0.0014449532434867296
Chocolate,Ferrero,2022-04-01,0.10078248406930745,0.17093288381268798,0.5381851263415001,0.7557054435065,2,-0.07015039974338053,0.16784306887199404,-0.0030898149406939357
Chocolate,Ferrero,2022-07-01,0.0954842119264469,0.15942883874615624,0.5842020714,0.8596772717403334,3,-0.06394462681970933,0.16974281754171924,0.010313978795563006
Chocolate,Ferrero,2022-10-01,0.1639622137346871,0.16784306887199404,0.605659340336,0.8492454991213334,3,-0.003880855137306932,0.16694831294230128,-8.947559296927643e-4
Chocolate,Ferrero,2023-01-01,0.13796300186038818,0.16974281754171924,0.5891450021793333,0.8334470597963334,3,-0.031779815681331064,0.16874014062496578,-0.0010026769167534588
Chocolate,Ferrero,2023-04-01,0.13218813685206418,0.16694831294230128,0.600723927581,0.8636141977063333,3,-0.0347601760902371,0.1670047102996625,5.6397357361209766e-5
Chocolate,Ferrero,2023-07-01,0.12410706062955687,0.16874014062496578,0.5795115366526666,0.83186340661,3,-0.044633079995408914,0.1677294307896289,-0.0010107098353368815
Chocolate,Ferrero,2023-10-01,0.21803275945153036,0.1670047102996625,0.5521699598323333,0.8281777746586667,3,0.05102804915186787,0.16477575248211798,-0.002228957817544508
Chocolate,Ferrero,2024-01-01,0.18326487991360577,0.1677294307896289,0.5759751087043333,0.8350390656960001,3,0.015535449123976863,0.16698511412098094,-7.443166686479652e-4
Chocolate,Ferrero,2024-04-01,0.13953571624718697,0.16477575248211798,0.578673571702,0.8269978764346667,3,-0.025240036234931013,0.1647081076036984,-6.764487841959266e-5
Chocolate,Ferrero,2024-07-01,0.13793100407830494,0.16698511412098094,0.538434518961,0.7873044675806666,3,-0.029054110042675996,0.16847244169204412,0.0014873275710631795
Chocolate,Lindt,2022-04-01,0.13890648931651683,0.18205155764582381,0.573087013109,0.7662199015525,2,-0.04314506832930698,0.1811996942477028,-8.518633981210166e-4
Chocolate,Lindt,2022-07-01,0.15138256384718887,0.18251289309477914,0.6683256694863333,0.8740774304696667,3,-0.031130329247590266,0.17981566366115015,-0.0026972294336289893
Chocolate,Lindt,2022-10-01,0.1898001890394436,0.1811996942477028,0.6523064974106667,0.8606659684616667,3,0.008600494791740798,0.17997662067257597,-0.0012230735751268262
Chocolate,Lindt,2023-01-01,0.19106959097699197,0.17981566366115015,0.6239323723486666,0.846067526811,3,0.011253927315841822,0.183296327689684,0.003480664028533864
Chocolate,Lindt,2023-04-01,0.18459883990574205,0.17997662067257597,0.647246836416,0.873452799409,3,0.0046222192331660805,0.1865936043947144,0.006616983722138425
Chocolate,Lindt,2023-07-01,0.17270668413527637,0.183296327689684,0.6296410798576667,0.8583324452876666,3,-0.01058964355440764,0.1871330308220259,0.0038367031323418843
Chocolate,Lindt,2023-10-01,0.19662141101499384,0.1865936043947144,0.6176940458926666,0.841254461992,3,0.01002780662027944,0.18605831356966915,-5.352908250452482e-4
Chocolate,Lindt,2024-01-01,0.1546203966677931,0.1871330308220259,0.6430223371436666,0.8495698624103334,3,-0.032512634154232806,0.18410011463788403,-0.003032916184141865
Chocolate,Lindt,2024-04-01,0.1766298030002019,0.18605831356966915,0.653217834746,0.8492031628063333,3,-0.009428510569467252,0.18573939339829634,-3.1892017137280515e-4
Chocolate,Lindt,2024-07-01,0.18851318506668735,0.18410011463788403,0.595257677244,0.8069949777093334,3,0.004413070428803317,0.18508364660592644,9.83531968042406e-4
Chocolate,Nestlé,2022-04-01,0.2728255046715937,0.1687919295165174,0.5314499746385,0.769744563209,2,0.10403357515507633,0.16993365379413064,0.0011417242776132486
Chocolate,Nestlé,2022-07-01,0.25924738497012656,0.16850431673476463,0.6173332320293333,0.8906969138663333,3,0.09074306823536193,0.16473073862033227,-0.003773578114432352
Chocolate,Nestlé,2022-10-01,0.21730901056364602,0.16993365379413064,0.6130717043973334,0.883932722212,3,0.047375356769515375,0.16866233686225812,-0.0012713169318725182
Chocolate,Nestlé,2023-01-01,0.23703336724943347,0.16473073862033227,0.5713396019643333,0.857277138715,3,0.0723026286291012,0.1686543222056111,0.003923583585278834
Chocolate,Nestlé,2023-04-01,0.25425911730150647,0.16866233686225812,0.6066523393383334,0.8910494134703333,3,0.08559678043924834,0.16887472215427674,2.1238529201861311e-4
Chocolate,Nestlé,2023-07-01,0.25753891743805285,0.1686543222056111,0.579257368446,0.8608704122533334,3,0.08888459523244174,0.1638987559125252,-0.0047555662930859055
Chocolate,Nestlé,2023-10-01,0.20511988428561126,0.16887472215427674,0.5582481072243333,0.857533382904,3,0.036245162131334524,0.15883102863555273,-0.010043693518724
Chocolate,Nestlé,2024-01-01,0.2105729284289967,0.1638987559125252,0.5635318091420001,0.8554508094206666,3,0.04667417251647149,0.16230821811393348,-0.0015905377985917235
Chocolate,Nestlé,2024-04-01,0.25735338975414773,0.15883102863555273,0.5575848479359999,0.837364221646,3,0.098522361118595,0.1649955921029312,0.006164563467378453
Chocolate,Nestlé,2024-07-01,0.23939836322496894,0.16230821811393348,0.5244030748076667,0.81963047765100006,3,0.07709014511103546,0.1622983705868017,-9.847527131789935e-6
Chocolate,Whittaker's,2022-04-01,0.024420926785199346,0.0968900090083793,0.30499591751849997,0.5366168399975,2,-0.07246908222317995,0.10280862619128954,0.0059186171829102435
Chocolate,Whittaker's,2022-07-01,0.03228339087649089,0.10318211366803588,0.37757523172833335,0.660682437659,3,-0.070898722791545,0.10394640203495267,7.642883669167905e-4
Chocolate,Whittaker's,2022-10-01,0.025348228845227878,0.10280862619128954,0.371622012339,0.6445334161726667,3,-0.07746039734606167,0.09835673117922639,-0.004451895012063153
Chocolate,Whittaker's,2023-01-01,0.02685295071118316,0.10394640203495267,0.36066272754,0.610510168234,3,-0.07709345132376952,0.098633241535697,-0.005313160499255676
Chocolate,Whittaker's,2023-04-01,0.02838762265007821,0.09835673117922639,0.35434025985533335,0.6216039920026667,3,-0.06996910852914817,0.09797347619277277,-3.832549864536128e-4
Chocolate,Whittaker's,2023-07-01,0.03413754314568453,0.098633241535697,0.339017207434,0.6123136876063333,3,-0.06449569839001246,0.10271843032062744,0.004085188784930444
Chocolate,Whittaker's,2023-10-01,0.03372664947756917,0.09797347619277277,0.3247255508813333,0.5921218440976667,3,-0.0642468267152036,0.11331938675489922,0.015345910562126447
Chocolate,Whittaker's,2024-01-01,0.03460689909765585,0.10271843032062744,0.35271441292733335,0.6087012457650001,3,-0.06811153122297159,0.10773294592845947,0.005014515607832032
Chocolate,Whittaker's,2024-04-01,0.055306204585827516,0.11331938675489922,0.39800449177066666,0.6298694352843334,3,-0.058013182169071704,0.10067273966131308,-0.012646647093586136
Chocolate,Whittaker's,2024-07-01,0.0641500872626943,0.10773294592845947,0.348710563289,0.5906574473343333,3,-0.04358285866576517,0.10946623500330298,0.0017332890748435054
Chocolate & Confectionery,Allens,2023-04-01,0.05225732594418121,0.13324269367405955,0.504419646691,0.8087509661265,2,-0.08098536772987834,0.14293982978872,0.009697136114660443
Chocolate & Confectionery,Allens,2023-07-01,0.05503977421464566,0.13878346391312776,0.5054466758976667,0.7796804592686667,3,-0.0837436896984821,0.14095523756686615,0.0021717736537383847
Chocolate & Confectionery,Allens,2023-10-01,0.03302959093130791,0.14293982978872,0.532007523333,0.80369831782,3,-0.10991023885741208,0.13481208146409263,-0.00812774832462737
Chocolate & Confectionery,Allens,2024-01-01,0.052417969857087396,0.14095523756686615,0.5345498512703334,0.8244410348476667,3,-0.08853726770977875,0.13239624374118714,-0.008558993825679012
Chocolate & Confectionery,Allens,2024-04-01,0.07475758723409273,0.13481208146409263,0.49493169258499997,0.805115493814,3,-0.060054494229999894,0.13229373408432435,-0.0025183473797682765
Chocolate & Confectionery,Allens,2024-07-01,0.068297511638467,0.13239624374118714,0.471730500045,0.736331134966,3,-0.06409873210272013,0.1294110085838434,-0.002985235157343724
Chocolate & Confectionery,Boodles,2023-04-01,0.024221175299386256,0,0,0,2,0.024221175299386256,0,0
Chocolate & Confectionery,Boodles,2023-07-01,0.023625603498815338,0,0,0,3,0.023625603498815338,0,0
Chocolate & Confectionery,Boodles,2023-10-01,0.01920343738631719,0,0,0,3,0.01920343738631719,0.004497169522791778,0.004497169522791778
Chocolate & Confectionery,Boodles,2024-01-01,0.018810059990802215,0,0,0,3,0.018810059990802215,0.011123431074154122,0.011123431074154122
Chocolate & Confectionery,Boodles,2024-04-01,0.021314220830069425,0.004497169522791778,0.016395211087,0.05080959776466667,3,0.016817051307277647,0.0099966755964865,0.0054995060736947226
Chocolate & Confectionery,Boodles,2024-07-01,0.01856816854292326,0.011123431074154122,0.039725837709,0.06642088586666667,3,0.00744473746876914,0.00904151601895403,-0.002081915055200091
Chocolate & Confectionery,Cadbury,2023-04-01,0.4252453881743775,0.22721758275088896,0.859462440615,0.957801846061,2,0.19802780542348855,0.2205692086842793,-0.006648374066609675
Chocolate & Confectionery,Cadbury,2023-07-01,0.41216216527331173,0.22810239503709115,0.8301134576293333,0.948428162179,3,0.18405977023622058,0.2230269520832777,-0.005075442953813458
Chocolate & Confectionery,Cadbury,2023-10-01,0.3694346971770838,0.2205692086842793,0.8201311136403333,0.9278994227340001,3,0.14886548849280454,0.22388559402154104,0.0033163853372617513
Chocolate & Confectionery,Cadbury,2024-01-01,0.42371004754298625,0.2230269520832777,0.8457077569306667,0.9402312033436667,3,0.20068309545970855,0.21882123448820612,-0.004205717595071573
Chocolate & Confectionery,Cadbury,2024-04-01,0.35177346948017846,0.22388559402154104,0.8212398322516666,0.931636518042,3,0.12788787545863742,0.23280038770474912,0.008914793683208078
Chocolate & Confectionery,Cadbury,2024-07-01,0.4053702648136202,0.21882123448820612,0.7796962124643333,0.8749907278683333,3,0.1865490303254141,0.2238578230486336,0.005036588560427491
Chocolate & Confectionery,Darrell Lea,2023-04-01,0.035495147276367364,0.14390050287114262,0.544789984416,0.7852622884314999,2,-0.10840535559477525,0.13789385919057806,-0.006006643680564555
Chocolate & Confectionery,Darrell Lea,2023-07-01,0.036397479093750934,0.1377561627154055,0.5020971427463333,0.7335082581656667,3,-0.10135868362165457,0.14325055213705304,0.005494389421647539
Chocolate & Confectionery,Darrell Lea,2023-10-01,0.024466232990289292,0.13789385919057806,0.5131472685936667,0.7592371963153334,3,-0.11342762620028876,0.13993158613416368,0.002037726943585616
Chocolate & Confectionery,Darrell Lea,2024-01-01,0.05998742191085033,0.14325055213705304,0.5435001258173333,0.7845617335376667,3,-0.08326313022620271,0.14294072511439015,-3.098270226628841e-4
Chocolate & Confectionery,Darrell Lea,2024-04-01,0.07427588682700256,0.13993158613416368,0.5135730932146667,0.768459165092,3,-0.06565569930716111,0.12945895415175818,-0.0104726319824055
Chocolate & Confectionery,Darrell Lea,2024-07-01,0.080632375745887,0.14294072511439015,0.5091783294646667,0.7181734800523333,3,-0.06230834936850316,0.14347600234113186,5.352772267417094e-4
Chocolate & Confectionery,KitKat,2023-04-01,0.11353294662162379,0.1915467655029795,0.7242359752265,0.9537724298795001,2,-0.07801381888135571,0.1984492133121851,0.006902447809205597
Chocolate & Confectionery,KitKat,2023-07-01,0.11329167507234889,0.19533768306188867,0.7114257605036667,0.9290853468103334,3,-0.08204600798953979,0.18940628885832836,-0.005931394203560314
Chocolate & Confectionery,KitKat,2023-10-01,0.13270527143846234,0.1984492133121851,0.7378344040273334,0.9269164794916667,3,-0.06574394187372276,0.19585748630730354,-0.0025917270048815555
Chocolate & Confectionery,KitKat,2024-01-01,0.0821359672601245,0.18940628885832836,0.7182089203463333,0.950258269698,3,-0.10727032159820386,0.18929525511275788,-1.1103374557047685e-4
Chocolate & Confectionery,KitKat,2024-04-01,0.10023409746670159,0.19585748630730354,0.7191974173393333,0.9377555286563334,3,-0.09562338884060195,0.19884827259339538,0.00299078628609184
Chocolate & Confectionery,KitKat,2024-07-01,0.10260231088898247,0.18929525511275788,0.6741738661013333,0.8748751223493333,3,-0.08669294422377541,0.1874978372506926,-0.0017974178620652759
Chocolate & Confectionery,Lindt,2023-04-01,0.3063571750441594,0.17388601824865474,0.6577098818705001,0.880724141154,2,0.13247115679550464,0.1701959818645466,-0.003690036384108142
Chocolate & Confectionery,Lindt,2023-07-01,0.3099233706802848,0.17187147996539542,0.6261668888849999,0.8562688964793334,3,0.13805189071488938,0.17209306112794834,2.2158116255291405e-4
Chocolate & Confectionery,Lindt,2023-10-01,0.3849336069721649,0.1701959818645466,0.6326751113276666,0.84971338105466665,3,0.2147376251076183,0.1688660087799482,-0.001329973084598396
Chocolate & Confectionery,Lindt,2024-01-01,0.3279932430701659,0.17209306112794834,0.652622156508,0.8675735765829999,3,0.15590018194221758,0.17450582347889923,0.002412762350950892
Chocolate & Confectionery,Lindt,2024-04-01,0.3347285441465366,0.1688660087799482,0.6194193696229999,0.8523626989823333,3,0.16586253536658838,0.1696354098406584,7.694010607101898e-4
Chocolate & Confectionery,Lindt,2024-07-01,0.2872797511938491,0.17450582347889923,0.6220126803079999,0.8162253462706667,3,0.11277392771494985,0.17639812941661426,0.0018923059377150275
Chocolate & Confectionery,The Natural Confectionery Co.,2023-04-01,0.042890841639904455,0.1302064369522746,0.4917680174015,0.7387034724104999,2,-0.08731559531237015,0.129951907159691,-2.545297925836132e-4
Chocolate & Confectionery,The Natural Confectionery Co.,2023-07-01,0.04955993216684267,0.12814881530709155,0.46686184307266665,0.715595907606,3,-0.07858888314024887,0.13126790822652643,0.0031190929194348793
Chocolate & Confectionery,The Natural Confectionery Co.,2023-10-01,0.036227163104374564,0.129951907159691,0.483720694827,0.7394652457493334,3,-0.09372474405531642,0.13215007377015917,0.0021981666104681774
Chocolate & Confectionery,The Natural Confectionery Co.,2024-01-01,0.03494529036798337,0.13126790822652643,0.49776980714,0.7724345806966667,3,-0.09632261785854306,0.13091728699040533,-3.506212361210903e-4
Chocolate & Confectionery,The Natural Confectionery Co.,2024-04-01,0.042916194015418685,0.13215007377015917,0.4848008609566667,0.7584970306296667,3,-0.08923387975474048,0.12696656602862808,-0.00518350774153109
Chocolate & Confectionery,The Natural Confectionery Co.,2024-07-01,0.037249617176271024,0.13091728699040533,0.4664869097173333,0.6915097264933333,3,-0.09366766981413431,0.13031768334013022,-5.996036502751156e-4
Chocolate bars and blocks,Cadbury,2022-10-01,0.27493170011418183,0.26483685811332464,0.8327599091046667,0.942904013604,3,0.010094842000857196,0.2576203173049575,-0.0072165408083671445
Chocolate bars and blocks,Cadbury,2023-01-01,0.2959945791694064,0.2669048879192431,0.836715273226,0.9435053977603334,3,0.029089691250163308,0.24207757677846908,-0.024827311140774022
Chocolate bars and blocks,Cadbury,2023-04-01,0.3348110298929971,0.2576203173049575,0.8307338569866667,0.9604086048716667,3,0.07719071258803961,0.25723024181536075,-3.9007548959674176e-4
Chocolate bars and blocks,Cadbury,2023-07-01,0.31347811589056207,0.24207757677846908,0.8121158290666667,0.939973703089,3,0.07140053911209299,0.24788577637030226,0.00580819959183318
Chocolate bars and blocks,Cadbury,2023-10-01,0.2780419596992355,0.25723024181536075,0.8184448973006666,0.9288320400976666,3,0.02081171788387476,0.24239519942525506,-0.01483504239010569
Chocolate bars and blocks,Cadbury,2024-01-01,0.34515538084416475,0.24788577637030226,0.8106634152506667,0.922044256607,3,0.09726960447386249,0.21130971805572743,-0.03657605831457483
Chocolate bars and blocks,Cadbury,2024-04-01,0.29355979680007593,0.24239519942525506,0.8058650971443333,0.9183047188453334,3,0.051164597374820875,0.22108757938372348,-0.021307620041531583
Chocolate bars and blocks,Cadbury,2024-07-01,0.32097826330529794,0.21130971805572743,0.7529148143186667,0.8756428284,3,0.10966854524957051,0.21999027366197846,0.008680555606251028
Chocolate bars and blocks,Darrell Lea,2022-10-01,0.0371330188848437,0.1586804465403443,0.4990608908813333,0.7646936080403334,3,-0.1215474276555006,0.15876214264748012,8.16961071358202e-5
Chocolate bars and blocks,Darrell Lea,2023-01-01,0.03063472864349601,0.15558677882528832,0.487933971751,0.7694965085213333,3,-0.12495205018179231,0.16516956324922297,0.009582784423934648
Chocolate bars and blocks,Darrell Lea,2023-04-01,0.028632933550966338,0.15876214264748012,0.5118577077033334,0.7731682596426667,3,-0.1301292090965138,0.15203711088670938,-0.006725031760770744
Chocolate bars and blocks,Darrell Lea,2023-07-01,0.029113778677711515,0.16516956324922297,0.5541247040523334,0.810647216982,3,-0.13605578457151146,0.15762088093788396,-0.007548682311339011
Chocolate bars and blocks,Darrell Lea,2023-10-01,0.01813618612861927,0.15203711088670938,0.48343311173566667,0.7748333361606667,3,-0.1339009247580901,0.14163593683068867,-0.010401174056020701
Chocolate bars and blocks,Darrell Lea,2024-01-01,0.049267924688682053,0.15762088093788396,0.5154957828213333,0.7619780771033333,3,-0.10835295624920191,0.12023504467349852,-0.037385836264385436
Chocolate bars and blocks,Darrell Lea,2024-04-01,0.06099890278675433,0.14163593683068867,0.471188502263,0.729627603471,3,-0.08063703404393435,0.12304549613833106,-0.018590440692357615
Chocolate bars and blocks,Darrell Lea,2024-07-01,0.06343235402812968,0.12023504467349852,0.429221657864,0.7089610151373333,3,-0.056802690645368845,0.12065362687005367,4.1858219655514783e-4
Chocolate bars and blocks,KitKat,2022-10-01,0.07496996000645635,0.2046483412283902,0.6437310655433334,0.8979495202776666,3,-0.12967838122193387,0.21248486077290848,0.007836519544518278
Chocolate bars and blocks,KitKat,2023-01-01,0.07174471447448637,0.21069176250600116,0.6601622002753333,0.9058815192536667,3,-0.1389470480315148,0.21190107032460972,0.0012093078186085626
Chocolate bars and blocks,KitKat,2023-04-01,0.07777363801953965,0.21248486077290848,0.6852491024436667,0.9299986171336667,3,-0.13471122275336883,0.21017316081495024,-0.002311699957958241
Chocolate bars and blocks,KitKat,2023-07-01,0.0857877456591691,0.21190107032460972,0.7105127771556666,0.918055224442,3,-0.12611332466544062,0.2081873674120854,-0.0037137029125243193
Chocolate bars and blocks,KitKat,2023-10-01,0.10149268596666178,0.21017316081495024,0.6692634472536667,0.93111953811,3,-0.10868047484828847,0.201874700563569,-0.008298460251381257
Chocolate bars and blocks,KitKat,2024-01-01,0.0651416743543012,0.2081873674120854,0.6807367760173333,0.8976132036986667,3,-0.1430456930577842,0.18775237043906615,-0.02043499697301926
Chocolate bars and blocks,KitKat,2024-04-01,0.0804625144217922,0.201874700563569,0.6744348237946667,0.9078933756703333,3,-0.12141218614177679,0.18239398754695516,-0.019480713016613832
Chocolate bars and blocks,KitKat,2024-07-01,0.08071543759767347,0.18775237043906615,0.669114843739,0.8785804673833334,3,-0.10703693284139268,0.18320254867992208,-0.004549821759144063
Chocolate bars and blocks,Life Savers,2022-10-01,0.06516586261111809,0.0495434161705073,0.15602356755633334,0.405585433367,3,0.015622446440610789,0.04757203015056225,-0.001971386019945051
Chocolate bars and blocks,Life Savers,2023-01-01,0.07552174732128666,0.043479232375400655,0.13701687096966667,0.3896323623353333,3,0.03204251494588601,0.05070871047136124,0.007229478095960584
Chocolate bars and blocks,Life Savers,2023-04-01,0.06237905992004353,0.04757203015056225,0.153364980085,0.4350458679536667,3,0.014807029769481277,0.04625097072218794,-0.0013210594283743146
Chocolate bars and blocks,Life Savers,2023-07-01,0.07469366477284825,0.05070871047136124,0.16989747771033334,0.4714591981826667,3,0.023984954301487012,0.052551122745266764,0.0018424122739055249
Chocolate bars and blocks,Life Savers,2023-10-01,0.059716288371125276,0.04625097072218794,0.14702078715333333,0.43900736573233334,3,0.013465317648937339,0.043658069328375106,-0.002592901393812831
Chocolate bars and blocks,Life Savers,2024-01-01,0.060914165997904966,0.052551122745266764,0.17186043238766666,0.449666059981,3,0.008363043252638203,0.050707099529724915,-0.0018440232155418484
Chocolate bars and blocks,Life Savers,2024-04-01,0.06706223453065308,0.043658069328375106,0.145517548801,0.4413332997996667,3,0.02340416520227797,0.03911087854766909,-0.004547190780706013
Chocolate bars and blocks,Life Savers,2024-07-01,0.05788977536714488,0.050707099529724915,0.18188275100666668,0.4732357354223333,3,0.007182675837419966,0.037988381381274396,-0.01271871814845052
Chocolate bars and blocks,Lindt,2022-10-01,0.2902775037811534,0.20202659891293834,0.6354477548736667,0.8505375853663333,3,0.08825090486821507,0.20329346437740228,0.0012668654644639454
Chocolate bars and blocks,Lindt,2023-01-01,0.2698931749938511,0.20087381290159437,0.6292910660486667,0.868475204735,3,0.06901936209225676,0.19871717965160954,-0.0021566332499848295
Chocolate bars and blocks,Lindt,2023-04-01,0.25172174516436807,0.20329346437740228,0.6557600969886667,0.8907857855556667,3,0.04842828078696579,0.19796627839973313,-0.005327185977669152
Chocolate bars and blocks,Lindt,2023-07-01,0.2343698218016853,0.19871717965160954,0.6677850353293333,0.8838028804623334,3,0.03565264215007577,0.2016239040441864,0.0029067243925768593
Chocolate bars and blocks,Lindt,2023-10-01,0.2905516974948437,0.19796627839973313,0.6300126740463333,0.8486899043813333,3,0.09258541909511059,0.1878397568070218,-0.010126521592711324
Chocolate bars and blocks,Lindt,2024-01-01,0.2656896683191956,0.2016239040441864,0.659375079408,0.8755562765063334,3,0.06406576427500921,0.16412402007023152,-0.03749988397395487
Chocolate bars and blocks,Lindt,2024-04-01,0.2741057411471227,0.1878397568070218,0.623046198139,0.843569078042,3,0.08626598434010091,0.16887432590545567,-0.018965430901566133
Chocolate bars and blocks,Lindt,2024-07-01,0.22784384393342427,0.16412402007023152,0.5863270501616666,0.813504315672,3,0.06371982386319275,0.16284668920238787,-0.0012773308678436512
Chocolate bars and blocks,Old Gold,2022-10-01,0.12111198790030907,0.12026433903449518,0.37807161541966666,0.7155474950296666,3,8.476488658138853e-4,0.12026718474668936,2.84571219417995e-6
Chocolate bars and blocks,Old Gold,2023-01-01,0.15043258579182497,0.12246352547247234,0.383996583425,0.7334021309536667,3,0.02796906031935263,0.11903015232024834,-0.0034333731522240007
Chocolate bars and blocks,Old Gold,2023-04-01,0.13650281109297502,0.12026718474668936,0.3877321984193333,0.7609345466543334,3,0.016235626346285656,0.11910621894495675,-0.0011609658017326108
Chocolate bars and blocks,Old Gold,2023-07-01,0.15176367883160705,0.11903015232024834,0.39970334248666667,0.734180276818,3,0.032733526511358704,0.11312905027554876,-0.005901102044699583
Chocolate bars and blocks,Old Gold,2023-10-01,0.12180902408918731,0.11910621894495675,0.37808206008833334,0.731290279717,3,0.0027028051442305606,0.11286633148435178,-0.00623988746060497
Chocolate bars and blocks,Old Gold,2024-01-01,0.1257416973547037,0.11312905027554876,0.36994416064766666,0.7087287489863333,3,0.012612647079154937,0.09358122217803798,-0.01954782809751078
Chocolate bars and blocks,Old Gold,2024-04-01,0.1444852178418071,0.11286633148435178,0.3752937178456667,0.7013176778766667,3,0.031618886357455314,0.0956620972712073,-0.017204234213144487
Chocolate bars and blocks,Old Gold,2024-07-01,0.1681182090617345,0.09358122217803798,0.33468666077633336,0.6894517624716666,3,0.07453698688369652,0.10006580955683805,0.006484587378800075
Chocolate bars and blocks,Toblerone,2022-10-01,0.12885214345068358,0,0,0,3,0.12885214345068358,0,0
Chocolate bars and blocks,Toblerone,2023-01-01,0.10224010324314953,0,0,0,3,0.10224010324314953,0,0
Chocolate bars and blocks,Toblerone,2023-04-01,0.07671859106285335,0,0,0,3,0.07671859106285335,0,0
Chocolate bars and blocks,Toblerone,2023-07-01,0.0964605943586098,0,0,0,3,0.0964605943586098,0,0
Chocolate bars and blocks,Toblerone,2023-10-01,0.11383587706381394,0,0,0,3,0.11383587706381394,0.04737846891637221,0.04737846891637221
Chocolate bars and blocks,Toblerone,2024-01-01,0.07127596295435171,0,0,0,3,0.07127596295435171,0.1439505629401428,0.1439505629401428
Chocolate bars and blocks,Toblerone,2024-04-01,0.06213582473675193,0.04737846891637221,0.179249331199,0.29247370553266666,3,0.014757355820379722,0.14344635829237617,0.09606788937600397
Chocolate bars and blocks,Toblerone,2024-07-01,0.07033390392760377,0.1439505629401428,0.51320143526533335,0.8142399254613333,3,-0.07361665901253903,0.13641035981525299,-0.007540203124889816
Chocolate bars and blocks,Tony's Chocolonely,2022-10-01,0.007557823251253908,0,0,0,3,0.007557823251253908,0,0
Chocolate bars and blocks,Tony's Chocolonely,2023-01-01,0.003538366362498913,0,0,0,3,0.003538366362498913,0.012395747204479121,0.012395747204479121
Chocolate bars and blocks,Tony's Chocolonely,2023-04-01,0.03146019129625687,0,0,0,3,0.03146019129625687,0.017236018416101853,0.017236018416101853
Chocolate bars and blocks,Tony's Chocolonely,2023-07-01,0.014332600007806893,0.012395747204479121,0.041981585645,0.08188287107233333,3,0.0019368528033277717,0.019001898214726476,0.006606151010247354
Chocolate bars and blocks,Tony's Chocolonely,2023-10-01,0.016416281186513147,0.017236018416101853,0.055024555087,0.08313398812233333,3,-8.197372295887066e-4,0.022351536644366392,0.005115518228264539
Chocolate bars and blocks,Tony's Chocolonely,2024-01-01,0.016813525486696016,0.019001898214726476,0.06211887955333333,0.09533755655133333,3,-0.0021883727280304598,0.028339962113570646,0.00933806389884417
Chocolate bars and blocks,Tony's Chocolonely,2024-04-01,0.017189767735042664,0.022351536644366392,0.074904355845,0.12652290594333335,3,-0.005161768909323728,0.026379276914282018,0.0040277402699156264
Chocolate bars and blocks,Tony's Chocolonely,2024-07-01,0.010688212778991525,0.028339962113570646,0.09977441500966666,0.17697375676266666,3,-0.017651749334579123,0.03884231083229251,0.010502348718721865
Chocolate confectionery,Allens,2022-10-01,0.06889343340968904,0.15222126053691684,0.45598152681799997,0.7752030682183333,3,-0.0833278271272278,0.15738295783678816,0.005161697299871315
Chocolate confectionery,Allens,2023-01-01,0.08509390063850206,0.16192432458353095,0.4898065458643333,0.7872125564126667,3,-0.0768304239450289,0.15468143776980944,-0.007242886813721511
Chocolate confectionery,Allens,2023-04-01,0.08992493855140847,0.15738295783678816,0.4754024514296667,0.748782473232,3,-0.06745801928537969,0.15826779031191995,8.848324751317971e-4
Chocolate confectionery,Allens,2023-07-01,0.11098551028293417,0.15468143776980944,0.4622940848673333,0.7243377161836666,3,-0.04369592748687527,0.15607282297442499,0.0013913852046155417
Chocolate confectionery,Allens,2023-10-01,0.0774581571983366,0.15826779031191995,0.46891857979133333,0.7317273335593333,3,-0.08080963311358336,0.15058718603382903,-0.007680604278090919
Chocolate confectionery,Allens,2024-01-01,0.11325045271846135,0.15607282297442499,0.46550751886066666,0.758837533397,3,-0.04282237025596364,0.1644369164925915,0.008364093518166527
Chocolate confectionery,Allens,2024-04-01,0.1579168569577897,0.15058718603382903,0.43111998917466665,0.7464677123873333,3,0.007329670923960668,0.15696661363218423,0.006379427598355192
Chocolate confectionery,Allens,2024-07-01,0.16018726426862737,0.1644369164925915,0.467690572541,0.761048404087,3,-0.0042496522239641454,0.16138219409409824,-0.003054722398493276
Chocolate confectionery,Cadbury,2022-10-01,0.6003911776219656,0.28252127470003213,0.8463125915813333,0.9500552925043333,3,0.31786990292193346,0.2756967051149291,-0.006824569585103024
Chocolate confectionery,Cadbury,2023-01-01,0.5777729897724152,0.2796631629725219,0.8452810971243333,0.944786760233,3,0.2981098267998933,0.2780609509681728,-0.001602212004349124
Chocolate confectionery,Cadbury,2023-04-01,0.5753253827632366,0.2756967051149291,0.8325021241543333,0.943783678851,3,0.29962867764830753,0.27850845210970787,0.0028117469947787632
Chocolate confectionery,Cadbury,2023-07-01,0.5598171972879233,0.2780609509681728,0.8301938815033334,0.9259494150306666,3,0.28175624631975055,0.2804367020355603,0.0023757510673875215
Chocolate confectionery,Cadbury,2023-10-01,0.572110097260886,0.27850845210970787,0.8247916747066667,0.9132940991303333,3,0.29360164515117815,0.28497046768118856,0.006462015571480684
Chocolate confectionery,Cadbury,2024-01-01,0.6248093666857146,0.2804367020355603,0.8365482143836667,0.9342718516613333,3,0.3443726646501543,0.2861551823794367,0.005718480343876398
Chocolate confectionery,Cadbury,2024-04-01,0.5518761958491163,0.28497046768118856,0.812776159417,0.9265237447153334,3,0.26690572816792774,0.29160057059114997,0.006630102909961411
Chocolate confectionery,Cadbury,2024-07-01,0.5192620965966627,0.2861551823794367,0.813941442484,0.8987354031223334,3,0.23310691421722596,0.2875579543918718,0.001402772012435105
Chocolate confectionery,M&M's,2022-10-01,0.04296224268710054,0.22599647521242772,0.6771483774533333,0.9170145722443334,3,-0.1830342325253272,0.22502788453136707,-9.685906810606437e-4
Chocolate confectionery,M&M's,2023-01-01,0.032338010885238855,0.2135733459254047,0.6453339080326667,0.92502875309,3,-0.18123533504016584,0.22534132872551824,0.011767982800113541
Chocolate confectionery,M&M's,2023-04-01,0.0242821572070248,0.22502788453136707,0.679356469405,0.912949235765,3,-0.20074572732434226,0.2271236240357896,0.002095739504422517
Chocolate confectionery,M&M's,2023-07-01,0.02658783665809427,0.22534132872551824,0.6736170231326667,0.9140117702846666,3,-0.19875349206742396,0.22183757980479402,-0.00350374892072422
Chocolate confectionery,M&M's,2023-10-01,0.0389902739113998,0.2271236240357896,0.6728984319583333,0.88319055442,3,-0.18813335012438978,0.22802129071050808,8.976666747184947e-4
Chocolate confectionery,M&M's,2024-01-01,0.016139424119294716,0.22183757980479402,0.6621010246426666,0.9164320706676666,3,-0.2056981556854993,0.21317748803485087,-0.008660091769943146
Chocolate confectionery,M&M's,2024-04-01,0.031171029183942118,0.22802129071050808,0.6513679031696666,0.9070194706753334,3,-0.19685026152656596,0.22053256981034847,-0.007488720900159618
Chocolate confectionery,M&M's,2024-07-01,0.03078266484685716,0.21317748803485087,0.6064532477603333,0.8861045482706666,3,-0.18239482318799372,0.21848150184982132,0.0053040138149704485
Chocolate confectionery,Maltesers,2022-10-01,0.22330341120064495,0.21677245461913447,0.6495637959366667,0.8877218905676667,3,0.006530956581510483,0.2127488341194659,-0.004023620499668562
Chocolate confectionery,Maltesers,2023-01-01,0.2526744176620145,0.21886707105276187,0.6610287883723334,0.87801928950100006,3,0.03380734660925261,0.21737323450589885,-0.0014938365468630255
Chocolate confectionery,Maltesers,2023-04-01,0.263171019419729,0.2127488341194659,0.642856981954,0.8638944707303333,3,0.05042218530026307,0.21782017407653845,0.00507133995707254
Chocolate confectionery,Maltesers,2023-07-01,0.2427244453005577,0.21737323450589885,0.648991258853,0.8583114320413333,3,0.02535121079465885,0.21463638603177787,-0.0027368484741209786
Chocolate confectionery,Maltesers,2023-10-01,0.2693280235075781,0.21782017407653845,0.64536167912,0.8426211302933333,3,0.05150784943103967,0.21839745327030707,5.772791937686261e-4
Chocolate confectionery,Maltesers,2024-01-01,0.2020516507216723,0.21463638603177787,0.64047204123,0.8638939737286667,3,-0.012584735310105566,0.20903260090478756,-0.005603785126990307
Chocolate confectionery,Maltesers,2024-04-01,0.19664998074701578,0.21839745327030707,0.623336629829,0.88081982171,3,-0.02174747252329129,0.21183678904688283,-0.006560664223424245
Chocolate confectionery,Maltesers,2024-07-01,0.2331777689722479,0.20903260090478756,0.5958451083716667,0.8439516324493334,3,0.024145168067460338,0.21585975264650606,0.006827151741718496
Chocolate confectionery,Pods,2022-10-01,0.06444973508059984,0.12248853493148881,0.36709442649766666,0.6900334852256667,3,-0.05803879985088897,0.1291436183974497,0.006655083465960887
Chocolate confectionery,Pods,2023-01-01,0.05212068104182944,0.1259720954657806,0.38095819175633333,0.6792621832493333,3,-0.07385141442395116,0.12454304803060069,-0.0014290474351798949
Chocolate confectionery,Pods,2023-04-01,0.04729650205860118,0.1291436183974497,0.390072991239,0.6694795150246666,3,-0.08184711633884853,0.11827995946604415,-0.010863658931405548
Chocolate confectionery,Pods,2023-07-01,0.059885010470490566,0.12454304803060069,0.3716795004983333,0.6296102579513333,3,-0.06465803756011013,0.12701650915344287,0.002473461122842177
Chocolate confectionery,Pods,2023-10-01,0.0421134481217995,0.11827995946604415,0.350466399103,0.6265495042093333,3,-0.07616651134424465,0.11802360230416718,-2.563571618769689e-4
Chocolate confectionery,Pods,2024-01-01,0.043749105754857014,0.12701650915344287,0.3786890059906667,0.6736697699773333,3,-0.08326740339858585,0.12719781218833334,1.8130303489047317e-4
Chocolate confectionery,Pods,2024-04-01,0.0623859372621361,0.11802360230416718,0.3380368678516667,0.6515256322723333,3,-0.05563766504203108,0.1190634569194345,0.001039854615267316
Chocolate confectionery,Pods,2024-07-01,0.056590205315604866,0.12719781218833334,0.362335785931,0.606777237964,3,-0.07060760687272848,0.11671859701770253,-0.010479215170630815
Coffee,Allpress Espresso,2022-10-01,0.03859800123917357,0.07455585053518343,0.07837650759466666,0.144179728572,3,-0.03595784929600986,0.07810532748543356,0.0035494769502501244
Coffee,Allpress Espresso,2023-01-01,0.04977929043505874,0.09071354443608214,0.09680053934133333,0.159117898166,3,-0.04093425400102339,0.05967234966513397,-0.031041194770948168
Coffee,Allpress Espresso,2023-04-01,0.05355304127433107,0.07810532748543356,0.08267605078533333,0.14662955212533335,3,-0.02455228621110249,0.05030142997745,-0.02780389750798356
Coffee,Allpress Espresso,2023-07-01,0.0633513476197704,0.05967234966513397,0.06310576980066666,0.13308282440066665,3,0.0036789979546364357,0.06924480849272258,0.009572458827588608
Coffee,Allpress Espresso,2023-10-01,0.07668015476346346,0.05030142997745,0.048206457521,0.10643509941899999,3,0.026378724786013462,0.055384381411434966,0.005082951433984968
Coffee,Allpress Espresso,2024-01-01,0.0649000337532184,0.06924480849272258,0.08124912828533333,0.142463867231,3,-0.004344774739504176,0.058343906605020014,-0.010900901887702562
Coffee,Allpress Espresso,2024-04-01,0.0869370053992079,0.055384381411434966,0.061591307272666665,0.114699192816,3,0.031552623987772935,0.06414117108892219,0.00875678967748722
Coffee,Allpress Espresso,2024-07-01,0.09098403325828705,0.058343906605020014,0.06682534798533334,0.12962471749333332,3,0.032640126653267036,0.06261751045163448,0.004273603846614467
Coffee,Axil,2024-01-01,0.1887511867346673,0.036302390010385537,0.042668756827666666,0.072681741381,3,0.15244879672428174,0.025139595851412858,-0.011162794158972679
Coffee,Axil,2024-04-01,0.1772117149642513,0.026111334706320086,0.029104243318666668,0.049959690796,3,0.1511003802579312,0.028056919434518088,0.001945584728198002
Coffee,Axil,2024-07-01,0.16128232224190658,0.025139595851412858,0.028509766496666665,0.04656979454166667,3,0.13614272639049374,0.01945929065569572,-0.005680305195717137
Coffee,Campos,2022-10-01,0.028234888297813926,0.19633876639677228,0.20638974061233334,0.3087261690573333,3,-0.16810387809895835,0.1948648862409336,-0.001473880155838686
Coffee,Campos,2023-01-01,0.14531376961505799,0.1813445684849692,0.191598676021,0.26931753630666666,3,-0.0360307988699112,0.18538006345105962,0.0040354949660904305
Coffee,Campos,2023-04-01,0.10759580520115268,0.1948648862409336,0.20681104189833333,0.309327010248,3,-0.08726908103978091,0.17941800161958632,-0.015446884621347273
Coffee,Campos,2023-07-01,0.05902008651126217,0.18538006345105962,0.19586732028133333,0.29175817924799996,3,-0.12635997693979745,0.17186487228468766,-0.013515191166371954
Coffee,Campos,2023-10-01,0.09301526876158256,0.17941800161958632,0.17600676693433334,0.27589592891933334,3,-0.08640273285800376,0.18261194351629606,0.00319394189670974
Coffee,Campos,2024-01-01,0.14693847015231798,0.17186487228468766,0.200758240481,0.31859511042466665,3,-0.024926402132369685,0.18010026506658322,0.008235392781895556
Coffee,Campos,2024-04-01,0.14713723049026917,0.18261194351629606,0.20348033506833332,0.314873216593,3,-0.035474713026026894,0.17923540191114493,-0.0033765416051511343
Coffee,Campos,2024-07-01,0.16507684071105178,0.18010026506658322,0.20627763086366666,0.31230820943733334,3,-0.015023424355531445,0.18895435954718026,0.008854094480597041
Coffee,Coffee Supreme,2022-10-01,0,0.04966117321337198,0.05340240918433333,0.08375422522699999,3,-0.04966117321337198,0.04090957784236703,-0.00875159537100495
Coffee,Coffee Supreme,2023-01-01,0,0.043221703075545764,0.04680156405033334,0.08371512074966667,3,-0.043221703075545764,0.03786973268854831,-0.0053519703869974525
Coffee,Coffee Supreme,2023-04-01,0,0.04090957784236703,0.04390386392566667,0.07632442585833334,3,-0.04090957784236703,0.02190275584792713,-0.019006821994439902
Coffee,Coffee Supreme,2023-07-01,0.0053810208256745125,0.03786973268854831,0.040259321805333335,0.07631491008566667,3,-0.0324887118628738,0.025615840036555863,-0.012253892651992448
Coffee,Coffee Supreme,2023-10-01,0.012237536234591279,0.02190275584792713,0.021550882442333334,0.043845255842333335,3,-0.009665219613335852,0.026934169991518795,0.005031414143591664
Coffee,Coffee Supreme,2024-01-01,0.021588266262643766,0.025615840036555863,0.029749056266,0.06287418547,3,-0.004027573773912097,0.031876654147116525,0.006260814110560661
Coffee,Coffee Supreme,2024-04-01,0.009393969553607181,0.026934169991518795,0.02981094838066667,0.060602587517666666,3,-0.017540200437911616,0.0260219962398876,-9.121737516311935e-4
Coffee,Coffee Supreme,2024-07-01,0.02377064839319756,0.031876654147116525,0.036814957850666664,0.058322166270666664,3,-0.008106005753918965,0.03345290679356798,0.001576252646451455
Coffee,Industry Beans,2024-01-01,0.11191604378765041,0.028151526791065497,0.033111452373,0.06400614079266667,3,0.08376451699658491,0.029463848039972696,0.0013123212489071986
Coffee,Industry Beans,2024-04-01,0.09806457852590587,0.03256258899896051,0.036286770061,0.054898236809,3,0.06550198952694536,0.014578627817638827,-0.01798396118132168
Coffee,Industry Beans,2024-07-01,0.08768871019633018,0.029463848039972696,0.033630793376,0.057934156184,3,0.058224862156357485,0.02018422036739351,-0.009279627672579185
Coffee,ONA Coffee,2023-07-01,0,0.024922946789889416,0.026355295603666666,0.042299564184,3,-0.024922946789889416,0.019592649815505864,-0.005330296974383551
Coffee,ONA Coffee,2023-10-01,0,0.03432150951690881,0.033667213321333336,0.053245753549666666,3,-0.03432150951690881,0.020471858776246903,-0.013849650740661905
Coffee,ONA Coffee,2024-01-01,0.015898046766977807,0.019592649815505864,0.022876631845333333,0.03539184457933334,3,-0.0036946030485280577,0.03083577547639308,0.011243125660887216
Coffee,ONA Coffee,2024-04-01,0.05309198354803239,0.020471858776246903,0.022742020963,0.041491725673333334,3,0.03262012477178549,0.01990001830515277,-5.71840471094133e-4
Coffee,ONA Coffee,2024-07-01,0.0768867985992118,0.03083577547639308,0.035136816037,0.04418660280033333,3,0.04605102312281872,0.019880977156433593,-0.010954798319959488
Coffee,Padre Coffee,2023-07-01,0.05343225084768484,0.04147529439100103,0.043639746566,0.07775329820566666,3,0.011956956456683807,0.03705732334736713,-0.004417971043633902
Coffee,Padre Coffee,2023-10-01,0.05041559931192587,0.03828996378210416,0.03782868178566667,0.067960561906,3,0.01212563552982171,0.03328306225362301,-0.005006901528481156
Coffee,Padre Coffee,2024-01-01,0.04118375086618221,0.03705732334736713,0.043442417988666666,0.09411640866,3,0.004126427518815076,0.046953499039982964,0.009896175692615833
Coffee,Padre Coffee,2024-04-01,0.04600479217767663,0.03328306225362301,0.03712480329566667,0.06715332596233334,3,0.012721729924053626,0.03387414612024273,5.910838666197266e-4
Coffee,Padre Coffee,2024-07-01,0.03668194817608118,0.046953499039982964,0.053870148773333335,0.07915197934633333,3,-0.01027155086390178,0.03302288778208036,-0.013930611257902605
Coffee,Sample Coffee,2023-07-01,0.01678796610253375,0.00978921677855989,0.010198241582666667,0.026299288180333332,3,0.00699874932397386,0.008649918036215301,-0.001139298742344589
Coffee,Sample Coffee,2023-10-01,0.014584830403654565,0.018259275939552153,0.017630746569333333,0.021547422700333333,3,-0.0036744455358975886,0.0038065949516528598,-0.014452680987899293
Coffee,Sample Coffee,2024-01-01,0,0.008649918036215301,0.010016938153,0.025745088030666666,3,-0.008649918036215301,0.008168961024404236,-4.809570118110649e-4
Coffee,Sample Coffee,2024-04-01,0.01110596472390015,0.0038065949516528598,0.0042301421623333335,0.011133950901333334,3,0.0072993697722472895,0.01051856461899165,0.006711969667338791
Coffee,Sample Coffee,2024-07-01,0.01659539865934104,0.008168961024404236,0.009385797180666667,0.019173718994666668,3,0.008426437634936805,0.016051007288672838,0.007882046264268602
Coffee,Seven Miles,2022-10-01,0.05801516881034547,0.03481715802415855,0.03730631541866666,0.060696759856,3,0.02319801078618692,0.03529860569928233,4.8144767512377923e-4
Coffee,Seven Miles,2023-01-01,0.06820024087882579,0.03250567812421387,0.03448497164,0.056829272295000004,3,0.035694562754611914,0.02686555155939556,-0.005640126564818312
Coffee,Seven Miles,2023-04-01,0.06070990906900996,0.03529860569928233,0.03715263558833334,0.057757340836666664,3,0.025411303369727627,0.023748832337797923,-0.011549773361484408
Coffee,Seven Miles,2023-07-01,0.04037730620727948,0.02686555155939556,0.028486787491,0.05106084735733333,3,0.013511754647883921,0.02634194421208374,-5.236073473118205e-4
Coffee,Seven Miles,2023-10-01,0.05630888511990025,0.023748832337797923,0.023347047290666667,0.048096048773,3,0.03256005278210233,0.021263016367691706,-0.0024858159701062164
Coffee,Seven Miles,2024-01-01,0.046634707332656435,0.02634194421208374,0.031166920690000002,0.05149595841566666,3,0.020292763120572696,0.02209884543064659,-0.004243098781437148
Coffee,Seven Miles,2024-04-01,0.03704829813891734,0.021263016367691706,0.023707810847666665,0.035118537788333334,3,0.015785281771225637,0.02781779653293369,0.006554780165241983
Coffee,Seven Miles,2024-07-01,0.041940550785131356,0.02209884543064659,0.025549093966,0.06251066172566666,3,0.019841705354484766,0.032734593535120135,0.010635748104473545
Coffee,Single O,2022-10-01,0.20529025905950285,0.032424705923225425,0.034414606438333335,0.064654582284,3,0.17286555313627744,0.01683802017128906,-0.015586685751936363
Coffee,Single O,2023-01-01,0.17271305704955586,0.03315622526048431,0.03595452336133333,0.046464047918666665,3,0.13955683178907155,0.011803554791525091,-0.021352670468959223
Coffee,Single O,2023-04-01,0.12048124498429348,0.01683802017128906,0.017784045688666667,0.028971556229,3,0.10364322481300442,0.02896459770593718,0.012126577534648117
Coffee,Single O,2023-07-01,0.15964913252626167,0.011803554791525091,0.012350344782666667,0.03164948281966667,3,0.14784557773473658,0.020435936380307516,0.008632381588782425
Coffee,Single O,2023-10-01,0.1453840801985918,0.02896459770593718,0.02801544747233333,0.04435471392633333,3,0.11641948249265463,0.021657305535632523,-0.007307292170304656
Coffee,Single O,2024-01-01,0.12755737501146092,0.020435936380307516,0.024310116455666667,0.042122220934000004,3,0.10712143863115339,0.018102532231929046,-0.00233340414837847
Coffee,Single O,2024-04-01,0.11646352168082195,0.021657305535632523,0.02411401947833333,0.039613178459000004,3,0.09480621614518943,0.024139935470012492,0.0024826299343799693
Coffee,Single O,2024-07-01,0.10817248141287715,0.018102532231929046,0.020662611352,0.044184837305,3,0.0900699491809481,0.028552369598486213,0.010449837366557167
Coffee,Toby's Estate,2022-10-01,0.12518558445971278,0.13116203365831958,0.13962941536333334,0.22116388996433334,3,-0.0059764491986067925,0.13033703280254227,-8.250008557773025e-4
Coffee,Toby's Estate,2023-01-01,0.1074314482750539,0.10324500636350491,0.10923314543866666,0.17658893019633334,3,0.004186441911548988,0.11960769677552482,0.016362690412019917
Coffee,Toby's Estate,2023-04-01,0.07328453703985502,0.13033703280254227,0.13695345076666665,0.21513612037899998,3,-0.057052495762687255,0.12076332666184177,-0.009573706140700508
Coffee,Toby's Estate,2023-07-01,0.08686801502277905,0.11960769677552482,0.12666673812466667,0.20409193685566668,3,-0.032739681752745775,0.11122452302236517,-0.008383173753159653
Coffee,Toby's Estate,2023-10-01,0.0803349451401026,0.12076332666184177,0.11739287385033334,0.18168996596433334,3,-0.040428381521739165,0.10578697354063729,-0.014976353121204475
Coffee,Toby's Estate,2024-01-01,0.08403057432838645,0.11122452302236517,0.12978338643666668,0.21677234166233333,3,-0.027193948693978717,0.10507941819342939,-0.00614510482893578
Coffee,Toby's Estate,2024-04-01,0.07616235079310718,0.10578697354063729,0.11776442224233334,0.18810691813233335,3,-0.02962462274753011,0.096717752651448885,-0.009069220889188406
Coffee,Toby's Estate,2024-07-01,0.08214917692422222,0.10507941819342939,0.121059940415,0.214140285117,3,-0.022930241269207174,0.09041445082724388,-0.014664967366185513
Coffee,Vittoria Coffee,2022-10-01,0,0.4810403122489687,0.5084591924826667,0.7960139732883333,3,-0.4810403122489687,0.5036465497581522,0.022606237509183447
Coffee,Vittoria Coffee,2023-01-01,0.05513009023635803,0.5158132742551997,0.5470630130393334,0.7890244257146667,3,-0.46068318401884173,0.48261359310936225,-0.03319968114583749
Coffee,Vittoria Coffee,2023-04-01,0.15349036003884525,0.5036465497581522,0.528348632014,0.7835251781876666,3,-0.3501561897193069,0.4840303066108945,-0.019616243147257628
Coffee,Vittoria Coffee,2023-07-01,0.17005641379030814,0.48261359310936225,0.5095949995583333,0.7733369071506666,3,-0.31255717931905413,0.44551826757073815,-0.0370953255386241
Coffee,Vittoria Coffee,2023-10-01,0.18423341058840773,0.4840303066108945,0.46905612677433334,0.7426065613053333,3,-0.2997968960224868,0.4701267699499853,-0.01390353666090921
Coffee,Vittoria Coffee,2024-01-01,0.15060154500383835,0.44551826757073815,0.520227531444,0.7979842822943334,3,-0.2949167225668998,0.4438366988931094,-0.001681568677628753
Coffee,Vittoria Coffee,2024-04-01,0.14137859000430297,0.4701267699499853,0.5237449715713333,0.780842093582,3,-0.32874817994568234,0.4749976698091061,0.004870899859120814
Coffee,Vittoria Coffee,2024-07-01,0.10877109064236211,0.4438366988931094,0.5095601636516667,0.720471673885,3,-0.33506560825074727,0.4546754259964911,0.010838727103381685
"Coupons, Discounts and Vouchers",Cashrewards,2023-07-01,0.3364485981308411,0.2661746629599988,0.3358574751415,0.44575115787999997,2,0.0702739351708423,0.2529789397932771,-0.013195723166721685
"Coupons, Discounts and Vouchers",Cashrewards,2023-10-01,0.3636380989571887,0.26223801789621237,0.31235245376866666,0.423951468676,3,0.10140008106097631,0.245139947364546,-0.01709807053166637
"Coupons, Discounts and Vouchers",Cashrewards,2024-01-01,0.28914612450615157,0.2529789397932771,0.30580917875499997,0.4061082444233333,3,0.036167184712874445,0.242366150846649,-0.010612788946628121
"Coupons, Discounts and Vouchers",Cashrewards,2024-04-01,0.2962018681837534,0.245139947364546,0.29416446793133333,0.39607207245166665,3,0.05106192081920738,0.23033708695524358,-0.014802860409302426
"Coupons, Discounts and Vouchers",Cashrewards,2024-07-01,0.2954066081431323,0.242366150846649,0.28719527984866666,0.388598725245,3,0.053040457296483295,0.21917486450063606,-0.023191286346012946
"Coupons, Discounts and Vouchers",EatClub,2023-07-01,0.012289576724113294,0.048413713186399976,0.061006327804999996,0.0815720683255,2,-0.03612413646228668,0.056147210443268834,0.007733497256868858
"Coupons, Discounts and Vouchers",EatClub,2023-10-01,0.0054312148024428806,0.0452797900720165,0.05397982541133334,0.07401642178233334,3,-0.03984857526957362,0.04403376616940134,-0.0012460239026151551
"Coupons, Discounts and Vouchers",EatClub,2024-01-01,0.01969382818911422,0.056147210443268834,0.067387182829,0.08795574480233333,3,-0.036453382254154613,0.06263193562176447,0.006484725178495639
"Coupons, Discounts and Vouchers",EatClub,2024-04-01,0.033749596641013194,0.04403376616940134,0.05299881256233333,0.076265290276,3,-0.010284169528388148,0.04780883523091445,0.003775069061513106
"Coupons, Discounts and Vouchers",EatClub,2024-07-01,0.04112714879471998,0.06263193562176447,0.07498395427033333,0.09582932589566666,3,-0.021504786827044493,0.044570160873420944,-0.01806177474834353
"Coupons, Discounts and Vouchers",Entertainment,2023-07-01,0.060176055331675665,0.08143491269622202,0.10284297541849999,0.14721980436850002,2,-0.021258857364546357,0.08431535147948516,0.002880438783263134
"Coupons, Discounts and Vouchers",Entertainment,2023-10-01,0.0616367899489808,0.07364889925199762,0.08763270542566667,0.12791328693866666,3,-0.01201210930301682,0.08045826514535395,0.006809365893356331
"Coupons, Discounts and Vouchers",Entertainment,2024-01-01,0.06018184322282283,0.08431535147948516,0.10190641696433334,0.147065911155,3,-0.024133508256662328,0.09953254659911748,0.01521719511963232
"Coupons, Discounts and Vouchers",Entertainment,2024-04-01,0.05254877414832727,0.08045826514535395,0.09646469205833333,0.14175970231433332,3,-0.027909490997026686,0.08922895023620694,0.008770685090852992
"Coupons, Discounts and Vouchers",Entertainment,2024-07-01,0.0550090712860045,0.09953254659911748,0.118007561365,0.16329300489966667,3,-0.04452347531311298,0.08111233466294884,-0.018420211936168635
"Coupons, Discounts and Vouchers",First Table,2023-07-01,0,0.0297876639636752,0.0376971200415,0.0562989236525,2,-0.0297876639636752,0.029016919193795686,-7.707447698795146e-4
"Coupons, Discounts and Vouchers",First Table,2023-10-01,0.00910734149054505,0.03219530645660416,0.038312350949333336,0.05728847252666667,3,-0.023087964966059107,0.0393374324924309,0.007142126035826743
"Coupons, Discounts and Vouchers",First Table,2024-01-01,0.004402481791205827,0.029016919193795686,0.03518457332833333,0.05781898841666667,3,-0.02461443740258986,0.036641941907749914,0.007625022713954228
"Coupons, Discounts and Vouchers",First Table,2024-04-01,0.0836378866156022,0.0393374324924309,0.047371468561666664,0.06615377627033334,3,0.0443004541231713,0.04945167844994512,0.010114245957514222
"Coupons, Discounts and Vouchers",First Table,2024-07-01,0.04298525474193826,0.036641941907749914,0.043309025303,0.06618237463133333,3,0.006343312834188347,0.04664181034282183,0.009999868435071918
"Coupons, Discounts and Vouchers",Groupon,2023-07-01,0.5247077652976649,0.36221898516436835,0.457028529284,0.5959250465675,2,0.1624887801332966,0.3558810910492181,-0.006337894115150233
"Coupons, Discounts and Vouchers",Groupon,2023-10-01,0.4745780237638804,0.3665668424921394,0.4365268922766667,0.5892347656633333,3,0.10801118127174103,0.3628290046188342,-0.003737837873305172
"Coupons, Discounts and Vouchers",Groupon,2024-01-01,0.5261344428774846,0.3558810910492181,0.430284667858,0.5732777665323333,3,0.17025335182826645,0.33203024544612736,-0.023850845603090753
"Coupons, Discounts and Vouchers",Groupon,2024-04-01,0.46026428682489423,0.3628290046188342,0.43543712292933334,0.5603482740066666,3,0.09743528220606001,0.3671773516284096,0.004348347009575371
"Coupons, Discounts and Vouchers",Groupon,2024-07-01,0.47330932940412906,0.33203024544612736,0.396036881988,0.5500916100123333,3,0.1412790839580017,0.3742133982566367,0.04218315281050933
"Coupons, Discounts and Vouchers",RedBalloon,2023-07-01,0.06637800451570494,0.21197006202933566,0.2673577028275,0.4119812842915,2,-0.14559205751363072,0.22166048804095512,0.009690426011619457
"Coupons, Discounts and Vouchers",RedBalloon,2023-10-01,0.08560853103696214,0.22007114383102996,0.26207367732366665,0.4228904618816667,3,-0.13446261279406782,0.22820158420943357,0.008130440378403603
"Coupons, Discounts and Vouchers",RedBalloon,2024-01-01,0.10044127941322097,0.22166048804095512,0.26902194501533333,0.42218465157466667,3,-0.12121920862773415,0.22679717957859175,0.0051366915376366284
"Coupons, Discounts and Vouchers",RedBalloon,2024-04-01,0.07359758758640976,0.22820158420943357,0.2741041761163333,0.424574152228,3,-0.15460399662302382,0.21599609749928037,-0.012205486710153202
"Coupons, Discounts and Vouchers",RedBalloon,2024-07-01,0.09216258763007588,0.22679717957859175,0.27074617470833334,0.41867469899299997,3,-0.13463459194851585,0.2342874313635356,0.007490251784943863
"Crumbs, Coatings and Sauces",Maggi,2023-10-01,0.4259663266618033,0.2783343008335597,0.622320965357,0.8403590367775,2,0.14763202582824358,0.2935817084393255,0.015247407605765817
"Crumbs, Coatings and Sauces",Maggi,2024-01-01,0.4146989697659142,0.2833514300355347,0.676127513025,0.8537185137453334,3,0.1313475397303795,0.28487125862805046,0.0015198285925157595
"Crumbs, Coatings and Sauces",Maggi,2024-04-01,0.41282379815326326,0.2935817084393255,0.6797002803153334,0.8601054536986666,3,0.11924208971393774,0.2806043431275472,-0.012977365311778344
"Crumbs, Coatings and Sauces",Maggi,2024-07-01,0.3632967214817123,0.28487125862805046,0.631479140535,0.8091111894593334,3,0.07842546285366186,0.2767616308260588,-0.008109627801991648
"Crumbs, Coatings and Sauces",MasterFoods,2023-10-01,0.28041877105159985,0.3331423226589186,0.744878687789,0.8488335151115,2,-0.05272355160731873,0.3283760748039676,-0.004766247854951
"Crumbs, Coatings and Sauces",MasterFoods,2024-01-01,0.26239536238882133,0.32826297179378633,0.7832429752606667,0.867193011364,3,-0.065867609404965,0.3364820167847132,0.00821904499092685
"Crumbs, Coatings and Sauces",MasterFoods,2024-04-01,0.2602971966317669,0.3283760748039676,0.7599578783406666,0.8455896799076666,3,-0.06807887817220065,0.331685610540463,0.0033095357364954503
"Crumbs, Coatings and Sauces",MasterFoods,2024-07-01,0.2545828775403449,0.3364820167847132,0.7453756871633334,0.823134234327,3,-0.08189913924436826,0.3362596707535189,-2.2234603119425378e-4
"Crumbs, Coatings and Sauces",McCormick,2023-10-01,0.06902872890218638,0.11432641013169148,0.2556790505535,0.35371968947050003,2,-0.0452976812295051,0.09933140615756941,-0.014995003974122068
"Crumbs, Coatings and Sauces",McCormick,2024-01-01,0.06201000824145724,0.110517076635233,0.26411832152866666,0.3454457002893333,3,-0.048507068393775755,0.10265630014760269,-0.007860776487630311
"Crumbs, Coatings and Sauces",McCormick,2024-04-01,0.07288954453638279,0.09933140615756941,0.230590059505,0.343482969928,3,-0.026441861621186627,0.10066864959651992,0.0013372434389505028
"Crumbs, Coatings and Sauces",McCormick,2024-07-01,0.06149637918412448,0.10265630014760269,0.22769023698866667,0.3244532340403333,3,-0.0411599209634782,0.10385279121642386,0.0011964910688211788
"Crumbs, Coatings and Sauces",Mingle,2023-10-01,0.07452453203714876,0.019386540107749328,0.0433640167945,0.0630879533725,2,0.05513799192939943,0.025537847318492526,0.006151307210743199
"Crumbs, Coatings and Sauces",Mingle,2024-01-01,0.1126505814675377,0.02297614659213962,0.054868342392,0.08193058884566666,3,0.08967443487539808,0.023388594894736877,4.1244830259725557e-4
"Crumbs, Coatings and Sauces",Mingle,2024-04-01,0.13122099674603782,0.025537847318492526,0.059325852238,0.08628676797233334,3,0.1056831494275453,0.03548203351324145,0.009944186194748926
"Crumbs, Coatings and Sauces",Mingle,2024-07-01,0.19839412429478723,0.023388594894736877,0.051913990035666664,0.071851767796,3,0.17500552940005035,0.0316653966337023,0.00827680173896542
"Crumbs, Coatings and Sauces",Old El Paso,2023-10-01,0.15006164134726174,0.254810426268081,0.5696626842235,0.744307730603,2,-0.10474878492081924,0.253172963280645,-0.0016374629874360003
"Crumbs, Coatings and Sauces",Old El Paso,2024-01-01,0.14824507813626953,0.25489237494330624,0.6082014709026666,0.7999569480636667,3,-0.10664729680703672,0.2526018295448968,-0.0022905453984094493
"Crumbs, Coatings and Sauces",Old El Paso,2024-04-01,0.12276846393254921,0.253172963280645,0.5859028974980001,0.7463169213893334,3,-0.13040449934809578,0.2515593632222285,-0.0016136000584164867
"Crumbs, Coatings and Sauces",Old El Paso,2024-07-01,0.12222989749903103,0.2526018295448968,0.5605551081776666,0.7223347653046667,3,-0.13037193204586578,0.2514605105702961,-0.0011413189746006802
Department Stores,Big W,2024-01-01,0.21688829489245445,0.215617055821282,0.7721328508413333,0.925246026908,3,0.0012712390711724642,0.22189760268467845,0.006280546863396463
Department Stores,Big W,2024-04-01,0.2273044660544171,0.21479393452376688,0.7460588648763333,0.9115502981873334,3,0.01251053153065021,0.21844150357023168,0.0036475690464647936
Department Stores,Big W,2024-07-01,0.2274304603774073,0.22189760268467845,0.7513895988596667,0.9051204764476667,3,0.005532857692728849,0.21278430913799978,-0.009113293546678669
Department Stores,David Jones,2024-01-01,0.054387066166510796,0.10940282218224688,0.39245175412033334,0.8454795031096667,3,-0.055015756015736085,0.09881255150296513,-0.010590270679281755
Department Stores,David Jones,2024-04-01,0.061044950572724944,0.10590967132788032,0.36795544228166666,0.7965035075926666,3,-0.04486472075515537,0.10856567007251179,0.0026559987446314742
Department Stores,David Jones,2024-07-01,0.053243128696088354,0.09881255150296513,0.334716814711,0.779485698267,3,-0.04556942280687677,0.10900053427192376,0.010187982768958631
Department Stores,Kmart,2024-01-01,0.5089230977829656,0.2349327567668171,0.8406742733806667,0.9396520756356667,3,0.2739903410161485,0.2471713034319342,0.01223854666511709
Department Stores,Kmart,2024-04-01,0.4895289965307023,0.24194661791317768,0.8400681013179999,0.9376994752346667,3,0.24758237861752463,0.23617974029244856,-0.005766877620729111
Department Stores,Kmart,2024-07-01,0.5098225544828157,0.2471713034319342,0.8372277716973333,0.9298468206726667,3,0.2626512510508815,0.2438874620542192,-0.00328384137771498
Department Stores,Myer,2024-01-01,0.09554377974096523,0.15237040571765764,0.546835619398,0.8909240607533333,3,-0.05682662597669241,0.14434863179434848,-0.008021773923309161
Department Stores,Myer,2024-04-01,0.10246259968984464,0.1493018325732546,0.518292102446,0.8667038546603333,3,-0.046839232883409965,0.15478773483853456,0.005485902265279952
Department Stores,Myer,2024-07-01,0.09326469718930615,0.14434863179434848,0.4887517034,0.8398544586143333,3,-0.05108393460504233,0.15446726576210393,0.010118633967755447
Department Stores,Salvos Stores,2024-01-01,0.008687985203200441,0.09260511796479078,0.33195756164400003,0.6902411611873334,3,-0.08391713276159034,0.09325371869133181,6.486007265410348e-4
Department Stores,Salvos Stores,2024-04-01,0.0022369815119358738,0.09736764474521223,0.3381329586376667,0.6830535038313333,3,-0.09513066323327636,0.09550170454584177,-0.001865940199370461
Department Stores,Salvos Stores,2024-07-01,0.0027949270016279127,0.09325371869133181,0.315709461858,0.6503740211666666,3,-0.0904587916897039,0.09310781109791283,-1.459075934189813e-4
Department Stores,Target,2024-01-01,0.11556977621390353,0.19507184154720564,0.6979016045763333,0.923993787599,3,-0.0795020653333021,0.19451619189474192,-5.556496524637133e-4
Department Stores,Target,2024-04-01,0.11742200564037522,0.1906802989167083,0.6621494129453332,0.9122115757056667,3,-0.07325829327633307,0.18652364668043167,-0.00415665223627662
Department Stores,Target,2024-07-01,0.11344423225275464,0.19451619189474192,0.659159664718,0.888678195427,3,-0.08107195964198728,0.18675261767584048,-0.007763574218901448
Eco Products,Adore,2022-04-01,0.8023931713447843,0.30700762709271845,0.104320648692,0.1704620572405,2,0.4953855442520658,0.30434307912724634,-0.0026645479654721083
Eco Products,Adore,2022-07-01,0.8102261056158262,0.29500154305011145,0.11745035680066666,0.175059448177,3,0.5152245625657148,0.2901802333657949,-0.004821309684316544
Eco Products,Adore,2022-10-01,0.8412592572553149,0.30434307912724634,0.126296311667,0.18761490793166666,3,0.5369161781280686,0.26444432854188615,-0.03989875058536019
Eco Products,Adore,2023-01-01,0.8002943758423255,0.2901802333657949,0.116803492161,0.174172397768,3,0.5101141424765306,0.28600439228278685,-0.004175841083008058
Eco Products,Adore,2023-04-01,0.7951052867383512,0.26444432854188615,0.11363188439766667,0.19821491083866666,3,0.5306609581964651,0.2791082960679442,0.01466396752605803
Eco Products,Adore,2023-07-01,0.7775044159107111,0.28600439228278685,0.11128839564866667,0.17396451125866666,3,0.4915000236279242,0.28624649337660313,2.4210109381628264e-4
Eco Products,Adore,2023-10-01,0.8240725006556653,0.2791082960679442,0.09470617094333333,0.16550558964733333,3,0.5449642045877211,0.3238347925388962,0.044726496470952004
Eco Products,Adore,2024-01-01,0.7987594976380312,0.28624649337660313,0.129239819449,0.19451447127433333,3,0.5125130042614281,0.24297338399071808,-0.04327310938588505
Eco Products,Adore,2024-04-01,0.8051103383389565,0.3238347925388962,0.14527504284,0.229094727951,3,0.4812755458000603,0.3172122223007495,-0.006622570238146663
Eco Products,Adore,2024-07-01,0.7737150722100005,0.24297338399071808,0.10741051977066667,0.183302203869,3,0.5307416882192824,0.302922484170077,0.05994910017935892
Eco Products,Biome,2022-04-01,0.18715088674766098,0.2347326119960706,0.0797209031285,0.1361082920105,2,-0.04758172524840962,0.28137741190118337,0.04664479990511278
Eco Products,Biome,2022-07-01,0.1832545671621581,0.3303856299645634,0.12956150221766666,0.17624658138166666,3,-0.1471310628024053,0.3293769607760782,-0.0010086691884851895
Eco Products,Biome,2022-10-01,0.15641507319919923,0.28137741190118337,0.11488383710766667,0.19644719652533335,3,-0.12496233870198414,0.34284810807825683,0.06147069617707346
Eco Products,Biome,2023-01-01,0.1960123908068165,0.3293769607760782,0.132388766072,0.19197477883433334,3,-0.1333645699692617,0.31338213662667114,-0.01599482414940706
Eco Products,Biome,2023-04-01,0.20091340582639394,0.34284810807825683,0.147345371201,0.21348095257266667,3,-0.1419347022518629,0.3523385165854526,0.009490408507195791
Eco Products,Biome,2023-07-01,0.22098592225354005,0.31338213662667114,0.12336782748366668,0.18913953055433333,3,-0.09239621437313109,0.29061795592902473,-0.022764180697646408
Eco Products,Biome,2023-10-01,0.1727074685941751,0.3523385165854526,0.11991035816566666,0.17320500802033334,3,-0.17963104799127752,0.30688201080206823,-0.04545650578338439
Eco Products,Biome,2024-01-01,0.19820243335032803,0.29061795592902473,0.12965720280466667,0.19501989197266667,3,-0.0924155225786967,0.35316291043715037,0.06254495450812564
Eco Products,Biome,2024-04-01,0.19369748235727619,0.30688201080206823,0.137591388104,0.217804677069,3,-0.11318452844479204,0.29806477577968404,-0.008817235022384184
Eco Products,Biome,2024-07-01,0.20512578531763137,0.35316291043715037,0.15783031622366667,0.23267727712666667,3,-0.148037125119519,0.29415671455022413,-0.05900619588692624
Eco Products,Flora & Fauna,2022-04-01,0.0018939393939393942,0.35246384541181264,0.1194474440255,0.1570638131005,2,-0.35056990601787325,0.3144304792301841,-0.03803336618162856
Eco Products,Flora & Fauna,2022-07-01,0.0016583747927031512,0.3144436305968021,0.12387268886433334,0.17806345746833332,3,-0.31278525580409894,0.32401289812372686,0.009569267526924774
Eco Products,Flora & Fauna,2022-10-01,0,0.3144304792301841,0.12739279056866668,0.184259011601,3,-0.3144304792301841,0.3086563254302207,-0.005774153799963377
Eco Products,Flora & Fauna,2023-01-01,0,0.32401289812372686,0.13174066464933334,0.17508023341766668,3,-0.32401289812372686,0.3049954441004594,-0.019017454023267433
Eco Products,Flora & Fauna,2023-04-01,0,0.3086563254302207,0.132794311217,0.185236396457,3,-0.3086563254302207,0.273037092974829,-0.035619232455391725
Eco Products,Flora & Fauna,2023-07-01,0,0.3049954441004594,0.116151865496,0.18255081093566666,3,-0.3049954441004594,0.3043371797045825,-6.582643958769063e-4
Eco Products,Flora & Fauna,2023-10-01,0,0.273037092974829,0.09319168753899999,0.149544831628,3,-0.273037092974829,0.28846328816618955,0.01542619519136057
Eco Products,Flora & Fauna,2024-01-01,0,0.3043371797045825,0.13434708982433333,0.18648311857833333,3,-0.3043371797045825,0.24497969309807263,-0.059357486606509885
Eco Products,Flora & Fauna,2024-04-01,0,0.28846328816618955,0.12953375708166667,0.177106916749,3,-0.28846328816618955,0.23572719266154393,-0.052736095504645614
Eco Products,Flora & Fauna,2024-07-01,0.01727576810987995,0.24497969309807263,0.10739956639066667,0.16968505502866665,3,-0.2277039249881927,0.2891868304140919,0.044207137316019246
Eco Products,Go for Zero,2022-04-01,0.008562002513615417,0.10579591549939828,0.035830912314,0.0587566198525,2,-0.09723391298578286,0.09984902974138615,-0.005946885758012124
Eco Products,Go for Zero,2022-07-01,0.004860952429312548,0.06016919638852309,0.023480326777666666,0.030683988452,3,-0.055308243959210544,0.05642990773440004,-0.0037392886541230477
Eco Products,Go for Zero,2022-10-01,0.0023256695454857918,0.09984902974138615,0.040669710422,0.05911762612633333,3,-0.09752336019590035,0.08405123794963629,-0.015797791791749866
Eco Products,Go for Zero,2023-01-01,0.0036932333508579366,0.05642990773440004,0.023735182491333332,0.04034114658766667,3,-0.052736674383542105,0.09561802699008257,0.039188119255682524
Eco Products,Go for Zero,2023-04-01,0.0039813074352548035,0.08405123794963629,0.036522260509666664,0.05617837128166667,3,-0.08006993051438148,0.09551609437177419,0.011464856422137903
Eco Products,Go for Zero,2023-07-01,0.001509661835748792,0.09561802699008257,0.03630313730133333,0.06071302352866667,3,-0.09410836515433377,0.11879837098978963,0.02318034399970706
Eco Products,Go for Zero,2023-10-01,0.0032200307501596076,0.09551609437177419,0.032109906852333336,0.05389056445766666,3,-0.09229606362161458,0.08081990849284602,-0.014696185878928167
Eco Products,Go for Zero,2024-01-01,0.003038069011640717,0.11879837098978963,0.052512828314666665,0.065013910659,3,-0.1157603019781489,0.1588840124740589,0.04008564148426927
Eco Products,Go for Zero,2024-04-01,0.0011921793037672867,0.08081990849284602,0.03608910185666667,0.05609179497933333,3,-0.07962772918907873,0.14899580925802253,0.0681759007651765
Eco Products,Go for Zero,2024-07-01,0.003883374362488202,0.1588840124740589,0.06815014693266667,0.07714910925966667,3,-0.1550006381115707,0.11373397086560702,-0.045150041608451874
Fast Food,Guzman y Gomez,2022-10-01,0.06915929714156722,0.100214953280574,0.33210202012833334,0.6505776710053334,3,-0.03105565613900678,0.10715588954522261,0.006940936264648603
Fast Food,Guzman y Gomez,2023-01-01,0.085476241829971,0.10321094516599301,0.369334797567,0.6503993370463333,3,-0.017734703336022006,0.09577164879598736,-0.007439296370005649
Fast Food,Guzman y Gomez,2023-04-01,0.09205337891997861,0.10715588954522261,0.37269898307433336,0.6832412548883333,3,-0.015102510625243995,0.08017351822736109,-0.02698237131786152
Fast Food,Guzman y Gomez,2023-07-01,0.09280464123211825,0.09577164879598736,0.3429989113733333,0.6687600157156667,3,-0.002967007563869112,0.0851638892688903,-0.010607759527097055
Fast Food,Guzman y Gomez,2023-10-01,0.08932377495421158,0.08017351822736109,0.333083215596,0.6513090661763333,3,0.009150256726850492,0.08260310151622163,0.0024295832888605456
Fast Food,Guzman y Gomez,2024-01-01,0.0919951752063272,0.0851638892688903,0.3736649299036667,0.6793738711126667,3,0.006831285937436898,0.08360996913359552,-0.0015539201352947896
Fast Food,Guzman y Gomez,2024-04-01,0.10353050268781379,0.08260310151622163,0.373128446206,0.6708149100496666,3,0.020927401171592155,0.08291853265948136,3.1543114325972843e-4
Fast Food,Guzman y Gomez,2024-07-01,0.10542204819821846,0.08360996913359552,0.352599570691,0.6447560503876667,3,0.021812079064622944,0.09132570223102049,0.007715733097424973
Fast Food,Hungry Jack's,2022-10-01,0.01656005256544293,0.17192876276209948,0.5698656365536667,0.9193381219546667,3,-0.15536871019665655,0.17512785076898119,0.0031990880068817062
Fast Food,Hungry Jack's,2023-01-01,0.01836362069320746,0.17286468669194532,0.6158279751686666,0.9195578453356666,3,-0.15450106599873786,0.16329421242407205,-0.009570474267873275
Fast Food,Hungry Jack's,2023-04-01,0.015635980364295046,0.17512785076898119,0.6087583366653333,0.9534874341606667,3,-0.15949187040468615,0.13917684417150078,-0.035951006597480406
Fast Food,Hungry Jack's,2023-07-01,0.01656497626770013,0.16329421242407205,0.5864842854416666,0.91731344483,3,-0.14672923615637193,0.1249892740470432,-0.03830493837702885
Fast Food,Hungry Jack's,2023-10-01,0.01507050836570842,0.13917684417150078,0.5772232168133333,0.9291755248513334,3,-0.12410633580579236,0.12308737626440985,-0.016089467907090926
Fast Food,Hungry Jack's,2024-01-01,0.01507866058482882,0.1249892740470432,0.5491246880563333,0.9117284174993333,3,-0.10991061346221438,0.11974413326036944,-0.005245140786673763
Fast Food,Hungry Jack's,2024-04-01,0.013321361860753465,0.12308737626440985,0.5560951537136667,0.8887706369546666,3,-0.10976601440365638,0.12267096217568096,-4.164140887288892e-4
Fast Food,Hungry Jack's,2024-07-01,0.013602321454407582,0.11974413326036944,0.505522850313,0.849271721019,3,-0.10614181180596186,0.11773753990476046,-0.0020065933556089738
Fast Food,KFC,2022-10-01,0.272833455830294,0.1957918553255039,0.6492607760169999,0.9530920951373334,3,0.07704160050479011,0.19431427305961788,-0.0014775822658860127
Fast Food,KFC,2023-01-01,0.27215176570281324,0.18874296335223753,0.6719388764663333,0.9509697856303333,3,0.08340880235057571,0.18581505665258868,-0.0029279066996488468
Fast Food,KFC,2023-04-01,0.29135792024384843,0.19431427305961788,0.6755525044996666,0.9764170525463334,3,0.09704364718423056,0.15830813923028758,-0.036006133829330295
Fast Food,KFC,2023-07-01,0.25515066411638715,0.18581505665258868,0.6678213585883334,0.974097863451,3,0.06933560746379847,0.1442759441743385,-0.04153911247825018
Fast Food,KFC,2023-10-01,0.2638574724196199,0.15830813923028758,0.656098147312,0.966892503681,3,0.1055493331893323,0.14338796907416496,-0.014920170156122625
Fast Food,KFC,2024-01-01,0.26348265891347095,0.1442759441743385,0.6326577795266667,0.958819898133,3,0.11920671473913244,0.14915547640514654,0.004879532230808031
Fast Food,KFC,2024-04-01,0.26096909417196557,0.14338796907416496,0.6477808361893334,0.9470146786066667,3,0.11758112509780061,0.1544778002348444,0.011089831160679436
Fast Food,KFC,2024-07-01,0.2680204253231993,0.14915547640514654,0.6284341140026667,0.9271273196046667,3,0.11886494891805277,0.14488383182881043,-0.004271644576336109
Fast Food,Mad Mex,2024-01-01,0.01057924554076734,0.03170773968264313,0.13939426907966668,0.3480114536023333,3,-0.021128494141875787,0.02940158103111742,-0.0023061586515257075
Fast Food,Mad Mex,2024-04-01,0.010542970882362803,0.030753931432721034,0.138981754667,0.34442654273,3,-0.02021096055035823,0.028218726155099558,-0.0025352052776214766
Fast Food,Mad Mex,2024-07-01,0.010668317571741583,0.02940158103111742,0.12396119517866666,0.33669286215466665,3,-0.018733263459375836,0.03218428603705916,0.00278270500594174
Fast Food,McDonalds,2022-10-01,0.36053430295520106,0.20389071155270225,0.6761077183513333,0.9601543999973333,3,0.1566435914024988,0.19480718007566983,-0.00908353147703242
Fast Food,McDonalds,2023-01-01,0.32127696671968964,0.2046652639059423,0.7287062522063333,0.9669172176936667,3,0.11661170281374733,0.1945096387999232,-0.010155625106019112
Fast Food,McDonalds,2023-04-01,0.3109895636832284,0.19480718007566983,0.67725399007,0.970444019096,3,0.11618238360755856,0.15369192415845984,-0.04111525591720999
Fast Food,McDonalds,2023-07-01,0.3533626503016098,0.1945096387999232,0.6978886355139999,0.9557725626826666,3,0.1588530115016866,0.14342829475560245,-0.05108134404432074
Fast Food,McDonalds,2023-10-01,0.3347590841514065,0.15369192415845984,0.6379296132766666,0.9507919379733333,3,0.18106715999294665,0.14523153523205792,-0.008460388926401913
Fast Food,McDonalds,2024-01-01,0.3156123330805898,0.14342829475560245,0.629181153887,0.938584013622,3,0.17218403832498733,0.1480316600119424,0.004603365256339947
Fast Food,McDonalds,2024-04-01,0.3282600560781201,0.14523153523205792,0.6559981856823334,0.939302035175,3,0.18302852084606216,0.1500781544957296,0.004846619263671664
Fast Food,McDonalds,2024-07-01,0.31318694923241236,0.1480316600119424,0.6241090754473333,0.9133800315946666,3,0.16515528922046996,0.14533557944941117,-0.0026960805625312334
Fast Food,Oporto,2022-10-01,0.031416264205127546,0,0,0,3,0.031416264205127546,0,0
Fast Food,Oporto,2023-01-01,0.03279240310766249,0,0,0,3,0.03279240310766249,0.02344980640364674,0.02344980640364674
Fast Food,Oporto,2023-04-01,0.03278077619638013,0,0,0,3,0.03278077619638013,0.0753413242236523,0.0753413242236523
Fast Food,Oporto,2023-07-01,0.0332621237240024,0.02344980640364674,0.09000266254166667,0.20318003227400003,3,0.009812317320355656,0.06925072282739306,0.04580091642374631
Fast Food,Oporto,2023-10-01,0.03677917078221142,0.0753413242236523,0.312635307771,0.6750564904799999,3,-0.038562153441440886,0.06525809571759891,-0.010083228506053393
Fast Food,Oporto,2024-01-01,0.03870683611554471,0.06925072282739306,0.30315938012166666,0.6674705007746666,3,-0.03054388671184835,0.06251235455483023,-0.006738368272562828
Fast Food,Oporto,2024-04-01,0.03453734643810589,0.06525809571759891,0.2947892656346667,0.6436059230143333,3,-0.030720749279493025,0.060886650046458025,-0.0043714456711408875
Fast Food,Oporto,2024-07-01,0.03733172696375455,0.06251235455483023,0.2638380860126667,0.601034686255,3,-0.02518062759107568,0.06199910842528108,-5.132461295491511e-4
Fast Food,Red Rooster,2022-10-01,0.07030770781440618,0,0,0,3,0.07030770781440618,0,0
Fast Food,Red Rooster,2023-01-01,0.07488426021208924,0,0,0,3,0.07488426021208924,0.03544925633683332,0.03544925633683332
Fast Food,Red Rooster,2023-04-01,0.07114857943512362,0,0,0,3,0.07114857943512362,0.1026568056556108,0.1026568056556108
Fast Food,Red Rooster,2023-07-01,0.06781429524525188,0.03544925633683332,0.13605773116066666,0.26718152770166664,3,0.03236503890841857,0.09915732727080812,0.06370807093397479
Fast Food,Red Rooster,2023-10-01,0.07518010938139663,0.1026568056556108,0.426664879271,0.85936388939,3,-0.027476696274214174,0.10453496306853373,0.0018781574129229234
Fast Food,Red Rooster,2024-01-01,0.07573460359357244,0.09915732727080812,0.434697970008,0.8481680208386666,3,-0.023422723677235677,0.09817497028058883,-9.823569902192852e-4
Fast Food,Red Rooster,2024-04-01,0.07377126171361635,0.10453496306853373,0.4721583942823333,0.8639024133983333,3,-0.030763701354917378,0.09435973915387982,-0.010175223914653905
Fast Food,Red Rooster,2024-07-01,0.06489862630815325,0.09817497028058883,0.41460502377266667,0.8004491053503333,3,-0.033276343972435576,0.09546956097988599,-0.0027054093007028435
Fast Food,Schnitz,2022-10-01,0.011743070758664206,0,0,0,3,0.011743070758664206,0,0
Fast Food,Schnitz,2023-01-01,0.012685877687869919,0,0,0,3,0.012685877687869919,0,0
Fast Food,Schnitz,2023-04-01,0.01270334148871238,0,0,0,3,0.01270334148871238,0.01348815424878092,0.01348815424878092
Fast Food,Schnitz,2023-07-01,0.012538051094332307,0,0,0,3,0.012538051094332307,0.03904750708245796,0.03904750708245796
Fast Food,Schnitz,2023-10-01,0.012574158801114994,0.01348815424878092,0.05971966873133333,0.10272022645566665,3,-9.139954476659259e-4,0.041027494961740615,0.027539340712959694
Fast Food,Schnitz,2024-01-01,0.013289748850126718,0.03904750708245796,0.17113717521766666,0.32757611340166665,3,-0.025757758232331243,0.03753618682389008,-0.001511320258567879
Fast Food,Schnitz,2024-04-01,0.012671606231282358,0.041027494961740615,0.185365365187,0.3136997086546667,3,-0.02835588873045826,0.041553107005041855,5.256120433012393e-4
Fast Food,Schnitz,2024-07-01,0.01310739553866161,0.03753618682389008,0.15895073824833333,0.284167478074,3,-0.02442879128522847,0.03934946322644748,0.0018132764025573997
Fast Food,Soul Origin,2022-10-01,0.008397588001617407,0,0,0,3,0.008397588001617407,0,0
Fast Food,Soul Origin,2023-01-01,0.009173537516813256,0,0,0,3,0.009173537516813256,0,0
Fast Food,Soul Origin,2023-04-01,0.009461363448353171,0,0,0,3,0.009461363448353171,0.011906740494925225,0.011906740494925225
Fast Food,Soul Origin,2023-07-01,0.00913805336822297,0,0,0,3,0.00913805336822297,0.035442687854961616,0.035442687854961616
Fast Food,Soul Origin,2023-10-01,0.008850970716844701,0.011906740494925225,0.052717857826333335,0.10818375212966667,3,-0.0030557697780805235,0.034152174532076175,0.02224543403715095
Fast Food,Soul Origin,2024-01-01,0.009237755061822285,0.035442687854961616,0.15654264342733332,0.32001673809433334,3,-0.026204932793139332,0.036988907431678715,0.0015462195767170991
Fast Food,Soul Origin,2024-04-01,0.009153324062845029,0.034152174532076175,0.154307231144,0.287940758843,3,-0.024998850469231147,0.03636333858836105,0.002211164056284874
Fast Food,Soul Origin,2024-07-01,0.00926027663772011,0.036988907431678715,0.15586162819333332,0.294211153434,3,-0.027728630793958604,0.041641001949212636,0.004652094517533921
Fast Food,Subway,2022-10-01,0.100889573139232,0.18582806183733347,0.6156206403606667,0.908044535696,3,-0.08493848869810147,0.1855441382527776,-2.839235845558674e-4
Fast Food,Subway,2023-01-01,0.11292701452758545,0.18146785198795704,0.6478425686329999,0.9150578973586667,3,-0.06854083746037158,0.17214420463569693,-0.0093236473522601
Fast Food,Subway,2023-04-01,0.10248489555608768,0.1855441382527776,0.645258802374,0.9391620832503333,3,-0.08305924269668992,0.14991518236380383,-0.03562895588897377
Fast Food,Subway,2023-07-01,0.10137770336299723,0.17214420463569693,0.6188399651063333,0.9151011964123333,3,-0.0707665012726997,0.13059875960838227,-0.041545445027314665
Fast Food,Subway,2023-10-01,0.10462709414800928,0.14991518236380383,0.621948240203,0.9361560859646667,3,-0.04528808821579455,0.138088017770169,-0.011827164593634837
Fast Food,Subway,2024-01-01,0.11218430169118897,0.13059875960838227,0.5730642645393333,0.8932953014973334,3,-0.018414457917193303,0.13636745435692377,0.0057686947485414974
Fast Food,Subway,2024-04-01,0.10046530497151475,0.138088017770169,0.6237868082636666,0.88644483865,3,-0.03762271279865424,0.13438760297029423,-0.0037004147998747627
Fast Food,Subway,2024-07-01,0.10757757715382033,0.13636745435692377,0.5745552282693334,0.834161619253,3,-0.028789877203103442,0.1354130542006284,-9.544001562953597e-4
Fast Food,Taco Bell,2022-10-01,0.0203646397492421,0.0793072786865632,0.2627392815396667,0.6682759819343334,3,-0.0589426389373211,0.08251135534790367,0.0032040766613404686
Fast Food,Taco Bell,2023-01-01,0.020484198092409815,0.08322444954100983,0.296889736986,0.713740538942,3,-0.06274025144860002,0.07036697042133232,-0.012857479119677509
Fast Food,Taco Bell,2023-04-01,0.02204909011924778,0.08251135534790367,0.28753910015766665,0.7314514673796666,3,-0.060462265228655894,0.05747216246056417,-0.025039192887339502
Fast Food,Taco Bell,2023-07-01,0.01916506155244088,0.07036697042133232,0.252017052497,0.6777289591853333,3,-0.051201908868891435,0.050228138734389714,-0.020138831686942603
Fast Food,Taco Bell,2023-10-01,0.017108809137546782,0.05747216246056417,0.23855833680366667,0.7098280340303333,3,-0.04036335332301739,0.04455468512648994,-0.01291747733407423
Fast Food,Taco Bell,2024-01-01,0.01803117816126544,0.050228138734389714,0.21984298420366666,0.6870039427833333,3,-0.032196960573124274,0.051687865196524636,0.001459726462134922
Fast Food,Taco Bell,2024-04-01,0.01736654523682364,0.04455468512648994,0.20138778877833333,0.6963982724706667,3,-0.0271881398896663,0.049769851875157235,0.005215166748667295
Fast Food,Taco Bell,2024-07-01,0.016942855200525055,0.051687865196524636,0.21784501073,0.6182615874963333,3,-0.03474500999599958,0.04757562957611083,-0.004112235620413809
Fast Food,Zambrero,2022-10-01,0.028785818438532382,0.06303837655522374,0.20873124683633332,0.4505706073346667,3,-0.03425255811669135,0.060539312949827236,-0.0024990636053964996
Fast Food,Zambrero,2023-01-01,0.030123678914657677,0.06582383935491504,0.23668072008133334,0.485498251232,3,-0.03570016044025736,0.05919920552991939,-0.006624633824995646
Fast Food,Zambrero,2023-04-01,0.029205970217024115,0.060539312949827236,0.210702909194,0.47676542995300003,3,-0.031333342732803124,0.048241064013775606,-0.01229824893605163
Fast Food,Zambrero,2023-07-01,0.029404891843902246,0.05919920552991939,0.21249517699333334,0.45487839759866666,3,-0.029794313686017145,0.046709714693089655,-0.012489490836829736
Fast Food,Zambrero,2023-10-01,0.031588193264904314,0.048241064013775606,0.20030346888699999,0.467159720048,3,-0.01665287074887129,0.047320655303816225,-9.204087099593805e-4
Fast Food,Zambrero,2024-01-01,0.03606750320049536,0.046709714693089655,0.204984000626,0.47359047490833334,3,-0.010642211492594297,0.04678944151339247,7.972682030281397e-5
Fast Food,Zambrero,2024-04-01,0.035410625664796226,0.047320655303816225,0.213781670108,0.49341236694633334,3,-0.01191002963902,0.044315534639971885,-0.0030051206638443406
Fast Food,Zambrero,2024-07-01,0.039981480417385785,0.04678944151339247,0.196758148288,0.4560592904656667,3,-0.006807961096006683,0.04708524219137188,2.958006779794145e-4
Female Fashion,Country Road,2021-10-01,0.07791261348663105,0.18437498683078463,0.5389483396163334,0.8754239716656667,3,-0.10646237334415358,0.16744270275970347,-0.01693228407108116
Female Fashion,Country Road,2022-01-01,0.2627283619852955,0.1725902350391978,0.551757254197,0.9158428394703333,3,0.09013812694609769,0.16681349727402428,-0.005776737765173512
Female Fashion,Country Road,2022-04-01,0.3175284634603616,0.16744270275970347,0.487891967873,0.8187401454486667,3,0.15008576070065816,0.16649871188320645,-9.439908764970195e-4
Female Fashion,Country Road,2022-07-01,0.2598900030626802,0.16681349727402428,0.5035309467146667,0.855618850077,3,0.0930765057886559,0.1703886726752697,0.0035751754012454118
Female Fashion,Country Road,2022-10-01,0.3414492741417563,0.16649871188320645,0.513215352743,0.8785986244583334,3,0.17495056225854985,0.16642068736813503,-7.802451507141206e-5
Female Fashion,Country Road,2023-01-01,0.3222409248416729,0.1703886726752697,0.5524290607623333,0.8984708829663333,3,0.1518522521664032,0.16434074997455267,-0.006047922700717023
Female Fashion,Country Road,2023-04-01,0.3334668877287216,0.16642068736813503,0.562608209594,0.8880328385593333,3,0.16704620036058654,0.16127969864403432,-0.005140988724100709
Female Fashion,Country Road,2023-07-01,0.3269997354155514,0.16434074997455267,0.574180765744,0.871957175904,3,0.16265898544099872,0.16224295126834473,-0.0020977987062079373
Female Fashion,Country Road,2023-10-01,0.37210516592822845,0.16127969864403432,0.5205043452476666,0.870034475147,3,0.21082546728419413,0.17174513850822615,0.010465439864191822
Female Fashion,Country Road,2024-01-01,0.3504823783517009,0.16224295126834473,0.552353464008,0.912660186442,3,0.18823942708335614,0.1646038670890442,0.002360915820699472
Female Fashion,Country Road,2024-04-01,0.3670104757007456,0.17174513850822615,0.537417301154,0.8697216166753333,3,0.19526533719251943,0.17019132252729807,-0.001553815980928075
Female Fashion,Country Road,2024-07-01,0.3317522292423505,0.1646038670890442,0.5195387346606667,0.8724932003293333,3,0.16714836215330628,0.1735861433945621,0.0089822763055179
Female Fashion,Cue,2021-10-01,0,0.11228427709247807,0.32947827776166666,0.607865877023,3,-0.11228427709247807,0.0908969696850076,-0.02138730740747047
Female Fashion,Cue,2022-01-01,0.0029403644201890073,0.09227705395573263,0.295389329841,0.6190646710673333,3,-0.08933668953554362,0.07483611293191422,-0.017440941023818407
Female Fashion,Cue,2022-04-01,5.184033177812338e-4,0.0908969696850076,0.267653155067,0.5653604845613334,3,-0.09037856636722637,0.08024961681907615,-0.01064735286593145
Female Fashion,Cue,2022-07-01,0.0016809689434890925,0.07483611293191422,0.22597583541299998,0.5867346972916666,3,-0.07315514398842513,0.0915120996603964,0.01667598672848218
Female Fashion,Cue,2022-10-01,0.00334844485272576,0.08024961681907615,0.24787750523,0.5965790559066667,3,-0.07690117196635039,0.0852976489076752,0.005048032088599053
Female Fashion,Cue,2023-01-01,0.00612955169997687,0.0915120996603964,0.29710394666266665,0.6549602717686667,3,-0.08538254796041954,0.08774558671694033,-0.003766512943456077
Female Fashion,Cue,2023-04-01,0.005584860211650333,0.0852976489076752,0.28843523094966667,0.6444668160646667,3,-0.07971278869602487,0.08243199745462236,-0.002865651453052842
Female Fashion,Cue,2023-07-01,0.00684866589957687,0.08774558671694033,0.3072881982153333,0.625666726693,3,-0.08089692081736345,0.08117377464974558,-0.006571812067194746
Female Fashion,Cue,2023-10-01,0.005678032670144298,0.08243199745462236,0.26701466185233336,0.6298360559283334,3,-0.07675396478447806,0.0695574472468381,-0.01287455020778426
Female Fashion,Cue,2024-01-01,0.007358909960152933,0.08117377464974558,0.27665137556999997,0.642299913753,3,-0.07381486468959264,0.08553432589276769,0.004360551243022107
Female Fashion,Cue,2024-04-01,0.006579187844460136,0.0695574472468381,0.21763269670066665,0.5988140781313334,3,-0.06297825940237796,0.08064567271152781,0.01108822546468971
Female Fashion,Cue,2024-07-01,0.005244521450895251,0.08553432589276769,0.2684946111106667,0.591400856398,3,-0.08028980444187243,0.06899014076000938,-0.016544185132758307
Female Fashion,Decjuba,2021-10-01,0.1348692662135849,0.06276863202769711,0.184847123181,0.29315764484066664,3,0.07210063418588777,0.06076646317556824,-0.002002168852128873
Female Fashion,Decjuba,2022-01-01,0.10464165342631963,0.060376881239822065,0.19337412263333334,0.33050008810133336,3,0.04426477218649757,0.0715226195281259,0.011145738288303834
Female Fashion,Decjuba,2022-04-01,0.10941771637728091,0.06076646317556824,0.179765612073,0.2727418872226667,3,0.04865125320171267,0.06527844458633555,0.004511981410767314
Female Fashion,Decjuba,2022-07-01,0.10909108588690596,0.0715226195281259,0.21705966610233335,0.3352954192363333,3,0.037568466358780056,0.06867372867393591,-0.0028488908541899893
Female Fashion,Decjuba,2022-10-01,0.0958092175985371,0.06527844458633555,0.201552939718,0.324436064697,3,0.030530773012201542,0.06856184147575785,0.0032833968894222937
Female Fashion,Decjuba,2023-01-01,0.09837202436178398,0.06867372867393591,0.223587806812,0.356026124343,3,0.02969829568784807,0.06937614484735584,7.024161734199286e-4
Female Fashion,Decjuba,2023-04-01,0.11071903034507377,0.06856184147575785,0.23190003398166667,0.38729500098633335,3,0.04215718886931592,0.06715414747626404,-0.0014076939994938087
Female Fashion,Decjuba,2023-07-01,0.09972127361518755,0.06937614484735584,0.24249588937733332,0.353146514584,3,0.030345128767831714,0.07396304183754039,0.0045868969901845524
Female Fashion,Decjuba,2023-10-01,0.09542002945199805,0.06715414747626404,0.21651508033266667,0.380751715106,3,0.028265881975734014,0.07568330319793147,0.00852915572166743
Female Fashion,Decjuba,2024-01-01,0.09791041921360949,0.07396304183754039,0.25194261374166665,0.40585183726533336,3,0.0239473773760691,0.0668719890079572,-0.007091052829583194
Female Fashion,Decjuba,2024-04-01,0.09995906687941954,0.07568330319793147,0.236650504963,0.37443955287,3,0.024275763681488066,0.06990915140073894,-0.0057741517971925255
Female Fashion,Decjuba,2024-07-01,0.10287509452833757,0.0668719890079572,0.21024110958666667,0.35971957374866664,3,0.03600310552038037,0.06934007248699074,0.002468083479033545
Female Fashion,Forever New,2022-01-01,0.19737105481152092,0.11947684771014765,0.3755573246925,0.609035182289,2,0.07789420710137328,0.1354900538911134,0.01601320618096576
Female Fashion,Forever New,2022-04-01,0.1895435960181806,0.11651947934942401,0.3400594795,0.5440697753856667,3,0.07302411666875659,0.12275237033639692,0.006232890986972911
Female Fashion,Forever New,2022-07-01,0.22037545848615378,0.1354900538911134,0.4088428386076667,0.6310051830023333,3,0.08488540459504038,0.11734276352409642,-0.018147290367016983
Female Fashion,Forever New,2022-10-01,0.16996512009243628,0.12275237033639692,0.37741231092366667,0.6045553336116667,3,0.047212749756039354,0.1251488715153284,0.00239650117893149
Female Fashion,Forever New,2023-01-01,0.17058992208493212,0.11734276352409642,0.3796798378776667,0.6267232521693333,3,0.0532471585608357,0.12283746907950989,0.005494705555413468
Female Fashion,Forever New,2023-04-01,0.15880535819918717,0.1251488715153284,0.42269798791566665,0.6412852645033333,3,0.03365648668385876,0.11297056210356246,-0.012178309411765953
Female Fashion,Forever New,2023-07-01,0.173336686787391,0.12283746907950989,0.4295727996356667,0.642465267444,3,0.050499217707881114,0.1161528768986483,-0.006684592180861593
Female Fashion,Forever New,2023-10-01,0.15557230662217758,0.11297056210356246,0.365865894784,0.5895005931473334,3,0.04260174451861512,0.13135093733365244,0.01838037523008998
Female Fashion,Forever New,2024-01-01,0.15400204051104222,0.1161528768986483,0.39528288722233335,0.6432528832123333,3,0.03784916361239392,0.12477560835033691,0.008622731451688612
Female Fashion,Forever New,2024-04-01,0.14334898302626,0.13135093733365244,0.410205452356,0.656967191636,3,0.011998045692607567,0.1163990744977363,-0.014951862835916138
Female Fashion,Forever New,2024-07-01,0.17299065083606327,0.12477560835033691,0.39603039296433334,0.6341974849643334,3,0.04821504248572636,0.11221534538195911,-0.012560262968377797
Female Fashion,Gorman,2021-10-01,0.07545426454297034,0.04042350782608409,0.117256482116,0.16272438429466668,3,0.035030756716886255,0.03966703383736516,-7.564739887189267e-4
Female Fashion,Gorman,2022-01-01,0.07535851970683302,0.0416261755003374,0.13333133634033334,0.18978765539233333,3,0.033732344206495624,0.043276610625242816,0.001650435124905418
Female Fashion,Gorman,2022-04-01,0.04997932410554167,0.03966703383736516,0.11642117324066667,0.18220466457033332,3,0.01031229026817651,0.04705340679370672,0.007386372956341557
Female Fashion,Gorman,2022-07-01,0.05446965896307351,0.043276610625242816,0.129388661821,0.186227752839,3,0.011193048337830691,0.03978000631326712,-0.0034966043119756957
Female Fashion,Gorman,2022-10-01,0.05309300089790218,0.04705340679370672,0.14547666421333333,0.19242719884933332,3,0.00603959410419546,0.039530582180890166,-0.007522824612816552
Female Fashion,Gorman,2023-01-01,0.029303086650680314,0.03978000631326712,0.12987615930899998,0.20907358045333335,3,-0.010476919662586806,0.037760547228832556,-0.0020194590844345647
Female Fashion,Gorman,2023-04-01,0.04091041887046051,0.039530582180890166,0.13358461381466666,0.20923136483266666,3,0.0013798366895703476,0.04510358624573445,0.005573004064844282
Female Fashion,Gorman,2023-07-01,0.038735758075466045,0.037760547228832556,0.131439193294,0.235854525145,3,9.752108466334897e-4,0.05219071591292623,0.014430168684093678
Female Fashion,Gorman,2023-10-01,0.044698743924531444,0.04510358624573445,0.14590850463066665,0.23541763719866665,3,-4.048423212030042e-4,0.047372361004175925,0.0022687747584414775
Female Fashion,Gorman,2024-01-01,0.060140603613799644,0.05219071591292623,0.17903792110333333,0.24842547809933332,3,0.00794988770087341,0.05276121741949207,5.705015065658389e-4
Female Fashion,Gorman,2024-04-01,0.05397243494813923,0.047372361004175925,0.14871943181433334,0.238479611944,3,0.006600073943963301,0.04129617550739295,-0.006076185496782974
Female Fashion,Gorman,2024-07-01,0.06041721330745171,0.05276121741949207,0.16688162401033332,0.250560229046,3,0.007655995887959635,0.04471283930114981,-0.008048378118342261
Female Fashion,Marcs,2021-10-01,0.01788869563932085,0.055460955170783484,0.16126157317933335,0.28196045841166667,3,-0.037572259531462635,0.04502442550390915,-0.010436529666874333
Female Fashion,Marcs,2022-01-01,0.01479938679131696,0.04644861031647507,0.14878420144499999,0.264879581334,3,-0.03164922352515811,0.05056978373947989,0.0041211734230048175
Female Fashion,Marcs,2022-04-01,0.019110895788885474,0.04502442550390915,0.133203804428,0.253309637209,3,-0.025913529715023677,0.04942408368439986,0.0043996581804907064
Female Fashion,Marcs,2022-07-01,0.0211148184418799,0.05056978373947989,0.15281085489166665,0.286216337938,3,-0.029454965297599986,0.04708876002305267,-0.003481023716427216
Female Fashion,Marcs,2022-10-01,0.018674578268867068,0.04942408368439986,0.15304509073966666,0.2608105391933333,3,-0.03074950541553279,0.04401536525737676,-0.005408718427023097
Female Fashion,Marcs,2023-01-01,0.021454481309711403,0.04708876002305267,0.15416326259833332,0.285270186948,3,-0.025634278713341268,0.050375168356564824,0.003286408333512153
Female Fashion,Marcs,2023-04-01,0.019883216789871976,0.04401536525737676,0.148582212573,0.336759366283,3,-0.024132148467504784,0.0551287105329458,0.011113345275569043
Female Fashion,Marcs,2023-07-01,0.0198149447141565,0.050375168356564824,0.175930014368,0.333855580112,3,-0.030560223642408325,0.045343780038246365,-0.00503138831831846
Female Fashion,Marcs,2023-10-01,0.019276019694350888,0.0551287105329458,0.17863329354466667,0.3221592472306667,3,-0.035852690838594915,0.04229443444059287,-0.012834276092352936
Female Fashion,Marcs,2024-01-01,0.021174196316027082,0.045343780038246365,0.153481586581,0.32900025821633333,3,-0.024169583722219282,0.04785388872076539,0.0025101086825190244
Female Fashion,Marcs,2024-04-01,0.021993952023985287,0.04229443444059287,0.13317584660366666,0.28153786445033335,3,-0.02030048241660758,0.04716969423967277,0.004875259799079906
Female Fashion,Marcs,2024-07-01,0.023297139315747336,0.04785388872076539,0.152217244574,0.31873535609433334,3,-0.024556749405018053,0.055523431398051,0.007669542677285611
Female Fashion,Portmans,2021-10-01,0.09672630667016648,0.15111261232232676,0.44241837867033335,0.785751611195,3,-0.05438630565216028,0.1324769823589215,-0.01863562996340526
Female Fashion,Portmans,2022-01-01,0.03121647475847126,0.14643740299433988,0.4679032264396667,0.8492372289776666,3,-0.11522092823586863,0.12001674089895158,-0.026420662095388306
Female Fashion,Portmans,2022-04-01,0.017489541871550548,0.1324769823589215,0.38252690250733334,0.7758170681723333,3,-0.11498744048737095,0.1351746684287633,0.0026976860698418037
Female Fashion,Portmans,2022-07-01,0.034663285001801075,0.12001674089895158,0.36063171148633333,0.776296133982,3,-0.0853534558971505,0.13615405483099516,0.01613731393204358
Female Fashion,Portmans,2022-10-01,0.08040033199490196,0.1351746684287633,0.4166057589143333,0.8084780024213334,3,-0.05477433643386134,0.13805463408080662,0.0028799656520433203
Female Fashion,Portmans,2023-01-01,0.09322699540516691,0.13615405483099516,0.44231809148199996,0.8164571661356667,3,-0.04292705942582825,0.1260647328641193,-0.01008932196687587
Female Fashion,Portmans,2023-04-01,0.08714976379938896,0.13805463408080662,0.4657886680933333,0.8258980519616667,3,-0.05090487028141766,0.13227762216517977,-0.005777011915626851
Female Fashion,Portmans,2023-07-01,0.08841802086730371,0.1260647328641193,0.4403147026363333,0.7867649617463334,3,-0.037646711996815574,0.11887854970668814,-0.00718618315743115
Female Fashion,Portmans,2023-10-01,0.07487395103825986,0.13227762216517977,0.4280570395123333,0.809397199236,3,-0.05740367112691991,0.11721712530247047,-0.0150604968627093
Female Fashion,Portmans,2024-01-01,0.07821187759178491,0.11887854970668814,0.4053990629736667,0.8156343101573333,3,-0.04066667211490323,0.12260315903957757,0.003724609332889428
Female Fashion,Portmans,2024-04-01,0.07607521599900255,0.11721712530247047,0.367248576409,0.804343740932,3,-0.04114190930346792,0.12891349925813567,0.011696373955665196
Female Fashion,Portmans,2024-07-01,0.07745270682868502,0.12260315903957757,0.38497682490333335,0.775607390651,3,-0.04515045221089255,0.12228539780853222,-3.1776123104534926e-4
Female Fashion,Review,2021-10-01,0.05139017821167447,0.0746312154809304,0.21794829140133334,0.3456622914633333,3,-0.023241037269255922,0.060369163588284445,-0.014262051892645948
Female Fashion,Review,2022-01-01,0.04252890889133719,0.07230471171998569,0.231249670437,0.3705024842556667,3,-0.0297758028286485,0.05945069917033947,-0.012854012549646222
Female Fashion,Review,2022-04-01,0.041747899722443395,0.060369163588284445,0.17893287291366666,0.34189443454066665,3,-0.01862126386584105,0.062084175964937295,0.0017150123766528497
Female Fashion,Review,2022-07-01,0.044251028156216614,0.05945069917033947,0.17843673767499998,0.3336877063213333,3,-0.015199671014122854,0.05509306338441891,-0.004357635785920556
Female Fashion,Review,2022-10-01,0.03274968432339393,0.062084175964937295,0.191800120988,0.32884382200333334,3,-0.029334491641543364,0.062267177389411586,1.8300142447429113e-4
Female Fashion,Review,2023-01-01,0.03478283854799058,0.05509306338441891,0.17875360235233334,0.36074970755266667,3,-0.02031022483642833,0.0669421981338428,0.011849134749423895
Female Fashion,Review,2023-04-01,0.030106569897772807,0.062267177389411586,0.21038553575166666,0.3854269026423333,3,-0.03216060749163878,0.06538096509681718,0.0031137877074055922
Female Fashion,Review,2023-07-01,0.03142547435479339,0.0669421981338428,0.23467002536333334,0.39051308104166665,3,-0.035516723779049415,0.06802629290765545,0.0010840947738126466
Female Fashion,Review,2023-10-01,0.027763240619563163,0.06538096509681718,0.21225294180466667,0.3915261343813333,3,-0.03761772447725402,0.06093600600810753,-0.004444959088709649
Female Fashion,Review,2024-01-01,0.026289191088676535,0.06802629290765545,0.23223592168966667,0.4097068940443333,3,-0.04173710181897892,0.06520397587903325,-0.0028223170286222066
Female Fashion,Review,2024-04-01,0.024862168628921055,0.06093600600810753,0.191267249872,0.35024383474233334,3,-0.03607383737918647,0.05555686277483965,-0.00537914323326788
Female Fashion,Review,2024-07-01,0.026999602039821723,0.06520397587903325,0.20614107732066667,0.398209633963,3,-0.03820437383921152,0.05938001475915037,-0.005823961119882877
Female Fashion,Seed Heritage,2021-10-01,0.08773864710294532,0.09179871448534262,0.26871423324466664,0.38088717833933333,3,-0.004060067382397295,0.08802581790870304,-0.003772896576639581
Female Fashion,Seed Heritage,2022-01-01,0.06921705022306927,0.08231045236533774,0.263481674708,0.3970344864336667,3,-0.013093402142268465,0.09179464461113833,0.00948419224580059
Female Fashion,Seed Heritage,2022-04-01,0.057266543402665196,0.08802581790870304,0.25737419291066665,0.36946315462633333,3,-0.03075927450603784,0.08722664799709835,-7.99169911604683e-4
Female Fashion,Seed Heritage,2022-07-01,0.062268447059706564,0.09179464461113833,0.27721871410166665,0.4095791780906667,3,-0.029526197551431765,0.09186615402158485,7.150941044652137e-5
Female Fashion,Seed Heritage,2022-10-01,0.055141452704079115,0.08722664799709835,0.269067569115,0.38968921885833335,3,-0.03208519529301924,0.08679994939608474,-4.26698601013617e-4
Female Fashion,Seed Heritage,2023-01-01,0.05526709816689966,0.09186615402158485,0.2984070900483333,0.4301929859183333,3,-0.03659905585468519,0.08918228837872222,-0.0026838656428626317
Female Fashion,Seed Heritage,2023-04-01,0.059011044738051036,0.08679994939608474,0.29332432334266667,0.463606363178,3,-0.0277889046580337,0.08446378730292757,-0.0023361620931571653
Female Fashion,Seed Heritage,2023-07-01,0.06473674872886657,0.08918228837872222,0.3116954963933333,0.43311327957633333,3,-0.024445539649855644,0.09904754836913736,0.00986525999041514
Female Fashion,Seed Heritage,2023-10-01,0.06981936943332565,0.08446378730292757,0.27204245943300004,0.43479639634466666,3,-0.014644417869601925,0.10216696156652494,0.017703174263597368
Female Fashion,Seed Heritage,2024-01-01,0.06941334178267726,0.09904754836913736,0.3370328639756667,0.470768252791,3,-0.0296342065864601,0.08436257774232976,-0.014684970626807597
Female Fashion,Seed Heritage,2024-04-01,0.06602982364847657,0.10216696156652494,0.32025167179033337,0.47434877729933334,3,-0.03613713791804837,0.0965803017769138,-0.005586659789611134
Female Fashion,Seed Heritage,2024-07-01,0.06473789619301444,0.08436257774232976,0.26641299249966666,0.432458770375,3,-0.01962468154931532,0.1026826681280093,0.01832009038567954
Female Fashion,Veronika Maine,2021-10-01,0.026770416677936722,0.06513080700786969,0.19158645087333334,0.315090014343,3,-0.038360390329932964,0.052596923516125035,-0.012533883491744655
Female Fashion,Veronika Maine,2022-01-01,0.026713308382206487,0.0573240581271068,0.183596622953,0.34876441577166667,3,-0.030610749744900315,0.051358923603043005,-0.005965134524063796
Female Fashion,Veronika Maine,2022-04-01,0.021695317633354794,0.052596923516125035,0.156892086362,0.2953128394913333,3,-0.03090160588277024,0.04773700701982022,-0.0048599164963048155
Female Fashion,Veronika Maine,2022-07-01,0.021586961973513518,0.051358923603043005,0.154258064286,0.30421682624766666,3,-0.029771961629529487,0.047802027381705206,-0.003556896221337799
Female Fashion,Veronika Maine,2022-10-01,0.016989518068247764,0.04773700701982022,0.14746665312566667,0.3175726680616667,3,-0.030747488951572456,0.047716036131397896,-2.097088842232392e-5
Female Fashion,Veronika Maine,2023-01-01,0.021125606822063235,0.047802027381705206,0.15484265954333334,0.32173895383766665,3,-0.02667642055964197,0.05253165544869925,0.004729628066994042
Female Fashion,Veronika Maine,2023-04-01,0.018553971585001994,0.047716036131397896,0.16126779033933333,0.352069249185,3,-0.029162064546395902,0.05162419832446705,0.003908162193069151
Female Fashion,Veronika Maine,2023-07-01,0.019940181353154604,0.05253165544869925,0.183275765954,0.34575643924466665,3,-0.032591474095544644,0.04979612335848909,-0.0027355320902101576
Female Fashion,Veronika Maine,2023-10-01,0.017272121259514574,0.05162419832446705,0.16709923312266667,0.36544830924766664,3,-0.03435207706495247,0.04693783188132862,-0.004686366443138426
Female Fashion,Veronika Maine,2024-01-01,0.02289970818574933,0.04979612335848909,0.16979551345533334,0.33924441066100003,3,-0.02689641517273976,0.05253346803263319,0.0027373446741440974
Female Fashion,Veronika Maine,2024-04-01,0.01882010723523367,0.04693783188132862,0.14694776035033333,0.297401890723,3,-0.028117724646094952,0.04973418339239227,0.002796351511063652
Female Fashion,Veronika Maine,2024-07-01,0.018453933237545374,0.05253346803263319,0.166713035924,0.3185151157296667,3,-0.03407953479508781,0.05071950970285878,-0.0018139583297744066
Female Fashion,Witchery,2021-10-01,0.1934747352557469,0.16201429175570317,0.474560087101,0.7985068868036667,3,0.03146044350004373,0.14621403831698834,-0.01580025343871483
Female Fashion,Witchery,2022-01-01,0.15084357421821,0.14865318693489987,0.47531580195,0.8456192044356666,3,0.002190387283310141,0.1348703137266271,-0.013782873208272761
Female Fashion,Witchery,2022-04-01,0.17570229830195452,0.14621403831698834,0.429265288259,0.7728800381763333,3,0.02948825998496618,0.13652086648625916,-0.00969317183072918
Female Fashion,Witchery,2022-07-01,0.17060828402457984,0.1348703137266271,0.406289873156,0.758517194567,3,0.035737970297952726,0.1342986695112776,-5.716442153494983e-4
Female Fashion,Witchery,2022-10-01,0.1323793770571526,0.13652086648625916,0.42135529477833333,0.7954771605626666,3,-0.004141489429106554,0.1361872062971357,-3.336601891234525e-4
Female Fashion,Witchery,2023-01-01,0.14750747010912207,0.1342986695112776,0.43421010822166667,0.8037765806003333,3,0.013208800597844461,0.13284345897086033,-0.0014552105404172788
Female Fashion,Witchery,2023-04-01,0.13580887783481985,0.1361872062971357,0.4608955316173333,0.8343489820923333,3,-3.7832846231586337e-4,0.142184724653445,0.005997518356309295
Female Fashion,Witchery,2023-07-01,0.13002251018855232,0.13284345897086033,0.464581282416,0.793128270424,3,-0.0028209487823080137,0.13318434505257837,3.408860817180337e-4
Female Fashion,Witchery,2023-10-01,0.11752101935790606,0.142184724653445,0.4585223408106667,0.8244310660183334,3,-0.02466370529553895,0.1347384535101515,-0.0074462711432934925
Female Fashion,Witchery,2024-01-01,0.11211733338477971,0.13318434505257837,0.45396240285333334,0.8161632010296667,3,-0.02106701166779866,0.13289592282606277,-2.8842222651559446e-4
Female Fashion,Witchery,2024-04-01,0.12134858406535641,0.1347384535101515,0.422221588898,0.80708179911,3,-0.013389869444795102,0.14360406191335176,0.008865608403200248
Female Fashion,Witchery,2024-07-01,0.11577901302008783,0.13289592282606277,0.41897861591566665,0.777634079395,3,-0.01711690980597494,0.1405644368787272,0.007668514052664416
Female Skincare,Alpha-H,2021-10-01,0.24196808015636564,0.21161326233444316,0.21881942954066666,0.21733105264033334,3,0.03035481782192248,0.15178841464546933,-0.05982484768897384
Female Skincare,Alpha-H,2022-01-01,0.22204351992184587,0.1477818830834276,0.15886871108166667,0.18931857008633332,3,0.07426163683841827,0.15750251937118315,0.009720636287755546
Female Skincare,Alpha-H,2022-04-01,0.15832897466184215,0.15178841464546933,0.14150120109699998,0.18399790779666667,3,0.006540560016372821,0.14014146117611184,-0.011646953469357485
Female Skincare,Alpha-H,2022-07-01,0.13656920352233937,0.15750251937118315,0.16060870609066666,0.196162188533,3,-0.02093331584884378,0.15163282834879,-0.005869691022393153
Female Skincare,Alpha-H,2022-10-01,0.1406976939580581,0.14014146117611184,0.13525336374733332,0.18557616901066668,3,5.562327819462476e-4,0.16659826900477942,0.026456807828667578
Female Skincare,Alpha-H,2023-01-01,0.15262145712716402,0.15163282834879,0.16000186054733334,0.185851090549,3,9.886287783740233e-4,0.16542027406005652,0.013787445711266527
Female Skincare,Alpha-H,2023-04-01,0.1225302825814623,0.16659826900477942,0.18196691349666666,0.192320543497,3,-0.04406798642331712,0.1632286682333036,-0.003369600771475828
Female Skincare,Alpha-H,2023-07-01,0.14045177794351232,0.16542027406005652,0.17176502717033335,0.19590380367733334,3,-0.024968496116544198,0.15162598515413675,-0.013794288905919772
Female Skincare,Alpha-H,2023-10-01,0.15296684927135715,0.1632286682333036,0.14766293531066665,0.18281554223633334,3,-0.010261818961946445,0.15880591943811487,-0.0044227487951887245
Female Skincare,Alpha-H,2024-01-01,0.14932040923880832,0.15162598515413675,0.153609783585,0.175597167829,3,-0.0023055759153284283,0.14777928010753788,-0.0038467050465988695
Female Skincare,Alpha-H,2024-04-01,0.14266060185629512,0.15880591943811487,0.17458902528833334,0.20134017865733334,3,-0.01614531758181975,0.15939955985784332,5.936404197284528e-4
Female Skincare,Alpha-H,2024-07-01,0.14382465111816942,0.14777928010753788,0.15094973992666666,0.186179030562,3,-0.003954628989368464,0.15227041064720465,0.0044911305396667656
Female Skincare,Biologi,2021-10-01,0.0068914397631480865,0.1567469298329668,0.163057646416,0.11509012380566666,3,-0.14985549006981871,0.12411463049089087,-0.03263229934207594
Female Skincare,Biologi,2022-01-01,0.03325397638761567,0.11582079942694261,0.128141833852,0.096110302196,3,-0.08256682303932694,0.11803315517160182,0.0022123557446592085
Female Skincare,Biologi,2022-04-01,0.021515487173128248,0.12411463049089087,0.11630350132466667,0.09170954616333334,3,-0.10259914331776263,0.11879238531446044,-0.005322245176430429
Female Skincare,Biologi,2022-07-01,0.012816641073322699,0.11803315517160182,0.121835478735,0.09558184681233332,3,-0.10521651409827912,0.11980043945460435,0.001767284283002532
Female Skincare,Biologi,2022-10-01,0.008645490940805722,0.11879238531446044,0.11463924850666667,0.132464506174,3,-0.11014689437365473,0.12354537091332064,0.004752985598860199
Female Skincare,Biologi,2023-01-01,0.011661258443530489,0.11980043945460435,0.12732790569233335,0.118664893193,3,-0.10813918101107386,0.11571028170272205,-0.0040901577518823035
Female Skincare,Biologi,2023-04-01,0.016521883733041347,0.12354537091332064,0.13518357783133333,0.12932323277466667,3,-0.10702348718027929,0.11550524879121558,-0.008040122122105059
Female Skincare,Biologi,2023-07-01,0.00278222900647626,0.11571028170272205,0.11973866214333334,0.09905346744866667,3,-0.11292805269624578,0.103286557561724,-0.012423724140998044
Female Skincare,Biologi,2023-10-01,0.017104192469531015,0.11550524879121558,0.10407829641666667,0.105688812292,3,-0.09840105632168457,0.11718652432231509,0.0016812755310995076
Female Skincare,Biologi,2024-01-01,0.020603525076937676,0.103286557561724,0.10500079718233334,0.10283222366466667,3,-0.08268303248478633,0.10633927013390808,0.003052712572184077
Female Skincare,Biologi,2024-04-01,0.006895020897963649,0.11718652432231509,0.12903322588333332,0.10419904282333334,3,-0.11029150342435144,0.12345123942035575,0.006264715098040663
Female Skincare,Biologi,2024-07-01,0,0.10633927013390808,0.107657552674,0.07762982768400001,3,-0.10633927013390808,0.10103316862685491,-0.005306101507053171
Female Skincare,Emma Lewisham,2021-10-01,0.02475504501942715,0.11685874124408636,0.12210196651266667,0.043126781153999996,3,-0.09210369622465922,0.0911224303982133,-0.025736310845873064
Female Skincare,Emma Lewisham,2022-01-01,0.040223496517171,0.08568546327058825,0.095998505025,0.03866199084166667,3,-0.04546196675341725,0.08813040857326929,0.002444945302681037
Female Skincare,Emma Lewisham,2022-04-01,0.025271484129065304,0.0911224303982133,0.084632991983,0.052628123878000005,3,-0.065850946269148,0.08697549526926478,-0.004146935128948523
Female Skincare,Emma Lewisham,2022-07-01,0.04468137565912582,0.08813040857326929,0.09104206272733334,0.03810271981766667,3,-0.04344903291414347,0.08810236076819826,-2.8047805071027e-5
Female Skincare,Emma Lewisham,2022-10-01,0.03675729287326028,0.08697549526926478,0.08448762744133334,0.047161176123666666,3,-0.050218202396004497,0.08354948923507555,-0.00342600603418923
Female Skincare,Emma Lewisham,2023-01-01,0.09377015190829036,0.08810236076819826,0.09340656399766667,0.04967608040166666,3,0.005667791140092096,0.08687659542742457,-0.0012257653407736907
Female Skincare,Emma Lewisham,2023-04-01,0.08851673224609043,0.08354948923507555,0.09149635188766667,0.064794102801,3,0.00496724301101488,0.09134650960995104,0.0077970203748754935
Female Skincare,Emma Lewisham,2023-07-01,0.047216902659703366,0.08687659542742457,0.08995842754433334,0.04090275059733333,3,-0.0396596927677212,0.09224908672984122,0.005372491302416654
Female Skincare,Emma Lewisham,2023-10-01,0.06171758939613718,0.09134650960995104,0.08166901776966666,0.04982967939433333,3,-0.02962892021381386,0.09496125382145827,0.0036147442115072315
Female Skincare,Emma Lewisham,2024-01-01,0.05408218344592668,0.09224908672984122,0.09308988822033333,0.052258750151666665,3,-0.03816690328391454,0.0976627516892033,0.0054136649593620745
Female Skincare,Emma Lewisham,2024-04-01,0.07210117331667494,0.09496125382145827,0.103849136858,0.057792499307,3,-0.02286008050478333,0.08539468097026898,-0.009566572851189295
Female Skincare,Emma Lewisham,2024-07-01,0.062050132007085326,0.0976627516892033,0.09900404088933333,0.05118163631166667,3,-0.03561261968211797,0.07976954725339716,-0.017893204435806137
Female Skincare,Go-to-skincare,2021-10-01,0,0,0,0,3,0,0.12270931367647149,0.12270931367647149
Female Skincare,Go-to-skincare,2022-01-01,0,0.1120178033730225,0.120815863572,0.08351213018133333,3,-0.1120178033730225,0.1573638513342255,0.045346047961203007
Female Skincare,Go-to-skincare,2022-04-01,0.07013883447086604,0.12270931367647149,0.114033432146,0.097724682112,3,-0.05257047920560545,0.14467176988237967,0.021962456205908185
Female Skincare,Go-to-skincare,2022-07-01,0.2507566113915899,0.1573638513342255,0.15963202653866668,0.111090797873,3,0.09339276005736438,0.1487121539092177,-0.00865169742500782
Female Skincare,Go-to-skincare,2022-10-01,0.2875133859209387,0.14467176988237967,0.13996388990333333,0.10461309140533333,3,0.14284161603855905,0.15178500654718788,0.0071132366648082035
Female Skincare,Go-to-skincare,2023-01-01,0.18581739481528106,0.1487121539092177,0.15745940059366667,0.12021980695066667,3,0.037105240906063375,0.13825528850755164,-0.010456865401666043
Female Skincare,Go-to-skincare,2023-04-01,0.2080170640111626,0.15178500654718788,0.165850622941,0.12793246243,3,0.05623205746397472,0.14933808558098638,-0.002446920966201499
Female Skincare,Go-to-skincare,2023-07-01,0.1805643820859841,0.13825528850755164,0.14199759695033334,0.11209880992,3,0.04230909357843246,0.160370581637619,0.022115293130067354
Female Skincare,Go-to-skincare,2023-10-01,0.22694938666189848,0.14933808558098638,0.134187559172,0.11569956179933334,3,0.0776113010809121,0.15159933412938045,0.0022612485483940736
Female Skincare,Go-to-skincare,2024-01-01,0.17213922320154987,0.160370581637619,0.16135520147866667,0.125082052943,3,0.01176864156393087,0.16931161419785845,0.008941032560239454
Female Skincare,Go-to-skincare,2024-04-01,0.16215843896850432,0.15159933412938045,0.16678031816833333,0.135304103312,3,0.010559104839123867,0.16839296129143363,0.016793627162053182
Female Skincare,Go-to-skincare,2024-07-01,0.15889520846149632,0.16931161419785845,0.17046300354233335,0.123511102393,3,-0.010416405736362128,0.16659560363682174,-0.002716010561036708
Female Skincare,Grown Alchemist,2021-10-01,0.07079089115924299,0.14653829343836497,0.150412685471,0.092234988601,3,-0.07574740227912198,0.10080537547220264,-0.04573291796616233
Female Skincare,Grown Alchemist,2022-01-01,0.07449331975028785,0.10883777319887655,0.11852818530166666,0.10017784175466667,3,-0.034344453448588705,0.09604656897089725,-0.012791204227979303
Female Skincare,Grown Alchemist,2022-04-01,0.06209428120531251,0.10080537547220264,0.09393077905466667,0.06498138257,3,-0.03871109426689013,0.11241542089843948,0.011610045426236837
Female Skincare,Grown Alchemist,2022-07-01,0.06179491042678756,0.09604656897089725,0.10069877101966666,0.08422897270066666,3,-0.03425165854410969,0.10140528109716468,0.005358712126267429
Female Skincare,Grown Alchemist,2022-10-01,0.0931332520255296,0.11241542089843948,0.10869557549233333,0.10091057475666666,3,-0.01928216887290987,0.1006071188351934,-0.011808302063246082
Female Skincare,Grown Alchemist,2023-01-01,0.06589834683751966,0.10140528109716468,0.10727588991233333,0.11195864958366668,3,-0.03550693425964502,0.10997937271191438,0.008574091614749701
Female Skincare,Grown Alchemist,2023-04-01,0.046882615350321115,0.1006071188351934,0.109904217501,0.10711892815233333,3,-0.05372450348487228,0.10484008332707402,0.004232964491880625
Female Skincare,Grown Alchemist,2023-07-01,0.05396146213183354,0.10997937271191438,0.113444403877,0.102851226202,3,-0.05601791058008084,0.09806857242443813,-0.01191080028747625
Female Skincare,Grown Alchemist,2023-10-01,0.1045095202009699,0.10484008332707402,0.09417951910233334,0.08882882953,3,-3.305631261041192e-4,0.1036129643882733,-0.001227118938800717
Female Skincare,Grown Alchemist,2024-01-01,0.09346107571569727,0.09806857242443813,0.099809547025,0.10143123860733333,3,-0.00460749670874086,0.12145781524586713,0.023389242821429
Female Skincare,Grown Alchemist,2024-04-01,0.06500885369023857,0.1036129643882733,0.11360407877300001,0.10049771414933333,3,-0.03860411069803474,0.10094692279943121,-0.002666041588842094
Female Skincare,Grown Alchemist,2024-07-01,0.06162195625651523,0.12145781524586713,0.12390415010833333,0.10299361862033334,3,-0.0598358589893519,0.12065319384863143,-8.046213972356941e-4
Female Skincare,Kora Organics,2021-10-01,0.14803563168383266,0.24868392989464272,0.25795718320833333,0.261375676962,3,-0.10064829821081006,0.20945514754826156,-0.039228782346381164
Female Skincare,Kora Organics,2022-01-01,0.10722414216110415,0.20854392568353314,0.22645828120466666,0.25102493941666665,3,-0.10131978352242899,0.1836078911328295,-0.024936034550703645
Female Skincare,Kora Organics,2022-04-01,0.15948232633837234,0.20945514754826156,0.19472671959833335,0.232547785318,3,-0.04997282120988922,0.19401709372252438,-0.01543805382573718
Female Skincare,Kora Organics,2022-07-01,0.08214127163985972,0.1836078911328295,0.18740632918066666,0.24419507302333335,3,-0.10146661949296977,0.18429151029744495,6.836191646154566e-4
Female Skincare,Kora Organics,2022-10-01,0.09094559592544318,0.19401709372252438,0.18669514695333334,0.208446340178,3,-0.10307149779708119,0.18779051266516433,-0.006226581057360042
Female Skincare,Kora Organics,2023-01-01,0.08011576808670974,0.18429151029744495,0.19451924336566667,0.22626571756266667,3,-0.10417574221073521,0.19887656564899925,0.014585055351554299
Female Skincare,Kora Organics,2023-04-01,0.07681158372439653,0.18779051266516433,0.20505809002566666,0.23561973956833332,3,-0.1109789289407678,0.1900920389039601,0.002301526238795759
Female Skincare,Kora Organics,2023-07-01,0.12392571000777056,0.19887656564899925,0.20452330308633335,0.21979286776133333,3,-0.07495085564122869,0.18779743503406357,-0.011079130614935678
Female Skincare,Kora Organics,2023-10-01,0.10646512050700904,0.1900920389039601,0.17125486846766666,0.19860863381766666,3,-0.08362691839695105,0.1945659061969401,0.004473867292980022
Female Skincare,Kora Organics,2024-01-01,0.08996909283050658,0.18779743503406357,0.191826167215,0.23049675564533334,3,-0.09782834220355699,0.1796905859008668,-0.008106849133196758
Female Skincare,Kora Organics,2024-04-01,0.08521681049959846,0.1945659061969401,0.212646512836,0.22971843759233335,3,-0.10934909569734165,0.18231161261481674,-0.012254293582123377
Female Skincare,Kora Organics,2024-07-01,0.09489072668696331,0.1796905859008668,0.18299396818733332,0.18072233039733335,3,-0.0847998592139035,0.1881144043118626,0.008423818410995793
Female Skincare,Rationale,2021-10-01,0.5013953527602041,0.11955884325549594,0.12212923067333332,0.06137640222066667,3,0.38183650950470815,0.08148761847948514,-0.0380712247760108
Female Skincare,Rationale,2022-01-01,0.515742979104369,0.09070960981146174,0.09793817060533333,0.045242114598666665,3,0.4250333692929072,0.0847826719458392,-0.005926937865622539
Female Skincare,Rationale,2022-04-01,0.49783419803383433,0.08148761847948514,0.07618622367133333,0.03702032093633333,3,0.41634657955434917,0.07743074190756859,-0.004056876571916557
Female Skincare,Rationale,2022-07-01,0.411239986286975,0.0847826719458392,0.087011462866,0.04183249038733333,3,0.3264573143411358,0.08170675666825686,-0.0030759152775823445
Female Skincare,Rationale,2022-10-01,0.3393004823220765,0.07743074190756859,0.07498249573833334,0.069022083542,3,0.2618697404145079,0.07665236619842133,-7.783757091472526e-4
Female Skincare,Rationale,2023-01-01,0.4026567336856575,0.08170675666825686,0.08691583160633333,0.05430028148266666,3,0.3209499770174007,0.07431108719625319,-0.007395669472003666
Female Skincare,Rationale,2023-04-01,0.43252442452160184,0.07665236619842133,0.083936064733,0.06290205625566667,3,0.3558720583231805,0.0654391504230201,-0.011213215775401228
Female Skincare,Rationale,2023-07-01,0.45109753616471987,0.07431108719625319,0.07684022975166667,0.054791064092666666,3,0.3767864489684667,0.08363427986215288,0.00932319266589969
Female Skincare,Rationale,2023-10-01,0.3302873414930972,0.0654391504230201,0.05862630608166667,0.058753179239666664,3,0.26484819107007707,0.07635558739299307,0.010916436969972965
Female Skincare,Rationale,2024-01-01,0.42042449049057357,0.08363427986215288,0.08493901459066666,0.050842285116,3,0.3367902106284207,0.06727064040295921,-0.01636363945919367
Female Skincare,Rationale,2024-04-01,0.46595910077072494,0.07635558739299307,0.082739373155,0.059776092424999996,3,0.38960351337773186,0.07447116287645361,-0.0018844245165394596
Female Skincare,Rationale,2024-07-01,0.4787173254697704,0.06727064040295921,0.06813651593299999,0.064820120111,3,0.4114466850668112,0.0848481057397213,0.01757746533676209
Female Skincare,Ren Skincare,2022-01-01,0.007018566157606509,0.13060274215214762,0.14081323623566666,0.11529849315,3,-0.1235841759945411,0.11453293350015428,-0.01606980865199334
Female Skincare,Ren Skincare,2022-04-01,0.0053344139875791145,0.11851706928900568,0.110036109085,0.11426510168233334,3,-0.11318265530142657,0.12555563182925086,0.00703856254024518
Female Skincare,Ren Skincare,2022-07-01,0,0.11453293350015428,0.11567334181666668,0.116556313235,3,-0.11453293350015428,0.1243486694563232,0.009815735956168914
Female Skincare,Ren Skincare,2022-10-01,0.0030068060338878182,0.12555563182925086,0.121723076989,0.128915421462,3,-0.12254882579536304,0.1094718666008574,-0.016083765228393457
Female Skincare,Ren Skincare,2023-01-01,0.007458889095847214,0.1243486694563232,0.13158853703966666,0.143392600433,3,-0.11688978036047598,0.11057053474507848,-0.013778134711244713
Female Skincare,Ren Skincare,2023-04-01,0.008195413831923822,0.1094718666008574,0.119992673732,0.12259061023633334,3,-0.10127645276893359,0.12021021513048921,0.010738348529631805
Female Skincare,Ren Skincare,2023-07-01,0,0.11057053474507848,0.11503908407166667,0.10956450324066666,3,-0.11057053474507848,0.12296750159602442,0.012396966850945934
Female Skincare,Ren Skincare,2023-10-01,0,0.12021021513048921,0.10862375584766668,0.11341978494866667,3,-0.12021021513048921,0.10291251031052487,-0.017297704819964344
Female Skincare,Ren Skincare,2024-01-01,0,0.12296750159602442,0.12473583498799999,0.12539626588966668,3,-0.12296750159602442,0.11048804232179915,-0.012479459274225266
Female Skincare,Ren Skincare,2024-04-01,0,0.10291251031052487,0.11327434154466667,0.12357741798699999,3,-0.10291251031052487,0.10563186016939673,0.0027193498588718584
Female Skincare,Ren Skincare,2024-07-01,0,0.11048804232179915,0.11298781249866667,0.105523246436,3,-0.11048804232179915,0.1067155659355062,-0.003772476386292953
Feminine Hygiene Products (Female Only),Canesten,2023-10-01,0.6213323785452627,0.3047193273204208,0.332153057969,0.498272213058,2,0.3166130512248419,0.2707344962959506,-0.0339848310244702
Feminine Hygiene Products (Female Only),Canesten,2024-01-01,0.6685552647050912,0.3077918748511789,0.353684770539,0.5335484631940001,3,0.36076338985391226,0.26718745104501634,-0.04060442380616258
Feminine Hygiene Products (Female Only),Canesten,2024-04-01,0.6481111323712476,0.2707344962959506,0.301538394692,0.4965986686646667,3,0.37737663607529703,0.2859745149173262,0.015240018621375584
Feminine Hygiene Products (Female Only),Canesten,2024-07-01,0.5815660960344334,0.26718745104501634,0.30332920147333337,0.469453041761,3,0.3143786449894171,0.2708799561639997,0.0036925051189833358
Feminine Hygiene Products (Female Only),Femfresh,2023-10-01,0.15722101299303493,0.3613489438222365,0.39262923785750004,0.6064897882364999,2,-0.20412793082920155,0.3668834958956719,0.005534552073435395
Feminine Hygiene Products (Female Only),Femfresh,2024-01-01,0.15837503671542327,0.3726770020347405,0.42719985411766664,0.66451252807,3,-0.21430196531931725,0.35553849899275786,-0.017138503041982667
Feminine Hygiene Products (Female Only),Femfresh,2024-04-01,0.17703022764378368,0.3668834958956719,0.4093496952676667,0.647293174885,3,-0.1898532682518882,0.3810454620810079,0.01416196618533605
Feminine Hygiene Products (Female Only),Femfresh,2024-07-01,0.15954937645173728,0.35553849899275786,0.4044802080486667,0.6394087833776667,3,-0.19598912254102058,0.397587899103145,0.04204940011038716
Feminine Hygiene Products (Female Only),Replens,2023-10-01,0.015726372997368707,0.041950019776534134,0.0457643743575,0.0903228456445,2,-0.026223646779165426,0.05602228200534043,0.014072262228806295
Feminine Hygiene Products (Female Only),Replens,2024-01-01,0.025394568245191644,0.05369885298030774,0.062078410602333337,0.11161448342733334,3,-0.0283042847351161,0.06393887398256257,0.010240021002254823
Feminine Hygiene Products (Female Only),Replens,2024-04-01,0.010987181085094512,0.05602228200534043,0.061638687413,0.11885678186700001,3,-0.045035100920245916,0.04704619478691951,-0.008976087218420921
Feminine Hygiene Products (Female Only),Replens,2024-07-01,0.01943064860054405,0.06393887398256257,0.073245691543,0.12747231137366666,3,-0.04450822538201851,0.05144242674225949,-0.012496447240303077
Feminine Hygiene Products (Female Only),Vagisil,2023-10-01,0.13300670738184103,0.26501119959312835,0.2885703273115,0.5412181579815001,2,-0.13200449221128732,0.2639217452169662,-0.0010894543761621467
Feminine Hygiene Products (Female Only),Vagisil,2024-01-01,0.13725209195588753,0.2356902180962456,0.27444071844833334,0.571702564795,3,-0.09843812614035807,0.27434644675987785,0.03865622866363225
Feminine Hygiene Products (Female Only),Vagisil,2024-04-01,0.14289294198615374,0.2639217452169662,0.2959114910433333,0.5687100658206666,3,-0.12102880323081247,0.24351077990784037,-0.02041096530912584
Feminine Hygiene Products (Female Only),Vagisil,2024-07-01,0.15232915824402538,0.27434644675987785,0.311387650096,0.57222808675,3,-0.12201728851585247,0.24310205288463102,-0.03124439387524683
Feminine Hygiene Products (Female Only),Vush,2023-10-01,0.07271352808249258,0.026970509487680164,0.0295372573325,0.05916275048150001,2,0.04574301859481242,0.0424379805860709,0.015467471098390737
Feminine Hygiene Products (Female Only),Vush,2024-01-01,0.01042303837840637,0.030142052037527192,0.034455767562,0.05939042018466667,3,-0.01971901365912082,0.03898872921978541,0.00884667718225822
Feminine Hygiene Products (Female Only),Vush,2024-04-01,0.020978516913720432,0.0424379805860709,0.047346452962,0.09143120032366667,3,-0.02145946367235047,0.04242304830690601,-1.4932279164887874e-5
Feminine Hygiene Products (Female Only),Vush,2024-07-01,0.08712472066925982,0.03898872921978541,0.04399340301166667,0.08413620436766667,3,0.048135991449474405,0.03698766510596485,-0.002001064113820561
Floor Cleaning Appliances,Bissell,2023-04-01,0.11144211311680434,0.13453754822415795,0.2593562397936667,0.5532486241726666,3,-0.02309543510735361,0.13415887593611875,-3.7867228803920017e-4
Floor Cleaning Appliances,Bissell,2023-07-01,0.11490939472181183,0.12143977406358902,0.21301128317666665,0.4492745078056667,3,-0.006530379341777193,0.12182363861638221,3.838645527931839e-4
Floor Cleaning Appliances,Bissell,2023-10-01,0.10147493133841257,0.13415887593611875,0.25194239091066667,0.48363097590566667,3,-0.03268394459770618,0.13463985483983554,4.8097890371678886e-4
Floor Cleaning Appliances,Bissell,2024-01-01,0.11330857890255357,0.12182363861638221,0.23069666944233333,0.4746409879503333,3,-0.00851505971382864,0.12219851745609014,3.7487883970793723e-4
Floor Cleaning Appliances,Bissell,2024-04-01,0.09967464401426665,0.13463985483983554,0.25546131665466665,0.47797273605966667,3,-0.03496521082556889,0.12957805136977193,-0.005061803470063603
Floor Cleaning Appliances,Bissell,2024-07-01,0.0999630450849963,0.12219851745609014,0.21308741437833334,0.417892761729,3,-0.022235472371093842,0.11804306512185374,-0.004155452334236406
Floor Cleaning Appliances,Dyson,2023-04-01,0.6431277274117969,0.3660225396395411,0.7050042587046667,0.898501225807,3,0.2771051877722558,0.35756640497629605,-0.008456134663245074
Floor Cleaning Appliances,Dyson,2023-07-01,0.598100176380163,0.3765711347301202,0.660876963032,0.878260092558,3,0.22152904165004278,0.3655141061378256,-0.011057028592294627
Floor Cleaning Appliances,Dyson,2023-10-01,0.6183996061601174,0.35756640497629605,0.670017036699,0.8805629496953333,3,0.2608332011838213,0.37782758256835136,0.020261177592055313
Floor Cleaning Appliances,Dyson,2024-01-01,0.5722890825937728,0.3655141061378256,0.6911703791106667,0.8899634591313333,3,0.20677497645594717,0.36577517833419965,2.61072196374057e-4
Floor Cleaning Appliances,Dyson,2024-04-01,0.5807781317215279,0.37782758256835136,0.7155575753206667,0.898996877345,3,0.20295054915317656,0.3361742996527765,-0.04165328291557485
Floor Cleaning Appliances,Dyson,2024-07-01,0.5674593022153998,0.36577517833419965,0.6370510006933333,0.81618067778,3,0.2016841238812001,0.3512572502408437,-0.014517928093355947
Floor Cleaning Appliances,Hoover,2023-04-01,0.05029582186008814,0.16675106276626875,0.3204608456896667,0.7298738447123333,3,-0.11645524090618062,0.17678145958236288,0.010030396816094134
Floor Cleaning Appliances,Hoover,2023-07-01,0.05254854388026918,0.18476304504579502,0.3254384922656667,0.7102742289046666,3,-0.13221450116552586,0.1843185271593952,-4.4451788639982004e-4
Floor Cleaning Appliances,Hoover,2023-10-01,0.03610553040877636,0.17678145958236288,0.33113803126633334,0.7056506688583334,3,-0.1406759291735865,0.16108597388153195,-0.01569548570083093
Floor Cleaning Appliances,Hoover,2024-01-01,0.048746916668861204,0.1843185271593952,0.3486381562136667,0.7254478928276668,3,-0.135571610490534,0.16207808862175205,-0.022240438537643153
Floor Cleaning Appliances,Hoover,2024-04-01,0.04623866699338398,0.16108597388153195,0.30647739180966665,0.6996610654403334,3,-0.11484730688814798,0.18207312087861452,0.020987146997082567
Floor Cleaning Appliances,Hoover,2024-07-01,0.044381431576553526,0.16207808862175205,0.2839346089556667,0.65404415585,3,-0.11769665704519852,0.17725597480081576,0.01517788617906371
Floor Cleaning Appliances,Kärcher,2023-04-01,0.08572070766439617,0.14775258109465694,0.2843612611156667,0.5638110390916666,3,-0.06203187343026077,0.14004567207067267,-0.007706909023984271
Floor Cleaning Appliances,Kärcher,2023-07-01,0.10155233424434239,0.14420273788270638,0.253178403024,0.487204732236,3,-0.04265040363836399,0.1411356683888553,-0.0030670694938510767
Floor Cleaning Appliances,Kärcher,2023-10-01,0.09642502531181639,0.14004567207067267,0.26284888115233335,0.49649575008266666,3,-0.04362064675885628,0.13911190223535674,-9.337698353159285e-4
Floor Cleaning Appliances,Kärcher,2024-01-01,0.10385800437152713,0.1411356683888553,0.26712203911433335,0.5081781300753334,3,-0.03727766401732817,0.1292762582847448,-0.011859410104110513
Floor Cleaning Appliances,Kärcher,2024-04-01,0.08564894225271584,0.13911190223535674,0.26500051565533334,0.4911980324096667,3,-0.053462959982640904,0.12222523450690498,-0.016886667728451765
Floor Cleaning Appliances,Kärcher,2024-07-01,0.08972700740993424,0.1292762582847448,0.225397233146,0.4411363347246667,3,-0.03954925087481055,0.1276454724698054,-0.0016307858149393895
Floor Cleaning Appliances,Shark,2023-04-01,0.04920539390133277,0.06999332624503794,0.13497456319633333,0.37224713611166665,3,-0.02078793234370517,0.08299851085019581,0.013005184605157871
Floor Cleaning Appliances,Shark,2023-07-01,0.06739665396918304,0.0642325271198384,0.11331426198266666,0.315715613873,3,0.0031641268493446395,0.075649652201814,0.011417125081975593
Floor Cleaning Appliances,Shark,2023-10-01,0.0891386085090246,0.08299851085019581,0.15554620878866668,0.36980567907466666,3,0.00614009765882878,0.09080948449179206,0.007810973641596247
Floor Cleaning Appliances,Shark,2024-01-01,0.09420026510064168,0.075649652201814,0.14325522746833333,0.32884239305866664,3,0.018550612898827687,0.10133342459487758,0.02568377239306359
Floor Cleaning Appliances,Shark,2024-04-01,0.12558400718778076,0.09080948449179206,0.172937883652,0.3919900421076667,3,0.0347745226959887,0.12140784687102085,0.03059836237922879
Floor Cleaning Appliances,Shark,2024-07-01,0.13696296928004245,0.10133342459487758,0.17643363611466667,0.378985507772,3,0.03562954468516487,0.12933106036085754,0.027997635765979953
Floor Cleaning Appliances,Tineco,2023-04-01,0.028285508016510738,0.01187873271898147,0.022806318922333334,0.05233939879333333,3,0.01640677529752927,0.009628235117936333,-0.002250497601045136
Floor Cleaning Appliances,Tineco,2023-07-01,0.033298324781806256,0.01812896118192118,0.03203744386433333,0.066405617213,3,0.015169363599885077,0.012525700222935563,-0.005603260958985615
Floor Cleaning Appliances,Tineco,2023-10-01,0.029146461834719768,0.009628235117936333,0.017641205807,0.03996660705866666,3,0.019518226716783434,0.018476006627886198,0.008847771509949864
Floor Cleaning Appliances,Tineco,2024-01-01,0.03304365382420843,0.012525700222935563,0.023942830570666665,0.042917735867666666,3,0.020517953601272867,0.0217191213420536,0.009193421119118039
Floor Cleaning Appliances,Tineco,2024-04-01,0.03292697868169566,0.018476006627886198,0.03498397882766667,0.052538615362333334,3,0.014450972053809463,0.01933057738250359,8.545707546173918e-4
Floor Cleaning Appliances,Tineco,2024-07-01,0.0341975098072659,0.0217191213420536,0.03803955391833333,0.061817696975,3,0.0124783884652123,0.01225556158606598,-0.009463559755987621
Floor Cleaning Appliances,Vax,2023-04-01,0.031922728029070924,0.10306420931135582,0.19845320516966666,0.48979806636833334,3,-0.0711414812822849,0.09882084146641755,-0.00424336784493827
Floor Cleaning Appliances,Vax,2023-07-01,0.03219457202242436,0.09066181997602978,0.16036515113966668,0.43149279300666665,3,-0.05846724795360542,0.09903270727279219,0.008370887296762414
Floor Cleaning Appliances,Vax,2023-10-01,0.029309836437132933,0.09882084146641755,0.18507929163766665,0.46055690478833333,3,-0.06951100502928462,0.0780491953552462,-0.020771646111171355
Floor Cleaning Appliances,Vax,2024-01-01,0.0345534985384352,0.09903270727279219,0.18693853953366665,0.434411675782,3,-0.06447920873435699,0.09761941136628216,-0.0014132959065100287
Floor Cleaning Appliances,Vax,2024-04-01,0.02914862914862915,0.0780491953552462,0.14852309558466667,0.4078362944926667,3,-0.04890056620661705,0.0892108693384076,0.01116167398316141
Floor Cleaning Appliances,Vax,2024-07-01,0.027308734625807796,0.09761941136628216,0.170827924452,0.386589910444,3,-0.07031067674047436,0.08421161541975788,-0.013407795946524276
Fresh Meat & Poultry,Coles Finest,2023-10-01,0.35109144908410894,0.23807986488248783,0.30290800100566667,0.409356212216,3,0.11301158420162111,0.2362233541453769,-0.0018565107371109335
Fresh Meat & Poultry,Coles Finest,2024-01-01,0.0952387949519935,0.23566719753712467,0.31691105122633334,0.4435426122246667,3,-0.14042840258513117,0.23501481856946166,-6.523789676630143e-4
Fresh Meat & Poultry,Coles Finest,2024-04-01,0.2111823641264762,0.2362233541453769,0.31040193171366665,0.4251435280256667,3,-0.0250409900189007,0.225230572696461,-0.010992781448915911
Fresh Meat & Poultry,Coles Finest,2024-07-01,0.22848302508193505,0.23501481856946166,0.29329293180166666,0.40815888502566666,3,-0.00653179348752661,0.23938761982443438,0.004372801254972719
Fresh Meat & Poultry,Lilydale,2023-10-01,0.4329467558293261,0.45991993603928194,0.5850014162953333,0.7027487248696667,3,-0.026973180209955816,0.4535688832432546,-0.006351052796027323
Fresh Meat & Poultry,Lilydale,2024-01-01,0.5371706733888407,0.4662625687721522,0.626613824117,0.7585978494126667,3,0.0709081046166885,0.46447786846706957,-0.0017847003050826538
Fresh Meat & Poultry,Lilydale,2024-04-01,0.44210394333155806,0.4535688832432546,0.5962171987453333,0.7193119280206667,3,-0.011464939911696559,0.4533179258296168,-2.509574136378423e-4
Fresh Meat & Poultry,Lilydale,2024-07-01,0.41667263137952826,0.46447786846706957,0.5804623577119999,0.714514329719,3,-0.04780523708754131,0.4673338514396239,0.0028559829725543495
Fresh Meat & Poultry,Macro,2023-10-01,0.21596179508656496,0.3020001990782302,0.384549208981,0.570504433439,3,-0.08603840399166526,0.31020776261136845,0.008207563533138229
Fresh Meat & Poultry,Macro,2024-01-01,0.3675905316591659,0.29807023369072305,0.4007182971223333,0.598939996454,3,0.06952029796844283,0.3005073129634688,0.0024370792727457236
Fresh Meat & Poultry,Macro,2024-04-01,0.34671369254196577,0.31020776261136845,0.40769278286233335,0.6050145350586666,3,0.036505929930597314,0.32145150147392226,0.01124373886255381
Fresh Meat & Poultry,Macro,2024-07-01,0.3548443435385367,0.3005073129634688,0.37593177524533333,0.5533637250653334,3,0.054337030575067946,0.29327852873594173,-0.007228784227527041
Fresh Milk (Dairy),Norco,2024-01-01,0.16705661135413957,0.14856022063058008,0.22961686222233332,0.37772187376666666,3,0.01849639072355949,0.1568911059039262,0.008330885273346106
Fresh Milk (Dairy),Norco,2024-04-01,0.16199295892459423,0.14134148117010242,0.20600039212333335,0.37956097514733333,3,0.020651477754491804,0.1465194414002981,0.005177960230195677
Fresh Milk (Dairy),Norco,2024-07-01,0.17116721770791338,0.1568911059039262,0.236231610279,0.37871479637766664,3,0.01427611180398719,0.1586020252721009,0.0017109193681747181
Fresh Milk (Dairy),PURA,2024-01-01,0.38190728912089195,0.24634992240891493,0.38073300567566665,0.6577364159956667,3,0.13555736671197702,0.22415929305622798,-0.022190629352686952
Fresh Milk (Dairy),PURA,2024-04-01,0.39705766021150574,0.23399891016284446,0.3400699773526667,0.609158691131,3,0.16305875004866127,0.23919154808937335,0.005192637926528881
Fresh Milk (Dairy),PURA,2024-07-01,0.3501160485663683,0.22415929305622798,0.3367032167003333,0.6076988405686666,3,0.12595675551014032,0.23394945082122817,0.009790157765000196
Fresh Milk (Dairy),Pauls,2024-01-01,0.29840264301829716,0.3054474507055668,0.4722952622486667,0.740867781137,3,-0.007044807687269616,0.30100418384566413,-0.00444326685990265
Fresh Milk (Dairy),Pauls,2024-04-01,0.2827462298772942,0.2942091701966359,0.42771617557633335,0.783274248748,3,-0.011462940319341697,0.2976125068255636,0.0034033366289277223
Fresh Milk (Dairy),Pauls,2024-07-01,0.32141842310841134,0.30100418384566413,0.45067392282333335,0.760120936302,3,0.020414239262747214,0.2968375119218488,-0.004166671923815313
Fresh Milk (Dairy),Zymil,2024-01-01,0.06597465328601129,0.09589874340946387,0.14877100174866667,0.4443535559653333,3,-0.029924090123452582,0.10229409303858843,0.006395349629124553
Fresh Milk (Dairy),Zymil,2024-04-01,0.06777332635023595,0.11151969335241371,0.16281817647433333,0.47224460493633336,3,-0.043746367002177766,0.09687874975881625,-0.014640943593597466
Fresh Milk (Dairy),Zymil,2024-07-01,0.06238391130043669,0.10229409303858843,0.155439090552,0.45439026865099996,3,-0.03991018173815174,0.09338116998063314,-0.008912923057955283
Fresh Milk (Dairy),a2 Milk,2024-01-01,0.08665880322066,0.2037436628454744,0.3155433214496667,0.709300731922,3,-0.11708485962481441,0.21565132415559324,0.011907661310118833
Fresh Milk (Dairy),a2 Milk,2024-04-01,0.0904298246363699,0.2189307451180035,0.3183768881276667,0.7267293822906666,3,-0.1285009204816336,0.21979775392594877,8.670088079452687e-4
Fresh Milk (Dairy),a2 Milk,2024-07-01,0.09491439931687035,0.21565132415559324,0.32277462879266666,0.7088685282243333,3,-0.12073692483872289,0.21722984200418896,0.001578517848595723
Furniture & Homeware,Castlery,2023-04-01,0.011342669130887904,0.01020832083274414,0.029899760663,0.055826114759,2,0.0011343482981437652,0.013497617677078782,0.0032892968443346427
Furniture & Homeware,Castlery,2023-07-01,0.013074830783701532,0.01370478382988793,0.036338601389999996,0.06057971579633333,3,-6.299530461863993e-4,0.008241927554833283,-0.005462856275054648
Furniture & Homeware,Castlery,2023-10-01,0.011358891980548798,0.013497617677078782,0.036603541003,0.07599313140666666,3,-0.002138725696529984,0.011446248491701796,-0.0020513691853769854
Furniture & Homeware,Castlery,2024-01-01,0.010974149916966889,0.008241927554833283,0.023379390580999998,0.05343598415833333,3,0.0027322223621336055,0.011616103717751871,0.003374176162918588
Furniture & Homeware,Castlery,2024-04-01,0.014239769755420318,0.011446248491701796,0.030093020411,0.054700980824333334,3,0.002793521263718521,0.01505183929493643,0.003605590803234634
Furniture & Homeware,Castlery,2024-07-01,0.011936558071492015,0.011616103717751871,0.029832948472,0.05991339525033333,3,3.2045435374014435e-4,0.011656447626530734,4.03439087788629e-5
Furniture & Homeware,Ecosa,2023-04-01,0.016945523589637138,0.023681023285461802,0.069572782619,0.10790391193599999,2,-0.006735499695824664,0.024246753353221795,5.657300677599925e-4
Furniture & Homeware,Ecosa,2023-07-01,0.013074830783701532,0.02561046007832286,0.06761702997033334,0.13039704798766666,3,-0.012535629294621329,0.01767220311659655,-0.007938256961726311
Furniture & Homeware,Ecosa,2023-10-01,0.016314257381816938,0.024246753353221795,0.06415987963533334,0.13443394783766666,3,-0.007932495971404857,0.015269973088201754,-0.00897678026502004
Furniture & Homeware,Ecosa,2024-01-01,0.015118494677864346,0.01767220311659655,0.049821889018333336,0.10766727460533333,3,-0.0025537084387322034,0.019604498649540426,0.001932295532943877
Furniture & Homeware,Ecosa,2024-04-01,0.026151017734382335,0.015269973088201754,0.040221776475666667,0.11724056094966667,3,0.01088104464618058,0.017779123185076084,0.0025091500968743297
Furniture & Homeware,Ecosa,2024-07-01,0.02387311614298403,0.019604498649540426,0.050276631530999996,0.136305333087,3,0.004268617493443604,0.025661425150225937,0.006056926500685511
Furniture & Homeware,Fantastic Furniture,2023-04-01,0.25318737760222165,0.23139857243324416,0.5615552893083333,0.867182540697,3,0.021788805168977493,0.18851731906867092,-0.04288125336457324
Furniture & Homeware,Fantastic Furniture,2023-07-01,0.2886442554958978,0.1953412331188519,0.5166183742586667,0.8036200591353333,3,0.09330302237704588,0.1821405397578663,-0.013200693360985616
Furniture & Homeware,Fantastic Furniture,2023-10-01,0.254580961556751,0.18851731906867092,0.499377447265,0.7908012375063332,3,0.06606364248808005,0.1903592465675652,0.0018419274988942802
Furniture & Homeware,Fantastic Furniture,2024-01-01,0.21971972657429392,0.1821405397578663,0.510837699729,0.802060145164,3,0.037579186816427634,0.18477056221892296,0.0026300224610566747
Furniture & Homeware,Fantastic Furniture,2024-04-01,0.24925792853271636,0.1903592465675652,0.4988086460903333,0.7552525939326666,3,0.05889868196515116,0.18387476866313784,-0.006484477904427355
Furniture & Homeware,Fantastic Furniture,2024-07-01,0.23615813143621206,0.18477056221892296,0.4752319042993333,0.7382816956423334,3,0.0513875692172891,0.18140262509131838,-0.003367937127604581
Furniture & Homeware,Freedom,2022-04-01,0.10886179352566051,0.38689048383910957,0.478139636117,0.71457857016,3,-0.27802869031344907,0.40227540338520595,0.015384919546096387
Furniture & Homeware,Freedom,2022-07-01,0.1141626588572952,0.4207565567539251,0.5729272533033334,0.8109553869756667,3,-0.3065938978966299,0.3485873951888744,-0.07216916156505071
Furniture & Homeware,Freedom,2022-10-01,0.10915356329939939,0.40227540338520595,0.5677673248893333,0.7956688196473334,3,-0.29312184008580655,0.21162107483552423,-0.19065432854968173
Furniture & Homeware,Freedom,2023-01-01,0.0899901324865406,0.3485873951888744,0.5604367830926666,0.782922622764,3,-0.2585972627023338,0.17702999865984964,-0.17155739652902474
Furniture & Homeware,Freedom,2023-04-01,0.09373938655993809,0.21162107483552423,0.517024788955,0.7834629040346667,3,-0.11788168827558614,0.17335480692360447,-0.038266267911919755
Furniture & Homeware,Freedom,2023-07-01,0.11147042421087838,0.17702999865984964,0.46872594639299997,0.7244973435193334,3,-0.06555957444897126,0.17489986382620668,-0.002130134833642966
Furniture & Homeware,Freedom,2023-10-01,0.12162782015541816,0.17335480692360447,0.46226836863633336,0.7602745517346666,3,-0.05172698676818631,0.16376068295161667,-0.009594123971987806
Furniture & Homeware,Freedom,2024-01-01,0.08851996952991784,0.17489986382620668,0.4904575695726667,0.7700328329546666,3,-0.08637989429628884,0.17217263726635865,-0.0027272265598480283
Furniture & Homeware,Freedom,2024-04-01,0.1104110006940847,0.16376068295161667,0.428667204696,0.733192908905,3,-0.053349682257531963,0.17950747259260127,0.01574678964098461
Furniture & Homeware,Freedom,2024-07-01,0.09821209104816102,0.17217263726635865,0.44148169682666666,0.6758428435893333,3,-0.07396054621819763,0.17587944281667875,0.0037068055503201025
Furniture & Homeware,Ikea,2023-04-01,0.3351565802147509,0.2482644595878866,0.72911015155,0.906374534561,2,0.08689212062686433,0.2459470575331656,-0.0023174020547210017
Furniture & Homeware,Ikea,2023-07-01,0.2846528131850003,0.2576396162593811,0.6814203011346667,0.891444370097,3,0.02701319692561921,0.254779837550312,-0.0028597787090690607
Furniture & Homeware,Ikea,2023-10-01,0.2876025037961826,0.2459470575331656,0.6532819466096667,0.886488734629,3,0.04165544626301698,0.2601827655519629,0.01423570801879731
Furniture & Homeware,Ikea,2024-01-01,0.37744414047373864,0.254779837550312,0.7139821056806667,0.8913670283836667,3,0.12266430292342662,0.2461991019188123,-0.00858073563149972
Furniture & Homeware,Ikea,2024-04-01,0.2506140077076423,0.2601827655519629,0.6810016888096667,0.8635395331616667,3,-0.009568757844320597,0.25330857169441234,-0.006874193857550559
Furniture & Homeware,Ikea,2024-07-01,0.38816879375734736,0.2461991019188123,0.6320237377976666,0.8221868076086666,3,0.14196969183853506,0.2495003819677153,0.0033012800489029825
Furniture & Homeware,Koala,2023-04-01,0.02268533826177581,0.08099748444764221,0.237856787697,0.4514461654335,2,-0.0583121461858664,0.08212985885324713,0.0011323744056049162
Furniture & Homeware,Koala,2023-07-01,0.011948716995439175,0.07940444724672359,0.210265293361,0.42452990472433333,3,-0.06745573025128442,0.07721839833827882,-0.0021860489084447737
Furniture & Homeware,Koala,2023-10-01,0.010255737829938773,0.08212985885324713,0.21846222092333334,0.4139294815476667,3,-0.07187412102330835,0.08033734914653103,-0.0017925097067161
Furniture & Homeware,Koala,2024-01-01,0.0394974700513196,0.07721839833827882,0.21655211040666666,0.44628933968266665,3,-0.037720928286959214,0.08630937641500043,0.009090978076721615
Furniture & Homeware,Koala,2024-04-01,0.056523905928340126,0.08033734914653103,0.21070325637033332,0.407992235217,3,-0.0238134432181909,0.0754523128256765,-0.004885036320854519
Furniture & Homeware,Koala,2024-07-01,0.01860908568761665,0.08630937641500043,0.221152456529,0.423147922158,3,-0.06770029072738379,0.07617393566191044,-0.010135440753089989
Furniture & Homeware,Lounge Lovers,2022-04-01,0.016098061172687403,0.047089432172236066,0.058268086708666664,0.08896232557466667,3,-0.030991370999548663,0.05427654021269136,0.0071871080404552964
Furniture & Homeware,Lounge Lovers,2022-07-01,0.018200408056721705,0.0366423552435306,0.050390022837666665,0.100190465961,3,-0.018441947186808895,0.051199301394640115,0.014556946151109515
Furniture & Homeware,Lounge Lovers,2022-10-01,0.01998908453916116,0.05427654021269136,0.07697462219633333,0.12374319277233334,3,-0.0342874556735302,0.022876727817052283,-0.031399812395639076
Furniture & Homeware,Lounge Lovers,2023-01-01,0.019804094666931994,0.051199301394640115,0.08272219802766667,0.12630151785666668,3,-0.031395206727708125,0.01438122106712208,-0.03681808032751804
Furniture & Homeware,Lounge Lovers,2023-04-01,0.023667024800916408,0.022876727817052283,0.05931533348733333,0.11276147999366667,3,7.90296983864125e-4,0.02223581057170504,-6.409172453472438e-4
Furniture & Homeware,Lounge Lovers,2023-07-01,0.026149661567403063,0.01438122106712208,0.03840109565733334,0.08707399934466667,3,0.011768440500280983,0.01994867586987354,0.00556745480275146
Furniture & Homeware,Lounge Lovers,2023-10-01,0.02366337864713379,0.02223581057170504,0.059581509757,0.11680640680033333,3,0.0014275680754287506,0.019889844312470165,-0.0023459662592348746
Furniture & Homeware,Lounge Lovers,2024-01-01,0.021015564164286644,0.01994867586987354,0.05589166047,0.10632936970966667,3,0.0010668882944131035,0.026446597889193246,0.006497922019319705
Furniture & Homeware,Lounge Lovers,2024-04-01,0.026927191659868434,0.019889844312470165,0.051793118725666665,0.09495210326366667,3,0.007037347347398269,0.01691805999171445,-0.0029717843207557153
Furniture & Homeware,Lounge Lovers,2024-07-01,0.02387311614298403,0.026446597889193246,0.06792777162466666,0.12092676498066667,3,-0.002573481746209215,0.024561721786782478,-0.001884876102410768
Furniture & Homeware,Nick Scali,2022-04-01,0.04520523772497174,0.2747310751938633,0.34036547097233333,0.6591263304596666,3,-0.22952583746889157,0.26417881537266935,-0.010552259821193954
Furniture & Homeware,Nick Scali,2022-07-01,0.03931748189902183,0.23661618443784663,0.32375515990166664,0.700964013753,3,-0.1972987025388248,0.23261972748520032,-0.0039964569526463045
Furniture & Homeware,Nick Scali,2022-10-01,0.031955106138837897,0.26417881537266935,0.37299991352166667,0.7128953580033334,3,-0.23222370923383145,0.13192522268060614,-0.13225359269206322
Furniture & Homeware,Nick Scali,2023-01-01,0.04310519876418368,0.23261972748520032,0.374248868174,0.6986651562453333,3,-0.18951452872101665,0.10658124546966395,-0.12603848201553636
Furniture & Homeware,Nick Scali,2023-04-01,0.06320370746889165,0.13192522268060614,0.32228663449233336,0.688624338042,3,-0.06872151521171449,0.11072956445013381,-0.021195658230472328
Furniture & Homeware,Nick Scali,2023-07-01,0.06537415391850765,0.10658124546966395,0.28141359635633334,0.6522177160720001,3,-0.0412070915511563,0.12088064468211449,0.014299399212450534
Furniture & Homeware,Nick Scali,2023-10-01,0.06786396554723578,0.11072956445013381,0.29458070087433336,0.6769303007393334,3,-0.042865598902898025,0.11196964156973419,0.0012400771196003774
Furniture & Homeware,Nick Scali,2024-01-01,0.059477315808226905,0.12088064468211449,0.338408608523,0.6870504489483333,3,-0.06140332887388758,0.11393551819720084,-0.006945126484913647
Furniture & Homeware,Nick Scali,2024-04-01,0.07218913982752875,0.11196964156973419,0.293611149273,0.6471312689236667,3,-0.03978050174220543,0.11717212323521042,0.0052024816654762385
Furniture & Homeware,Nick Scali,2024-07-01,0.03802986357704846,0.11393551819720084,0.29196292025133336,0.6199895510426666,3,-0.07590565462015238,0.10869970848429428,-0.005235809712906561
Furniture & Homeware,Temple & Webster,2022-04-01,0.08850527133580767,0.24533554849968542,0.30381234502,0.5338531509473333,3,-0.15683027716387776,0.22657813552476164,-0.01875741297492378
Furniture & Homeware,Temple & Webster,2022-07-01,0.10080249749734844,0.2524087898931392,0.3450740308833333,0.5559621785013333,3,-0.15160629239579076,0.22731006379917953,-0.02509872609395966
Furniture & Homeware,Temple & Webster,2022-10-01,0.12051067032855022,0.22657813552476164,0.31980248082533336,0.5278096280783333,3,-0.10606746519621142,0.13392550412360357,-0.09265263140115806
Furniture & Homeware,Temple & Webster,2023-01-01,0.12330401546948368,0.22731006379917953,0.3634733253596667,0.5616028414963333,3,-0.10400604832969586,0.11144846671747782,-0.11586159708170171
Furniture & Homeware,Temple & Webster,2023-04-01,0.1414951979179647,0.13392550412360357,0.333487254256,0.5684360505683334,3,0.007569693794361121,0.11826524900397169,-0.015660255119631886
Furniture & Homeware,Temple & Webster,2023-07-01,0.16790080938791674,0.11144846671747782,0.2945405569303333,0.5064482801043333,3,0.056452342670438915,0.12460174053741101,0.013153273819933184
Furniture & Homeware,Temple & Webster,2023-10-01,0.18844987734803392,0.11826524900397169,0.314621826152,0.5346671327086666,3,0.07018462834406224,0.12564989827898743,0.007384649275015739
Furniture & Homeware,Temple & Webster,2024-01-01,0.15719214825950364,0.12460174053741101,0.34928749330866665,0.5675249989753334,3,0.03259040772209264,0.11340249915357212,-0.01119924138383889
Furniture & Homeware,Temple & Webster,2024-04-01,0.17792534866567683,0.12564989827898743,0.32923246999266664,0.543880574131,3,0.052275450386689404,0.12463406828524419,-0.0010158299937432363
Furniture & Homeware,Temple & Webster,2024-07-01,0.14823405734835834,0.11340249915357212,0.292070120652,0.5357456522966667,3,0.03483155819478623,0.12793884639809772,0.0145363472445256
Furniture & Homeware,West Elm,2022-04-01,0.012685167449256783,0.04595346029510564,0.05668268168333333,0.096912835995,3,-0.03326829284584886,0.052691105504671765,0.006737645209566122
Furniture & Homeware,West Elm,2022-07-01,0.014810006963262956,0.05357611367155846,0.072850634309,0.13361100741100002,3,-0.03876610670829551,0.0378648257731619,-0.015711287898396563
Furniture & Homeware,West Elm,2022-10-01,0.01860836560469956,0.052691105504671765,0.074477447837,0.11877414348399999,3,-0.03408273989997221,0.026152039340813154,-0.02653906616385861
Furniture & Homeware,West Elm,2023-01-01,0.01519478273848671,0.0378648257731619,0.060522505394000004,0.11515072590933333,3,-0.02267004303467519,0.0188585275527191,-0.0190062982204428
Furniture & Homeware,West Elm,2023-04-01,0.017914254924653285,0.026152039340813154,0.06151801937166667,0.09838935467133333,3,-0.008237784416159868,0.021075962565200786,-0.005076076775612368
Furniture & Homeware,West Elm,2023-07-01,0.017709503671553915,0.0188585275527191,0.049961361847,0.101706809243,3,-0.001149023881165185,0.019616168766507312,7.576412137882127e-4
Furniture & Homeware,West Elm,2023-10-01,0.018282605756940296,0.021075962565200786,0.05635214168266667,0.10975369923066666,3,-0.00279335680826049,0.021134350041228846,5.838747602806074e-5
Furniture & Homeware,West Elm,2024-01-01,0.011041020543881534,0.019616168766507312,0.055080040824666665,0.11048173062000001,3,-0.008575148222625778,0.02554310457364714,0.005926935807139828
Furniture & Homeware,West Elm,2024-04-01,0.015760689494339886,0.021134350041228846,0.05538902765,0.10656388831366667,3,-0.00537366054688896,0.01630166023199039,-0.004832689809238455
Furniture & Homeware,West Elm,2024-07-01,0.012905186787796051,0.02554310457364714,0.065746663104,0.112689903542,3,-0.01263791778585109,0.018525465016445995,-0.0070176395572011455
Garden Care,Brunnings,2023-07-01,0.0715106026795319,0.2022831157731696,0.479294769528,0.605875771156,2,-0.1307725130936377,0.1968256572011251,-0.0054574585720444935
Garden Care,Brunnings,2023-10-01,0.06974858531729107,0.2082959100418605,0.46860066618466667,0.6104664886273333,3,-0.13854732472456943,0.19826908325745152,-0.010026826784408971
Garden Care,Brunnings,2024-01-01,0.06598163496117786,0.1968256572011251,0.47612544364333337,0.613520704175,3,-0.13084402223994723,0.17242131297769353,-0.024404344223431573
Garden Care,Brunnings,2024-04-01,0.052498952977208455,0.19826908325745152,0.4631815244256667,0.606600073302,3,-0.14577013028024305,0.17775481065728085,-0.020514272600170663
Garden Care,Brunnings,2024-07-01,0.0771475860732727,0.17242131297769353,0.4123122695836667,0.5620628682743333,3,-0.09527372690442083,0.17382326302737763,0.001401950049684103
Garden Care,Neutrog,2023-07-01,0.528988872295775,0.01922876828222621,0.0451116424585,0.07555337126600001,2,0.5097601040135488,0.023167029450120436,0.003938261167894225
Garden Care,Neutrog,2023-10-01,0.5060257845606783,0.018669188444046154,0.04317997350066667,0.06742606724066666,3,0.4873565961166321,0.020592350894318785,0.0019231624502726308
Garden Care,Neutrog,2024-01-01,0.5130887568968099,0.023167029450120436,0.05614627014,0.079153180995,3,0.48992172744668944,0.022311015316617718,-8.56014133502718e-4
Garden Care,Neutrog,2024-04-01,0.6299990448153304,0.020592350894318785,0.04738416089333333,0.07400576861866667,3,0.6094066939210117,0.02002088935939344,-5.714615349253459e-4
Garden Care,Neutrog,2024-07-01,0.5550429269933408,0.022311015316617718,0.053354977294999995,0.09031382521766666,3,0.5327319116767231,0.015091177251821075,-0.007219838064796643
Garden Care,PowerFeed,2024-07-01,0.023158492642555397,0.07992835333923955,0.19177786099933333,0.29550280614266666,3,-0.056769860696684146,0.06165909949680223,-0.018269253842437314
Garden Care,Richgro,2023-07-01,0.05018783051136832,0.12725290887730875,0.30082596322599997,0.4082491645385,2,-0.07706507836594043,0.11970564172345563,-0.007547267153853121
Garden Care,Richgro,2023-10-01,0.060809141112183523,0.11819404836518425,0.266524568308,0.36227405835733334,3,-0.05738490725300073,0.11626494372238322,-0.0019291046428010356
Garden Care,Richgro,2024-01-01,0.09422986840235563,0.11970564172345563,0.28942407423600003,0.387652455036,3,-0.0254757733211,0.1045771855705916,-0.015128456152864025
Garden Care,Richgro,2024-04-01,0.058470389674525454,0.11626494372238322,0.27093517716733334,0.355885314345,3,-0.057794554047857764,0.10544635429555743,-0.010818589426825787
Garden Care,Richgro,2024-07-01,0.04628817396225019,0.1045771855705916,0.25123277705366664,0.363155634627,3,-0.058289011608341414,0.11491308239762385,0.010335896827032245
Garden Care,Scotts,2023-07-01,0.09694794484493136,0.12250393921609176,0.290313763871,0.438676526029,2,-0.025555994371160407,0.12698999882156936,0.004486059605477599
Garden Care,Scotts,2023-10-01,0.09230379298820955,0.11715467035839654,0.2653637406323333,0.393282669385,3,-0.024850877370186986,0.11185540346771448,-0.005299266890682053
Garden Care,Scotts,2024-01-01,0.08658716555376196,0.12698999882156936,0.3071806916993333,0.43309433959300003,3,-0.0404028332678074,0.1089839537848511,-0.018006045036718266
Garden Care,Scotts,2024-04-01,0.10134986807659684,0.11185540346771448,0.26038017201566666,0.4102417003216667,3,-0.010505535391117649,0.12439799567773872,0.01254259221002424
Garden Care,Scotts,2024-07-01,0.10050128083109305,0.1089839537848511,0.2613017819753333,0.40511925713999997,3,-0.008482672953758041,0.12087360505212376,0.011889651267272663
Garden Care,Seasol,2023-07-01,0.09844324922071213,0.24513284587286283,0.5808165735074999,0.6650474433205,2,-0.1466895966521507,0.24339886508834419,-0.0017339807845186406
Garden Care,Seasol,2023-10-01,0.11292941029451734,0.24401834580452506,0.5483844783423333,0.634833406083,3,-0.13108893551000772,0.24883072389348826,0.004812378088963204
Garden Care,Seasol,2024-01-01,0.09752761182007849,0.24339886508834419,0.588816796725,0.674899805237,3,-0.1458712532682657,0.23058834297146477,-0.012810522116879414
Garden Care,Seasol,2024-04-01,0.07434472429083665,0.24883072389348826,0.5789304582329999,0.6581373806193334,3,-0.1744859996026516,0.2105589786058118,-0.03827174528767646
Garden Care,Seasol,2024-07-01,0.08919052682369172,0.23058834297146477,0.552820266898,0.644238035171,3,-0.14139781614777305,0.2115051249417968,-0.019083218029667975
Garden Care,Yates,2023-07-01,0.10847825028401799,0.28359842197834084,0.6732341989655,0.7735684702285,2,-0.17512017169432287,0.28991280771538525,0.006314385737044403
Garden Care,Yates,2023-10-01,0.10306611863020697,0.2936678369859875,0.6602961022133333,0.7561702153896667,3,-0.1906017183557805,0.2774969030947211,-0.016170933891266392
Garden Care,Yates,2024-01-01,0.08954238496861412,0.28991280771538525,0.7008467255176667,0.8021552033913333,3,-0.20037042274677114,0.259563675067433,-0.03034913264795225
Garden Care,Yates,2024-04-01,0.06104552458723125,0.2774969030947211,0.6471782323823333,0.767564149035,3,-0.21645137850748983,0.24471430109463987,-0.03278260200008121
Garden Care,Yates,2024-07-01,0.08818291117901891,0.259563675067433,0.6221576218756667,0.757869958316,3,-0.17138076388841408,0.2469077928942885,-0.012655882173144506
Haircare,BondiBoost,2023-07-01,0.07335316965225133,0,0,0,2,0.07335316965225133,0,0
Haircare,BondiBoost,2023-10-01,0.0793586855496701,0,0,0,3,0.0793586855496701,0.017501868388815477,0.017501868388815477
Haircare,BondiBoost,2024-01-01,0.07412499726870214,0,0,0,3,0.07412499726870214,0.0456735110829584,0.0456735110829584
Haircare,BondiBoost,2024-04-01,0.06936197312188262,0.017501868388815477,0.044013271443,0.09436702207533333,3,0.051860104733067146,0.04046580760955328,0.022963939220737806
Haircare,BondiBoost,2024-07-01,0.08398949545492748,0.0456735110829584,0.094620878812,0.21285334922633334,3,0.038315984371969085,0.04565096442649706,-2.254665646133497e-5
Haircare,Fruits,2024-07-01,0.6904733208802771,0.02522366868153445,0.05213453425633333,0.180051518937,3,0.6652496521987427,0.02586069109580661,6.370224142721592e-4
Haircare,Garnier Fructis,2023-07-01,0.006838001970111731,0.2001397029006698,0.4091022603005,0.7711157852145,2,-0.19330170093055807,0.19855262242409188,-0.0015870804765779067
Haircare,Garnier Fructis,2023-10-01,0.006118610613595959,0.194951045968028,0.3775198570316667,0.755107559142,3,-0.18883243535443206,0.18409092915255085,-0.010860116815477161
Haircare,Garnier Fructis,2024-01-01,0.005739153871462324,0.19855262242409188,0.4118878270113333,0.7719031649036666,3,-0.19281346855262957,0.18841381051604938,-0.0101388119080425
Haircare,Garnier Fructis,2024-04-01,0.007436194031939551,0.18409092915255085,0.3994817734536667,0.7865369437713333,3,-0.1766547351206113,0.18742510540418264,0.003334176251631793
Haircare,Garnier Fructis,2024-07-01,0.00523245738711199,0.18841381051604938,0.3899389131893333,0.7400342275766667,3,-0.1831813531289374,0.16782877300678156,-0.020585037509267823
Haircare,Georgiemane,2023-07-01,0.027538508291182626,0,0,0,2,0.027538508291182626,0,0
Haircare,Georgiemane,2023-10-01,0.01851057489568625,0,0,0,3,0.01851057489568625,0.007102297207629685,0.007102297207629685
Haircare,Georgiemane,2024-01-01,5.459164579403297e-4,0,0,0,3,5.459164579403297e-4,0.01763641304374687,0.01763641304374687
Haircare,Georgiemane,2024-04-01,0.006255604289281513,0.007102297207629685,0.017860683666666665,0.036156451075,3,-8.466929183481714e-4,0.017872534494745032,0.010770237287115347
Haircare,Georgiemane,2024-07-01,0.01696598531259566,0.01763641304374687,0.036428994139666666,0.050662880251333337,3,-6.704277311512102e-4,0.019032792493028812,0.0013963794492819412
Haircare,Glow Lab,2023-07-01,0.014596743666747795,0.05039539029826316,0.1028605524685,0.20103367060150001,2,-0.03579864663151537,0.052725442257886966,0.0023300519596238037
Haircare,Glow Lab,2023-10-01,0.011274932309488056,0.05266411292462798,0.10194515534766667,0.19317718337433332,3,-0.04138918061513992,0.05570358988899763,0.003039476964369653
Haircare,Glow Lab,2024-01-01,0.013863041223436064,0.052725442257886966,0.10959752874133333,0.24836955017933332,3,-0.038862401034450905,0.04825470333203939,-0.004470738925847574
Haircare,Glow Lab,2024-04-01,0.012312366695122508,0.05570358988899763,0.123503344166,0.269721483218,3,-0.043391223193875124,0.03956377102540331,-0.01613981886359432
Haircare,Glow Lab,2024-07-01,0.012875968569263159,0.04825470333203939,0.099860797668,0.232543986672,3,-0.03537873476277623,0.04742822021005457,-8.264831219848209e-4
Haircare,Herbal Essences,2023-07-01,0.012363170924992836,0.15174388947164036,0.309862686615,0.621434212512,2,-0.13938071854664752,0.14679448799475173,-0.004949401476888632
Haircare,Herbal Essences,2023-10-01,0.01042050754615174,0.132471870923182,0.2566789604506667,0.5904159899993333,3,-0.12205136337703025,0.15254481854983726,0.020072947626655263
Haircare,Herbal Essences,2024-01-01,0.013368093252016816,0.14679448799475173,0.304293870693,0.6234651090013333,3,-0.1334263947427349,0.12173426255056471,-0.025060225444187012
Haircare,Herbal Essences,2024-04-01,0.011773380515408535,0.15254481854983726,0.3283457787376667,0.6497762586756667,3,-0.1407714380344287,0.11793965081486858,-0.034605167734968675
Haircare,Herbal Essences,2024-07-01,0.012112620011822072,0.12173426255056471,0.252053370057,0.5654061432440001,3,-0.10962164253874264,0.13818797267519375,0.01645371012462904
Haircare,MONDAY,2023-07-01,0.014867220563506828,0.014916332777650716,0.030525446399999996,0.0758706546385,2,-4.911221414388711e-5,0.020685292380815363,0.005768959603164647
Haircare,MONDAY,2023-10-01,0.014927197564319795,0.01754504020580795,0.033865568971,0.078370849501,3,-0.002617842641488153,0.018121958668747346,5.769184629393978e-4
Haircare,MONDAY,2024-01-01,0.010791290712188813,0.020685292380815363,0.04302859249766667,0.09049985042,3,-0.00989400166862655,0.013941366565177868,-0.006743925815637495
Haircare,MONDAY,2024-04-01,0.011324471280985822,0.018121958668747346,0.038237073546333336,0.09254603409966666,3,-0.006797487387761524,0.01211730541604159,-0.006004653252705756
Haircare,MONDAY,2024-07-01,0.018651649766612412,0.013941366565177868,0.028771922393666667,0.06650581790933334,3,0.0047102832014345435,0.020352193926141814,0.006410827360963945
Haircare,My Soda,2023-07-01,0.014805004473165193,0.01377856496531302,0.0282747284795,0.057015426595500004,2,0.0010264395078521723,0.021103833235607553,0.007325268270294533
Haircare,My Soda,2023-10-01,0.01267863920835643,0.020153549536260848,0.038706732111,0.07328237474733333,3,-0.0074749103279044184,0.019709157482830607,-4.443920534302412e-4
Haircare,My Soda,2024-01-01,0.014385997302107241,0.021103833235607553,0.043887978448,0.07848226581966666,3,-0.006717835933500312,0.021908939921476064,8.051066858685112e-4
Haircare,My Soda,2024-04-01,0.014027570549265055,0.019709157482830607,0.043100488835333337,0.088658301376,3,-0.005681586933565552,0.018126585321527503,-0.0015825721613031037
Haircare,My Soda,2024-07-01,0.0146679608884049,0.021908939921476064,0.04535625041633333,0.077700000515,3,-0.007240979033071164,0.024908717896738618,0.0029997779752625534
Haircare,OGX,2023-07-01,0.023696577347786837,0.0301729175954669,0.0614531427435,0.11566199874699999,2,-0.006476340247680061,0.03160649516220422,0.0014335775667373221
Haircare,OGX,2023-10-01,0.018776137546469684,0.029809432098438785,0.057565662760333335,0.120311471571,3,-0.011033294551969101,0.026759979484285934,-0.003049452614152851
Haircare,OGX,2024-01-01,0.02192158738498527,0.03160649516220422,0.06591355743866667,0.11850248904133334,3,-0.009684907777218952,0.02506065313111601,-0.0065458420310882115
Haircare,OGX,2024-04-01,0.02159415786668933,0.026759979484285934,0.057171908377,0.12747459053666668,3,-0.005165821617596603,0.026382832803281332,-3.7714668100460175e-4
Haircare,OGX,2024-07-01,0.025489527503582025,0.02506065313111601,0.051892397035666664,0.09539675048833333,3,4.288743724660156e-4,0.027263198471851983,0.0022025453407359744
Haircare,Palmolive,2023-07-01,0.039225292807853626,0.19552035653202202,0.399392029433,0.8244110275495,2,-0.1562950637241684,0.18865796573363258,-0.006862390798389434
Haircare,Palmolive,2023-10-01,0.03418473648746443,0.20047079157690886,0.38817850890666666,0.793708855332,3,-0.16628605508944444,0.18007263273922075,-0.020398158837688113
Haircare,Palmolive,2024-01-01,0.04352319178168025,0.18865796573363258,0.39121497501566666,0.785526971833,3,-0.14513477395195234,0.17985857494374183,-0.008799390789890754
Haircare,Palmolive,2024-04-01,0.040482113925863414,0.18007263273922075,0.38639465545866664,0.7922752349303334,3,-0.13959051881335732,0.18458152447943393,0.004508891740213183
Haircare,Palmolive,2024-07-01,0.0424547742890343,0.17985857494374183,0.37255554389733336,0.73913992082,3,-0.13740380065470753,0.1806492839572349,7.907090134930683e-4
Haircare,Sukin,2023-07-01,0.07581008390729896,0.14738918814312907,0.300922734608,0.583574844404,2,-0.07157910423583011,0.14848891699763508,0.0010997288545060158
Haircare,Sukin,2023-10-01,0.06555063818148547,0.15081234093791693,0.292091965631,0.5528728849293334,3,-0.08526170275643145,0.1517006824608946,8.883415229776759e-4
Haircare,Sukin,2024-01-01,0.06723502050349553,0.14848891699763508,0.30767270776166666,0.5857499322566666,3,-0.08125389649413955,0.14299573930156217,-0.0054931776960729095
Haircare,Sukin,2024-04-01,0.06118348147585923,0.1517006824608946,0.32752788816033335,0.6182000999763333,3,-0.09051720098503538,0.12214618141216982,-0.029554501048724785
Haircare,Sukin,2024-07-01,0.06301923576952494,0.14299573930156217,0.29608484459133333,0.558996259424,3,-0.07997650353203724,0.12385942780578546,-0.019136311495776714
Haircare,Sunsilk,2023-07-01,0.010024869864882935,0.1865463910471578,0.38107280244700004,0.770612796207,2,-0.17652152118227488,0.18074832465268126,-0.005798066394476553
Haircare,Sunsilk,2023-10-01,0.00825813122711014,0.18750374390825744,0.3631445182413333,0.7557280265693334,3,-0.1792456126811473,0.17376768576992946,-0.013736058138327983
Haircare,Sunsilk,2024-01-01,0.007931152960938864,0.18074832465268126,0.37512376607066666,0.7416385882026667,3,-0.1728171716917424,0.15170880092413844,-0.02903952372854282
Haircare,Sunsilk,2024-04-01,0.00658968518471849,0.17376768576992946,0.37348225224133336,0.7638007689213333,3,-0.16717800058521096,0.18507164676121188,0.011303960991282419
Haircare,Sunsilk,2024-07-01,0.006649423230194733,0.15170880092413844,0.314365369688,0.6861435561996666,3,-0.1450593776939437,0.16322601315361648,0.011517212229478047
Haircare,Thanks To Nature,2023-07-01,0.004876903193057201,0.00939726626868714,0.019165236088,0.0507363752195,2,-0.004520363075629939,0.010636619160693288,0.0012393528920061486
Haircare,Thanks To Nature,2023-10-01,0.0014355140077206582,0.013618071920571191,0.026332088520333332,0.056751844419,3,-0.012182557912850533,0.012924400206260414,-6.936717143107771e-4
Haircare,Thanks To Nature,2024-01-01,0.00406988066889717,0.010636619160693288,0.022002645148333333,0.059388618775333336,3,-0.0065667384917961185,0.017589556005894368,0.006952936845201079
Haircare,Thanks To Nature,2024-04-01,0.005414004158411045,0.012924400206260414,0.028426530568666668,0.07617422783166666,3,-0.007510396047849369,0.020054546553123154,0.00713014634686274
Haircare,Thanks To Nature,2024-07-01,0.007417580936649167,0.017589556005894368,0.03621914797933333,0.06958828022466666,3,-0.0101719750692452,0.015751750881268387,-0.001837805124625981
Health & Beauty Retailers,Adore Beauty,2022-04-01,0.8579548744475112,0.11909688318537849,0.1350733934085,0.272557672487,2,0.7388579912621327,0.11961903134524794,5.221481598694511e-4
Health & Beauty Retailers,Adore Beauty,2022-07-01,0.8635330969720878,0.1421164482138501,0.179507313271,0.33557009120466663,3,0.7214166487582376,0.11878858526187847,-0.023327862951971645
Health & Beauty Retailers,Adore Beauty,2022-10-01,0.8668417536342065,0.11961903134524794,0.15007880167033333,0.2927825888983333,3,0.7472227222889585,0.12197878996451865,0.0023597586192707076
Health & Beauty Retailers,Adore Beauty,2023-01-01,0.8827024645266549,0.11878858526187847,0.14785903049633334,0.3080521248913333,3,0.7639138792647764,0.112293134445098,-0.0064954508167804625
Health & Beauty Retailers,Adore Beauty,2023-04-01,0.9002127675169697,0.12197878996451865,0.15426328963733332,0.308168749576,3,0.778233977552451,0.1361456097328147,0.014166819768296049
Health & Beauty Retailers,Adore Beauty,2023-07-01,0.9140077526470338,0.112293134445098,0.14114849180533334,0.27537571001533334,3,0.8017146182019358,0.13257816448567755,0.02028503004057955
Health & Beauty Retailers,Adore Beauty,2023-10-01,0.9135307964421888,0.1361456097328147,0.172104645474,0.3330014032726667,3,0.7773851867093742,0.12425359022667924,-0.011892019506135457
Health & Beauty Retailers,Adore Beauty,2024-01-01,0.8362288654000782,0.13257816448567755,0.173661151722,0.35704836310866667,3,0.7036507009144006,0.15116269915764244,0.018584534671964886
Health & Beauty Retailers,Adore Beauty,2024-04-01,0.7608217814046201,0.12425359022667924,0.15475558516766666,0.34721359749266667,3,0.6365681911779408,0.13244661149672296,0.008193021270043718
Health & Beauty Retailers,Adore Beauty,2024-07-01,0.8296073174064171,0.15116269915764244,0.19499130596566666,0.34788721047466664,3,0.6784446182487747,0.11188095630604347,-0.039281742851598966
Health & Beauty Retailers,Chemist Warehouse,2022-04-01,0.0025380710659898475,0.6584763965048784,0.745598349565,0.8274473686195,2,-0.6559383254388886,0.6460209143102268,-0.012455482194651646
Health & Beauty Retailers,Chemist Warehouse,2022-07-01,0,0.6272873814830136,0.7910011979693333,0.8800575445173333,3,-0.6272873814830136,0.654283006980895,0.02699562549788148
Health & Beauty Retailers,Chemist Warehouse,2022-10-01,0.0014245014245014244,0.6460209143102268,0.8061131590266667,0.8898508218763334,3,-0.6445964128857253,0.6339475668305492,-0.012073347479677587
Health & Beauty Retailers,Chemist Warehouse,2023-01-01,0,0.654283006980895,0.8145752695713333,0.8988622999353333,3,-0.654283006980895,0.6523220179818607,-0.0019609889990342966
Health & Beauty Retailers,Chemist Warehouse,2023-04-01,0,0.6339475668305492,0.7956251702603334,0.894072198827,3,-0.6339475668305492,0.6435412233527814,0.009593656522232208
Health & Beauty Retailers,Chemist Warehouse,2023-07-01,0,0.6523220179818607,0.8195758079266666,0.905186407852,3,-0.6523220179818607,0.6214000635291373,-0.030921954452723388
Health & Beauty Retailers,Chemist Warehouse,2023-10-01,0,0.6435412233527814,0.8166012334116667,0.8933570881563333,3,-0.6435412233527814,0.6261911819967617,-0.017350041356019696
Health & Beauty Retailers,Chemist Warehouse,2024-01-01,0.0903477597650228,0.6214000635291373,0.8124030052483333,0.9143247665023333,3,-0.5310523037641146,0.5774508739907928,-0.04394918953834459
Health & Beauty Retailers,Chemist Warehouse,2024-04-01,0.17420646471914686,0.6261911819967617,0.7794471897946667,0.876949877333,3,-0.45198471727761486,0.6277635366179386,0.0015723546211768857
Health & Beauty Retailers,Chemist Warehouse,2024-07-01,0.09088564484205328,0.5774508739907928,0.7460133952916667,0.8370176492336667,3,-0.48656522914873945,0.6288874449935787,0.05143657100278598
Health & Beauty Retailers,Mecca,2022-04-01,0.03931597537202525,0.16990378608115564,0.1923921609975,0.3837254206665,2,-0.1305878107091304,0.18452459360646287,0.014620807525307228
Health & Beauty Retailers,Mecca,2022-07-01,0.05281552198075189,0.19506267172757846,0.24639774369966666,0.46121949441433335,3,-0.14224714974682656,0.19406868333272917,-9.939883948492934e-4
Health & Beauty Retailers,Mecca,2022-10-01,0.054831785963861436,0.18452459360646287,0.231298410647,0.4436918283976667,3,-0.12969280764260144,0.20453783502867584,0.020013241422212974
Health & Beauty Retailers,Mecca,2023-01-01,0.04914484874828563,0.19406868333272917,0.241895478335,0.47142958765299997,3,-0.14492383458444352,0.20669459774162732,0.012625914408898153
Health & Beauty Retailers,Mecca,2023-04-01,0.048942026221099236,0.20453783502867584,0.2570777717583333,0.4650240697233333,3,-0.15559580880757662,0.18853052278188046,-0.016007312246795385
Health & Beauty Retailers,Mecca,2023-07-01,0.05045786246042985,0.20669459774162732,0.25977662517766664,0.481439911747,3,-0.15623673528119747,0.209385348139325,0.002690750397697672
Health & Beauty Retailers,Mecca,2023-10-01,0.05891477252236746,0.18853052278188046,0.23918823262766667,0.47640474319933335,3,-0.129615750259513,0.2040252623059903,0.015494739524109846
Health & Beauty Retailers,Mecca,2024-01-01,0.04830240682352814,0.209385348139325,0.274320391539,0.5185787461766667,3,-0.16108294131579687,0.2174922050631305,0.0081068569238055
Health & Beauty Retailers,Mecca,2024-04-01,0.042234432833461434,0.2040252623059903,0.25418097922366667,0.48087891697766666,3,-0.16179082947252887,0.20107334653923478,-0.0029519157667555196
Health & Beauty Retailers,Mecca,2024-07-01,0.053725138479935916,0.2174922050631305,0.28035632397233334,0.4805999612183333,3,-0.16376706658319456,0.2237017859831518,0.0062095809200213015
Health & Beauty Retailers,Nourished Life,2022-04-01,0.10019107911447375,0.05252293422858746,0.059672813572500004,0.1003083702815,2,0.04766814488588629,0.049835460738062436,-0.002687473490525026
Health & Beauty Retailers,Nourished Life,2022-07-01,0.08365138104716036,0.035533498575557945,0.045070759924999995,0.07685773939,3,0.04811788247160241,0.03285972442449745,-0.0026737741510604943
Health & Beauty Retailers,Nourished Life,2022-10-01,0.07690195897743067,0.049835460738062436,0.06231732352533333,0.10517041780433334,3,0.027066498239368235,0.03953580817625632,-0.010299652561806115
Health & Beauty Retailers,Nourished Life,2023-01-01,0.06815268672505949,0.03285972442449745,0.040936175197666666,0.092611265927,3,0.03529296230056204,0.02869024983141387,-0.004169474593083582
Health & Beauty Retailers,Nourished Life,2023-04-01,0.0508452062619311,0.03953580817625632,0.049517091459666665,0.08640236512933334,3,0.011309398085674778,0.031782644132523394,-0.007753164043732927
Health & Beauty Retailers,Nourished Life,2023-07-01,0.035534384892536366,0.02869024983141387,0.03605690545366667,0.07260903717666667,3,0.006844135061122497,0.03663642384586014,0.00794617401444627
Health & Beauty Retailers,Nourished Life,2023-10-01,0.027554431035443694,0.031782644132523394,0.04046498396033334,0.08644806904433333,3,-0.0042282130970797,0.04552996547056875,0.013747321338045355
Health & Beauty Retailers,Nourished Life,2024-01-01,0.02512096801137085,0.03663642384586014,0.04792402535433333,0.08137858186066667,3,-0.011515455834489291,0.05389422178843434,0.017257797942574198
Health & Beauty Retailers,Nourished Life,2024-04-01,0.022737321042771666,0.04552996547056875,0.05645536013066667,0.08568165936833333,3,-0.022792644427797083,0.038716505346103575,-0.006813460124465175
Health & Beauty Retailers,Nourished Life,2024-07-01,0.025781899271593654,0.05389422178843434,0.069663712797,0.12154756776666666,3,-0.028112322516840683,0.035529812717226016,-0.018364409071208322
Healthy Beverages,Bundaberg,2022-04-01,0.08301723408572181,0.5421784421294477,0.42024448198733333,0.5688712587786666,3,-0.45916120804372584,0.558771853213408,0.016593411083960397
Healthy Beverages,Bundaberg,2022-07-01,0.04536145081547135,0.597812375318626,0.49547629652566666,0.666303116163,3,-0.5524509245031546,0.5583111292863068,-0.03950124603231919
Healthy Beverages,Bundaberg,2022-10-01,0.07947625414111587,0.558771853213408,0.42478827716066664,0.6107988120896667,3,-0.4792955990722922,0.5491475946991401,-0.009624258514267958
Healthy Beverages,Bundaberg,2023-01-01,0.08525255138089076,0.5583111292863068,0.46437920548466666,0.6286656426943333,3,-0.473058577905416,0.5843233493266666,0.026012220040359857
Healthy Beverages,Bundaberg,2023-04-01,0.1309994032718234,0.5491475946991401,0.46349732725733334,0.62595520476,3,-0.4181481914273167,0.6042453435182307,0.055097748819090575
Healthy Beverages,Bundaberg,2023-07-01,0.13357515886243362,0.5843233493266666,0.49480653355366666,0.673924632612,3,-0.450748190464233,0.602128120332999,0.017804771006332376
Healthy Beverages,Bundaberg,2023-10-01,0.12024346987811509,0.6042453435182307,0.542299924007,0.7218580080803333,3,-0.4840018736401156,0.6136731123360674,0.00942776881783669
Healthy Beverages,Bundaberg,2024-01-01,0.05670945270483233,0.602128120332999,0.5898142293116667,0.7639708313796667,3,-0.5454186676281667,0.5765334667357495,-0.02559465359724955
Healthy Beverages,Bundaberg,2024-04-01,0.04378534629624926,0.6136731123360674,0.596407422294,0.7582558355653334,3,-0.56988776603981806,0.5499443847913995,-0.06372872754466785
Healthy Beverages,Bundaberg,2024-07-01,0.0653713228858967,0.5765334667357495,0.5344655018236667,0.714434755609,3,-0.5111621438498528,0.6032614504804731,0.026727983744723627
Healthy Beverages,Naked Life,2022-04-01,0,0.08077033173327097,0.06344916138633333,0.10721479166466667,3,-0.08077033173327097,0.06511455677322013,-0.01565577496005084
Healthy Beverages,Naked Life,2022-07-01,0,0.060538619883367846,0.050707646366333334,0.10658929515766667,3,-0.060538619883367846,0.10895617894041294,0.0484175590570451
Healthy Beverages,Naked Life,2022-10-01,0.004649413381325534,0.06511455677322013,0.049752956779333335,0.113314545465,3,-0.0604651433918946,0.09704713464031293,0.031932577867092804
Healthy Beverages,Naked Life,2023-01-01,0.004784514038900979,0.10895617894041294,0.09084685926033333,0.15243675865333334,3,-0.10417166490151196,0.089811040112759,-0.019145138827653937
Healthy Beverages,Naked Life,2023-04-01,0.0023789385118956185,0.09704713464031293,0.08171492705833333,0.15260991192466666,3,-0.09466819612841731,0.07990035775177037,-0.01714677688854256
Healthy Beverages,Naked Life,2023-07-01,0.0019530515770380804,0.089811040112759,0.07610919353333333,0.14209412529166668,3,-0.08785798853572092,0.0982689544652759,0.008457914352516901
Healthy Beverages,Naked Life,2023-10-01,0.0036134569223978358,0.07990035775177037,0.07183526418366666,0.13713524503366667,3,-0.07628690082937253,0.07834469321696308,-0.001555664534807294
Healthy Beverages,Naked Life,2024-01-01,0.004602505205702023,0.0982689544652759,0.096296487608,0.16671342862066668,3,-0.09366644925957389,0.08634233766580843,-0.01192661679946748
Healthy Beverages,Naked Life,2024-04-01,0.0016926437435378862,0.07834469321696308,0.07601972556133334,0.14765760184433332,3,-0.07665204947342519,0.08695219425788486,0.008607501040921783
Healthy Beverages,Naked Life,2024-07-01,4.6791142234460585e-4,0.08634233766580843,0.08091622862166667,0.15264314714133334,3,-0.08587442624346382,0.06960397037432378,-0.016738367291484646
Healthy Beverages,Nexba,2022-04-01,0,0.18035516074172742,0.140743960069,0.21504796081533334,3,-0.18035516074172742,0.20088593948959407,0.020530778747866657
Healthy Beverages,Nexba,2022-07-01,0,0.14989530503865656,0.12451176301366666,0.215065965716,3,-0.14989530503865656,0.19006775834734557,0.040172453308689016
Healthy Beverages,Nexba,2022-10-01,0.00936163910682914,0.20088593948959407,0.15255811210633333,0.24624431749333334,3,-0.19152430038276494,0.1794509044217432,-0.021435035067850883
Healthy Beverages,Nexba,2023-01-01,0.011828467782074921,0.19006775834734557,0.15820203871566668,0.2492162025,3,-0.17823929056527066,0.17846785085049094,-0.011599907496854633
Healthy Beverages,Nexba,2023-04-01,0.007821097615229164,0.1794509044217432,0.15147561177966667,0.246875023261,3,-0.17162980680651402,0.1567592019644349,-0.022691702457308283
Healthy Beverages,Nexba,2023-07-01,0.011993013518275367,0.17846785085049094,0.15115877782099998,0.25088071469266665,3,-0.16647483733221558,0.1453604448925269,-0.03310740595796405
Healthy Beverages,Nexba,2023-10-01,0.009672601506257806,0.1567592019644349,0.141305753928,0.2511762009763333,3,-0.1470866004581771,0.15616409827438735,-5.951036900475604e-4
Healthy Beverages,Nexba,2024-01-01,0.008594739024208186,0.1453604448925269,0.14229680225533334,0.27566831766533334,3,-0.1367657058683187,0.15684557811416433,0.011485133221637439
Healthy Beverages,Nexba,2024-04-01,0.005750791802409873,0.15616409827438735,0.151580329004,0.2834898347393333,3,-0.15041330647197748,0.1735440918938381,0.01737999361945075
Healthy Beverages,Nexba,2024-07-01,0.009919102020170972,0.15684557811416433,0.146874779,0.26658351773533334,3,-0.14692647609399337,0.16405615387976236,0.007210575765598026
Healthy Beverages,Remedy,2022-04-01,0.4287977182738586,0.14890185939016026,0.115702274705,0.172531760185,3,0.27989585888369833,0.12837555656448468,-0.02052630282567558
Healthy Beverages,Remedy,2022-07-01,0.4371668485366295,0.13509020026781557,0.11138344365266667,0.17010777110633332,3,0.302076648268814,0.11199356385051927,-0.0230966364172963
Healthy Beverages,Remedy,2022-10-01,0.40505132851488157,0.12837555656448468,0.097668186771,0.15191753101633332,3,0.2766757719503969,0.13215473100894226,0.003779174444457578
Healthy Beverages,Remedy,2023-01-01,0.3764579770418239,0.11199356385051927,0.09300183224900001,0.14572732447966666,3,0.2644644131913046,0.10062780955098055,-0.011365754299538719
Healthy Beverages,Remedy,2023-04-01,0.3986626453469118,0.13215473100894226,0.11168435573366667,0.17096487580433334,3,0.26650791433796955,0.10758866113839319,-0.024566069870549073
Healthy Beverages,Remedy,2023-07-01,0.39778102271648513,0.10062780955098055,0.08533989474866667,0.14654800368466667,3,0.2971532131655046,0.11510107555040264,0.014473265999422086
Healthy Beverages,Remedy,2023-10-01,0.4043350304813516,0.10758866113839319,0.09640789967166666,0.15051456953,3,0.2967463693429584,0.11286146306872212,0.0052728019303289325
Healthy Beverages,Remedy,2024-01-01,0.4307037858056021,0.11510107555040264,0.11324231428733333,0.161446271567,3,0.3156027102551995,0.12890490679484978,0.013803831244447146
Healthy Beverages,Remedy,2024-04-01,0.447704191243159,0.11286146306872212,0.10976821796266667,0.18176052665366665,3,0.3348427281744369,0.13461405630438886,0.021752593235666737
Healthy Beverages,Remedy,2024-07-01,0.42881419588967856,0.12890490679484978,0.119632128749,0.166695263132,3,0.2999092890948288,0.12039260743964043,-0.008512299355209349
Healthy Beverages,Shine,2022-04-01,0.4881850476404196,0.04779420600539365,0.037338685802,0.06813315723366667,3,0.44039084163502595,0.04685209395929302,-0.00094211204610063215
Healthy Beverages,Shine,2022-07-01,0.5174717006478992,0.05666349949153404,0.04694242709366667,0.070281707556,3,0.4608082011563651,0.030671369575415497,-0.025992129916118545
Healthy Beverages,Shine,2022-10-01,0.5014613648558479,0.04685209395929302,0.03572532218366667,0.059504800604,3,0.4546092708965549,0.04219963522986149,-0.004652458729431527
Healthy Beverages,Shine,2023-01-01,0.5216764897563094,0.030671369575415497,0.025640142845666666,0.054681160608999996,3,0.49100512018089393,0.04676995015910291,0.016098580583687412
Healthy Beverages,Shine,2023-04-01,0.46013791525413994,0.04219963522986149,0.03500723655066666,0.06665943744866668,3,0.41793828002427846,0.05150643562717088,0.00930680039730939
Healthy Beverages,Shine,2023-07-01,0.4546977533257678,0.04676995015910291,0.039651865200666665,0.06732923553433333,3,0.4079278031666649,0.039141404758795545,-0.007628545400307364
Healthy Beverages,Shine,2023-10-01,0.4621354412118777,0.05150643562717088,0.046183636193666666,0.063126108968,3,0.41062900558470683,0.0389566331038601,-0.012549802523310782
Healthy Beverages,Shine,2024-01-01,0.4993895172596553,0.039141404758795545,0.038540422349,0.06505256285566667,3,0.46024811250085973,0.05137371068942805,0.012232305930632507
Healthy Beverages,Shine,2024-04-01,0.501067026914644,0.0389566331038601,0.03797607271233333,0.07311794339633333,3,0.4621103938107839,0.05494527275248862,0.015988639648628525
Healthy Beverages,Shine,2024-07-01,0.4954274677819091,0.05137371068942805,0.047722614296333336,0.08094601986033334,3,0.44405375709248107,0.04268581782580032,-0.008687892863627734
Holiday Destinations,Bali,2023-07-01,0.2972159793568625,0.27759142021196825,0.4195035771785,0.8643871873969999,2,0.01962455914489425,0.2720577296885952,-0.005533690523373047
Holiday Destinations,Bali,2023-10-01,0.2832899065550813,0.2796567760190278,0.412033085765,0.8915373994283333,3,0.0036331305360535193,0.2940706374696041,0.014413861450576326
Holiday Destinations,Bali,2024-01-01,0.3073767616459732,0.2720577296885952,0.41787954406,0.8815083491566666,3,0.03531903195737801,0.29592786853804176,0.023870138849446554
Holiday Destinations,Bali,2024-04-01,0.3562666873175624,0.2940706374696041,0.42667170857866665,0.8564710761186667,3,0.06219604984795829,0.30749372410856185,0.013423086638957749
Holiday Destinations,Bali,2024-07-01,0.36481243748344416,0.29592786853804176,0.44053713909933334,0.850618868001,3,0.0688845689454024,0.2877416993346763,-0.008186169203365457
Holiday Destinations,"Port Douglas, Queensland",2023-07-01,0.08386377212983773,0.3163544843340015,0.478102114306,0.7628389262145,2,-0.23249071220416376,0.2976076073612313,-0.018746876972770166
Holiday Destinations,"Port Douglas, Queensland",2023-10-01,0.06585497606489948,0.3156629063848576,0.46437180980666665,0.7813548625913334,3,-0.24980793031995813,0.3066675106542672,-0.008995395730590439
Holiday Destinations,"Port Douglas, Queensland",2024-01-01,0.04626170495242565,0.2976076073612313,0.4554479022163333,0.7732157076333334,3,-0.25134590240880567,0.3050053162272323,0.007397708866000996
Holiday Destinations,"Port Douglas, Queensland",2024-04-01,0.06662865205822859,0.3066675106542672,0.44589446362766666,0.7442319866503333,3,-0.24003885859603857,0.2847704054000316,-0.02189710525423555
Holiday Destinations,"Port Douglas, Queensland",2024-07-01,0.07135728133315161,0.3050053162272323,0.454371680873,0.7301657068926667,3,-0.2336480348940807,0.30234622741294437,-0.0026590888142879465
Holiday Destinations,Tasmania,2023-07-01,0.6189202485132996,0.40605409545403026,0.61318557975,0.847736313873,2,0.21286615305926937,0.4303346629501735,0.024280567496143213
Holiday Destinations,Tasmania,2023-10-01,0.6508551173800192,0.4046803175961146,0.5951273642116667,0.8627619156213333,3,0.2461747997839046,0.3992618518761287,-0.005418465719985888
Holiday Destinations,Tasmania,2024-01-01,0.6463615334016012,0.4303346629501735,0.6608138865863333,0.879157484941,3,0.2160268704514277,0.3990668152347259,-0.03126784771544755
Holiday Destinations,Tasmania,2024-04-01,0.5771046606242091,0.3992618518761287,0.5792653547993333,0.8229376805093334,3,0.17784280874808034,0.40773587049140647,0.008474018615277745
Holiday Destinations,Tasmania,2024-07-01,0.5638302811834042,0.3990668152347259,0.594499077765,0.806819309784,3,0.16476346594867824,0.4099120732523793,0.010845258017653403
Homeware,Adairs,2023-07-01,0.19255832065137254,0.3156249943613457,0.45602981631699996,0.6877650224603333,3,-0.12306667370997318,0.16073080845074816,-0.15489418591059756
Homeware,Adairs,2023-10-01,0.20920287916562394,0.17476795010823257,0.407845775828,0.6638934850666667,3,0.03443492905739137,0.16634580944666638,-0.008422140661566185
Homeware,Adairs,2024-01-01,0.21133445980079085,0.16073080845074816,0.48096687852733333,0.686771583481,3,0.05060365135004269,0.13971131895491276,-0.021019489495835403
Homeware,Adairs,2024-04-01,0.21499630508537937,0.16634580944666638,0.4412396633476666,0.68357894835,3,0.04865049563871299,0.1363133808289161,-0.030032428617750295
Homeware,Adairs,2024-07-01,0.20563632861889844,0.13971131895491276,0.40254889905566665,0.6451113955166667,3,0.06592500966398568,0.14713327844719581,0.007421959492283053
Homeware,Bed Bath N’ Table,2023-07-01,0.07678673126680383,0.061378710878373044,0.13784654530733334,0.19811413619833332,3,0.015408020388430782,0.1495999596592301,0.08822124878085705
Homeware,Bed Bath N’ Table,2023-10-01,0.10291601001024021,0.17893930706192984,0.41817215530333335,0.6147587429423333,3,-0.07602329705168963,0.16076774957962434,-0.018171557482305506
Homeware,Bed Bath N’ Table,2024-01-01,0.0758016124903088,0.1495999596592301,0.4480380950103333,0.6455710435473333,3,-0.0737983471689213,0.13803204202153305,-0.011567917637697045
Homeware,Bed Bath N’ Table,2024-04-01,0.08478479380867686,0.16076774957962434,0.4263341158353333,0.6161381506393333,3,-0.07598295577094748,0.14678591025519389,-0.01398183932443045
Homeware,Bed Bath N’ Table,2024-07-01,0.07548636417125455,0.13803204202153305,0.3984550506603333,0.5918297340423333,3,-0.0625456778502785,0.14370503657922962,0.00567299455769657
Homeware,Bed Threads,2023-07-01,0.01878085109050589,0.06775279644168232,0.09760401871566667,0.16375925163066668,3,-0.04897194535117643,0.032018128341935403,-0.035734668099746916
Homeware,Bed Threads,2023-10-01,0.01728698072873286,0.03412670692872495,0.07925914238966666,0.13880980607866666,3,-0.01683972619999209,0.02743526413353939,-0.006691442795185562
Homeware,Bed Threads,2024-01-01,0.015234008232743339,0.032018128341935403,0.095394158596,0.16954511659433333,3,-0.016784120109192065,0.022944982286315082,-0.009073146055620322
Homeware,Bed Threads,2024-04-01,0.011463782382925744,0.02743526413353939,0.07273259750200001,0.125293133633,3,-0.015971481750613643,0.02304525161738561,-0.004390012516153778
Homeware,Bed Threads,2024-07-01,0.011898718081935848,0.022944982286315082,0.06673025277666667,0.128306252081,3,-0.011046264204379234,0.020160368695941698,-0.002784613590373384
Homeware,Dusk,2023-07-01,0.030744956789564647,0,0,0,3,0.030744956789564647,0.1342520210880109,0.1342520210880109
Homeware,Dusk,2023-10-01,0.058148872208580026,0.04516750997748742,0.10776910148800001,0.17507297034866667,3,0.012981362231092607,0.11977710399299595,0.07460959401550853
Homeware,Dusk,2024-01-01,0.044285802453571374,0.1342520210880109,0.402064904043,0.5909689621153333,3,-0.08996621863443953,0.10891199393961111,-0.025340027148399794
Homeware,Dusk,2024-04-01,0.048563051644861306,0.11977710399299595,0.3182285906376667,0.5419958210856667,3,-0.07121405234813463,0.10257720700593526,-0.01719989698706069
Homeware,Dusk,2024-07-01,0.052864960994467275,0.10891199393961111,0.31321304236866665,0.5005755663323334,3,-0.056047032945143835,0.11290311057706995,0.003991116637458839
Homeware,Freedom,2024-07-01,0.11681593074684174,0.1348241092589201,0.387761851584,0.6372685517126666,3,-0.018008178512078366,0.130136667736551,-0.004687441522369107
Homeware,I Love Linen,2023-07-01,0.004639630933252951,0.032183655377864134,0.044011715947,0.06970529914766667,3,-0.02754402444461118,0.014015189054381144,-0.01816846632348299
Homeware,I Love Linen,2023-10-01,0.005780786842927955,0.012730608266739987,0.029759040657333334,0.047654677114333334,3,-0.006949821423812032,0.014412965250195591,0.0016823569834556046
Homeware,I Love Linen,2024-01-01,0.005923182482369156,0.014015189054381144,0.04207608389933334,0.07186717356366666,3,-0.008092006572011989,0.014125393545122307,1.1020449074116215e-4
Homeware,I Love Linen,2024-04-01,0.00682511262932164,0.014412965250195591,0.03799982460766667,0.062010508894,3,-0.007587852620873951,0.011715439143308044,-0.002697526106887548
Homeware,I Love Linen,2024-07-01,0.0065316412233731745,0.014125393545122307,0.040670988914333336,0.076375466105,3,-0.007593752321749132,0.008256986170261665,-0.005868407374860642
Homeware,Koala,2023-07-01,0.2349517946917206,0.030844901790653315,0.06927260431733333,0.14055356238133335,3,0.20410689290106726,0.08293474368272317,0.05208984189206986
Homeware,Koala,2023-10-01,0.16352342566145892,0.09179616293425417,0.214449295204,0.433229991673,3,0.07172726272720474,0.09115321586982811,-6.429470644260665e-4
Homeware,Koala,2024-01-01,0.17167289348656609,0.08293474368272317,0.24804448517333333,0.45826087010833333,3,0.08873814980384291,0.06901341831513684,-0.013921325367586335
Homeware,Koala,2024-04-01,0.17641003067232483,0.09115321586982811,0.24163118483633333,0.453334038881,3,0.08525681480249672,0.07696868555605402,-0.01418453031377409
Homeware,Koala,2024-07-01,0.18783291596797974,0.06901341831513684,0.19901887592233333,0.4254734885013333,3,0.1188194976528429,0.06933484521477634,3.2142689963950144e-4
Homeware,Pillow Talk,2023-07-01,0.0542031014208628,0.04014455379538078,0.090158101635,0.14852329534933334,3,0.014058547625482018,0.10803518276787562,0.06789062897249484
Homeware,Pillow Talk,2023-10-01,0.09030863428331805,0.10672323697090642,0.24869037243333333,0.3953639364456667,3,-0.016414602687588375,0.11048336367492115,0.003760126704014724
Homeware,Pillow Talk,2024-01-01,0.07939380261431205,0.10803518276787562,0.32314009354833334,0.478083337023,3,-0.028641380153563573,0.09005964204187057,-0.017975540726005046
Homeware,Pillow Talk,2024-04-01,0.07203340522748235,0.11048336367492115,0.292832681257,0.45229060575933333,3,-0.0384499584474388,0.09017185818110612,-0.020311505493815024
Homeware,Pillow Talk,2024-07-01,0.09324103224286738,0.09005964204187057,0.2588111173486667,0.398834878424,3,0.0031813902009968087,0.0935808709736989,0.003521228931828324
Homeware,Sheet Society,2023-07-01,0.0037356833574899917,0.039215449565556934,0.05455135164133333,0.08890673810166667,3,-0.03547976620806694,0.01493215140271559,-0.024283298162841346
Homeware,Sheet Society,2023-10-01,0.0059505476827481085,0.01663827615251224,0.03931936953233334,0.06106330158533334,3,-0.010687728469764131,0.017209492233576765,5.71216081064526e-4
Homeware,Sheet Society,2024-01-01,0.009852006548090273,0.01493215140271559,0.044659547866,0.08323101380066666,3,-0.005080144854625317,0.019409239948831758,0.0044770885461161685
Homeware,Sheet Society,2024-04-01,0.009281574330783549,0.017209492233576765,0.045688876451,0.082200579166,3,-0.007927917902793217,0.014497577783433377,-0.002711914450143389
Homeware,Sheet Society,2024-07-01,0.011962639601860059,0.019409239948831758,0.05589374144833333,0.0867412029,3,-0.007446600346971699,0.010559045543292346,-0.008850194405539412
Homeware,Sheridan,2023-07-01,0.05863634771446007,0.36413860583663005,0.5325076306906666,0.7315987441986667,3,-0.30550225812216997,0.171598091564653,-0.19254051427197705
Homeware,Sheridan,2023-10-01,0.06154859006376827,0.20747794739139866,0.484392126647,0.697049382304,3,-0.1459293573276304,0.16653671637902598,-0.04094123101237268
Homeware,Sheridan,2024-01-01,0.05855536483716202,0.171598091564653,0.5138673318056667,0.723368049525,3,-0.11304272672749098,0.14931993712694142,-0.022278154437711584
Homeware,Sheridan,2024-04-01,0.059579645024009684,0.16653671637902598,0.44120223053033336,0.6723537158536667,3,-0.1069570713550163,0.14720736956865002,-0.019329346810375958
Homeware,Sheridan,2024-07-01,0.055390008266935575,0.14931993712694142,0.4300492191726667,0.6385408275193334,3,-0.09392992886000584,0.14367686274209907,-0.00564307438484235
Homeware,Temple & Webster,2023-07-01,0.19925600198003773,0.04871633195251366,0.10940891334466667,0.17859314400266668,3,0.15053967002752408,0.13188372398772694,0.08316739203521328
Homeware,Temple & Webster,2023-10-01,0.187271304250411,0.1316322942078137,0.30862813076633333,0.5220992482943334,3,0.0556390100425973,0.12587831943962632,-0.00575397476818737
Homeware,Temple & Webster,2024-01-01,0.21801850347080926,0.13188372398772694,0.39517002821833336,0.598167428284,3,0.08613477948308232,0.11364792256080498,-0.018235801426921952
Homeware,Temple & Webster,2024-04-01,0.20015375136334762,0.12587831943962632,0.33383837068233335,0.5640785198273334,3,0.0742754319237213,0.11214168201800476,-0.013736637421621567
Homeware,Temple & Webster,2024-07-01,0.18233946008358623,0.11364792256080498,0.327276553748,0.545816667413,3,0.06869153752278125,0.12055292731988361,0.006905004759078626
Household Cleaners (Indoor),Ajax,2023-04-01,0,0.25251648322329756,0.6538175309959999,0.8773476739746667,3,-0.25251648322329756,0.17085774423507344,-0.08165873898822412
Household Cleaners (Indoor),Ajax,2023-07-01,0.003697792619075882,0.1922536773689989,0.604099738058,0.834154143558,3,-0.18855588474992302,0.16026764151645562,-0.03198603585254328
Household Cleaners (Indoor),Ajax,2023-10-01,0.0018397615675366955,0.17085774423507344,0.586059930367,0.8232943506643333,3,-0.16901798266753673,0.16748809960624939,-0.0033696446288240534
Household Cleaners (Indoor),Ajax,2024-01-01,0.008762214905940908,0.16026764151645562,0.5683442617036667,0.8304656026893333,3,-0.15150542661051472,0.1564247488782865,-0.0038428926381691153
Household Cleaners (Indoor),Ajax,2024-04-01,0.009660495346758361,0.16748809960624939,0.589174256699,0.8471213369693333,3,-0.15782760425949102,0.16074171536399146,-0.00674638424225793
Household Cleaners (Indoor),Ajax,2024-07-01,0.015981640650929232,0.1564247488782865,0.5496932695993333,0.7874182513173333,3,-0.14044310822735728,0.16236233649284965,0.0059375876145631445
Household Cleaners (Indoor),Bosisto's,2023-04-01,0,0.10035122587864641,0.25981532280499997,0.4028460603196667,3,-0.10035122587864641,0.06390552655160302,-0.03644569932704339
Household Cleaners (Indoor),Bosisto's,2023-07-01,0,0.08081377703033582,0.253419329334,0.376723044173,3,-0.08081377703033582,0.07257148017259595,-0.008242296857739875
Household Cleaners (Indoor),Bosisto's,2023-10-01,0,0.06390552655160302,0.219276884316,0.368358455026,3,-0.06390552655160302,0.06546996590656465,0.0015644393549616303
Household Cleaners (Indoor),Bosisto's,2024-01-01,0,0.07257148017259595,0.25654525066766665,0.3871542058383333,3,-0.07257148017259595,0.07600373771486538,0.003432257542269432
Household Cleaners (Indoor),Bosisto's,2024-04-01,0,0.06546996590656465,0.230443733812,0.36453714796633335,3,-0.06546996590656465,0.0581712608686282,-0.007298705037936448
Household Cleaners (Indoor),Bosisto's,2024-07-01,0,0.07600373771486538,0.266460874546,0.390427523974,3,-0.07600373771486538,0.05713605102976766,-0.018867686685097716
Household Cleaners (Indoor),Dettol,2023-04-01,0.22903182978448394,0,0,0,3,0.22903182978448394,0.1925755599044302,0.1925755599044302
Household Cleaners (Indoor),Dettol,2023-07-01,0.2238582418570716,0.134169294349071,0.4834766301326667,0.5928690231,3,0.0896889475080006,0.1933951524267962,0.05922585807772521
Household Cleaners (Indoor),Dettol,2023-10-01,0.23312904908244003,0.1925755599044302,0.6606752408946667,0.8489256704293333,3,0.04055348917800983,0.18880771484138653,-0.0037678450630436733
Household Cleaners (Indoor),Dettol,2024-01-01,0.24908818504511698,0.1933951524267962,0.684341120402,0.871665575033,3,0.05569303261832079,0.18348592564396093,-0.009909226782835262
Household Cleaners (Indoor),Dettol,2024-04-01,0.22313729676081914,0.18880771484138653,0.664271139323,0.8807515893363334,3,0.03432958191943261,0.18502807475324104,-0.0037796400881454917
Household Cleaners (Indoor),Dettol,2024-07-01,0.2212374851865698,0.18348592564396093,0.6441612214296667,0.8349004735206667,3,0.037751559542608865,0.1795035137166234,-0.003982411927337531
Household Cleaners (Indoor),Earth Choice,2023-04-01,0.05513119011881283,0.20831244184163122,0.539194757069,0.7723775722333334,3,-0.15318125172281838,0.1362035631332023,-0.07210887870842891
Household Cleaners (Indoor),Earth Choice,2023-07-01,0.0657956006974486,0.15752840044125574,0.49288138400433334,0.7363708666213333,3,-0.09173279974380714,0.1351300974899826,-0.022398302951273152
Household Cleaners (Indoor),Earth Choice,2023-10-01,0.058795170781725734,0.1362035631332023,0.467279412532,0.700851737898,3,-0.07740839235147658,0.12782106723843556,-0.00838249589476675
Household Cleaners (Indoor),Earth Choice,2024-01-01,0.05574031156715165,0.1351300974899826,0.4777851551326667,0.7000421042673334,3,-0.07938978592283094,0.12630171352466954,-0.008828383965313047
Household Cleaners (Indoor),Earth Choice,2024-04-01,0.061073321797775554,0.12782106723843556,0.44976084536533334,0.6869314598483333,3,-0.06674774544066,0.11949325146481136,-0.008327815773624195
Household Cleaners (Indoor),Earth Choice,2024-07-01,0.059327472926957565,0.12630171352466954,0.443076021321,0.6542532992763334,3,-0.06697424059771198,0.11339603270518983,-0.012905680819479709
Household Cleaners (Indoor),Earthwise,2023-04-01,0,0,0,0,3,0,0,0
Household Cleaners (Indoor),Earthwise,2023-07-01,0,0,0,0,3,0,0,0
Household Cleaners (Indoor),Earthwise,2023-10-01,0,0,0,0,3,0,0.021244145872415673,0.021244145872415673
Household Cleaners (Indoor),Earthwise,2024-01-01,0,0,0,0,3,0,0.02685393474277181,0.02685393474277181
Household Cleaners (Indoor),Earthwise,2024-04-01,0,0.021244145872415673,0.07478614435433334,0.17390032018866666,3,-0.021244145872415673,0.030949901714266054,0.009705755841850381
Household Cleaners (Indoor),Earthwise,2024-07-01,0.017613206060504562,0.02685393474277181,0.094556102365,0.22548282202866668,3,-0.009240728682267246,0.027189199802062188,3.352650592903794e-4
Household Cleaners (Indoor),Ecostore,2023-04-01,0.07528355424165536,0.04634772849038004,0.12006553571933333,0.19783540720633333,3,0.028935825751275325,0.024384109330443226,-0.021963619159936814
Household Cleaners (Indoor),Ecostore,2023-07-01,0.07772764202562034,0.03200590015356552,0.09910721550633333,0.17486789199266667,3,0.04572174187205482,0.025991143936338168,-0.00601475621722735
Household Cleaners (Indoor),Ecostore,2023-10-01,0.0754420752591681,0.024384109330443226,0.083503845072,0.18043580954466668,3,0.05105796592872487,0.02622869843569674,0.0018445891052535149
Household Cleaners (Indoor),Ecostore,2024-01-01,0.07739318256840551,0.025991143936338168,0.09201350695,0.16320917334766666,3,0.05140203863206734,0.024414228578633485,-0.0015769153577046835
Household Cleaners (Indoor),Ecostore,2024-04-01,0.09471030861123349,0.02622869843569674,0.092164058163,0.192644643086,3,0.06848161017553675,0.027069759673898457,8.410612382017159e-4
Household Cleaners (Indoor),Ecostore,2024-07-01,0.08518174570770264,0.024414228578633485,0.08620242431366666,0.18126276199866667,3,0.06076751712906915,0.02694593870681783,0.0025317101281843446
Household Cleaners (Indoor),Koala Eco,2023-04-01,0.05056397007986567,0.01643606660211227,0.042562238208,0.079312852825,3,0.0341279034777534,0.007969502222072579,-0.00846656438003969
Household Cleaners (Indoor),Koala Eco,2023-07-01,0.0489573155786636,0.01155727894094746,0.034771453267,0.072665525474,3,0.03740003663771614,0.007286941996054605,-0.0042703369448928545
Household Cleaners (Indoor),Koala Eco,2023-10-01,0.052847480821206314,0.007969502222072579,0.027298843980666666,0.05492002547566666,3,0.044877978599133735,0.00885606709169929,8.865648696267103e-4
Household Cleaners (Indoor),Koala Eco,2024-01-01,0.04564233907159166,0.007286941996054605,0.025907762893333332,0.059343513657333334,3,0.038355397075537055,0.008180383529250553,8.934415331959475e-4
Household Cleaners (Indoor),Koala Eco,2024-04-01,0.06239781778475503,0.00885606709169929,0.031167700933333334,0.06357336807333333,3,0.053541750693055744,0.009207144488698516,3.510773969992269e-4
Household Cleaners (Indoor),Koala Eco,2024-07-01,0.06549206488996091,0.008180383529250553,0.028724546935666666,0.06535394978466666,3,0.05731168136071036,0.007787429468474369,-3.929540607761836e-4
Household Cleaners (Indoor),Koh,2023-04-01,0.12435058600855256,0.04862369108955761,0.12585162991466667,0.222121500121,3,0.07572689491899495,0.034251270145767274,-0.014372420943790334
Household Cleaners (Indoor),Koh,2023-07-01,0.12841832769154846,0.041147815383063155,0.12585600732766666,0.20914223033,3,0.0872705123084853,0.03599673695643803,-0.0051510784266251275
Household Cleaners (Indoor),Koh,2023-10-01,0.11725824631349666,0.034251270145767274,0.11770622825433334,0.194718573203,3,0.08300697616772938,0.03176097263785808,-0.0024902975079091963
Household Cleaners (Indoor),Koh,2024-01-01,0.14071391851057785,0.03599673695643803,0.12743358279033334,0.25121792645933333,3,0.10471718155413982,0.034386542683799405,-0.0016101942726386223
Household Cleaners (Indoor),Koh,2024-04-01,0.11036553799019222,0.03176097263785808,0.111601161842,0.22432961064866666,3,0.07860456535233415,0.02815806772759947,-0.0036029049102586086
Household Cleaners (Indoor),Koh,2024-07-01,0.10290742823958368,0.034386542683799405,0.12037030075566667,0.21441320103466666,3,0.06852088555578428,0.034262424273981254,-1.241184098181511e-4
Household Cleaners (Indoor),Lucent Globe,2023-04-01,0.0020096935707291483,0,0,0,3,0.0020096935707291483,0,0
Household Cleaners (Indoor),Lucent Globe,2023-07-01,0.008583913055442939,0,0,0,3,0.008583913055442939,0,0
Household Cleaners (Indoor),Lucent Globe,2023-10-01,0.03283063903542134,0,0,0,3,0.03283063903542134,0.005621305140237169,0.005621305140237169
Household Cleaners (Indoor),Lucent Globe,2024-01-01,0.012769272958509688,0,0,0,3,0.012769272958509688,0.007950158336916636,0.007950158336916636
Household Cleaners (Indoor),Lucent Globe,2024-04-01,0.018269732383326024,0.005621305140237169,0.019715106356333334,0.035315547584999996,3,0.012648427243088855,0.005130680856909632,-4.90624283327537e-4
Household Cleaners (Indoor),Lucent Globe,2024-07-01,0.04235124406893217,0.007950158336916636,0.027955687780666667,0.054754117862666665,3,0.03440108573201553,0.007018816713327659,-9.313416235889769e-4
Household Cleaners (Indoor),Organic Choice,2023-04-01,0.019319103128785493,0.029654584720823673,0.07692419530200001,0.14087254121733334,3,-0.01033548159203818,0.021549212181638702,-0.00810537253918497
Household Cleaners (Indoor),Organic Choice,2023-07-01,0.02166041561240269,0.02029386752444421,0.06584865673133333,0.132929432401,3,0.0013665480879584795,0.015634068066502346,-0.004659799457941864
Household Cleaners (Indoor),Organic Choice,2023-10-01,0.026283856079243866,0.021549212181638702,0.073910662044,0.12676412023233333,3,0.004734643897605164,0.01606094449177504,-0.005488267689863661
Household Cleaners (Indoor),Organic Choice,2024-01-01,0.031716173218490344,0.015634068066502346,0.055508071448333335,0.10412429002533333,3,0.016082105151987998,0.013616165588994448,-0.002017902477507898
Household Cleaners (Indoor),Organic Choice,2024-04-01,0.028499048990848923,0.01606094449177504,0.056585542488666665,0.11437533352533333,3,0.012438104499073881,0.012680026811772152,-0.0033809176800028897
Household Cleaners (Indoor),Organic Choice,2024-07-01,0.024705801956322382,0.013616165588994448,0.047715870847,0.09926585260766667,3,0.011089636367327934,0.014178066698964719,5.619011099702708e-4
Household Cleaners (Indoor),Pine O Cleen,2023-04-01,0.01207461487021335,0.2894127354008419,0.7492757540956666,0.9048699633566667,3,-0.27733812053062856,0.1890257651088228,-0.1003869702920191
Household Cleaners (Indoor),Pine O Cleen,2023-07-01,0.006768623415085205,0.22784404101529154,0.7163906180063333,0.873814479496,3,-0.22107541760020633,0.19285010946822292,-0.03499393154706862
Household Cleaners (Indoor),Pine O Cleen,2023-10-01,0.007340317723389031,0.1890257651088228,0.6484927341573333,0.8300811309826667,3,-0.18168544738543377,0.18757033322048516,-0.0014554318883376327
Household Cleaners (Indoor),Pine O Cleen,2024-01-01,0.007871817585438664,0.19285010946822292,0.682437001802,0.8586371155216667,3,-0.18497829188278425,0.17329924912208958,-0.019550860346133347
Household Cleaners (Indoor),Pine O Cleen,2024-04-01,0.003212334131460316,0.18757033322048516,0.6599906192263333,0.8411173079986667,3,-0.18435799908902484,0.1787017943567701,-0.008868538863715053
Household Cleaners (Indoor),Pine O Cleen,2024-07-01,0.004767239923675093,0.17329924912208958,0.6086271316656666,0.8046471828413333,3,-0.1685320091984145,0.18073467612665522,0.007435427004565648
Household Cleaners (Indoor),Thankyou,2024-07-01,0.05035802931018869,0.033720615764515675,0.11837316304933333,0.19615311569133334,3,0.016637413545673017,0.03412218375052016,4.015679860044849e-4
Household Cleaners (Indoor),White King,2023-04-01,0.29881436755185686,0,0,0,3,0.29881436755185686,0.15228848218025648,0.15228848218025648
Household Cleaners (Indoor),White King,2023-07-01,0.28406773404440866,0.09573449954857743,0.344973340686,0.5239069301733333,3,0.18833323449583123,0.1546436970403067,0.058909197491729265
Household Cleaners (Indoor),White King,2023-10-01,0.2726901465524358,0.15228848218025648,0.5228408497596667,0.7591291000143333,3,0.1204016643721793,0.14798719806028263,-0.004301284119973853
Household Cleaners (Indoor),White King,2024-01-01,0.2694349652973569,0.1546436970403067,0.547467062448,0.782389055893,3,0.11479126825705019,0.1283010008962359,-0.02634269614407081
Household Cleaners (Indoor),White King,2024-04-01,0.2744877799134092,0.14798719806028263,0.5204710062810001,0.7571903550193333,3,0.1265005818531266,0.14461305811501038,-0.0033741399452722476
Household Cleaners (Indoor),White King,2024-07-01,0.26338585214127247,0.1283010008962359,0.450602819537,0.6938009818543334,3,0.13508485124503658,0.15091133086575084,0.022610329969514953
Household Cleaners (Indoor),Zero Co,2023-04-01,0.06883220052170846,0.008345042752709296,0.021664634857333335,0.037331212365666666,3,0.06048715776899917,0.006989265006689967,-0.0013557777460193295
Household Cleaners (Indoor),Zero Co,2023-07-01,0.0681110131653502,0.006651448244449239,0.020748172101666667,0.040724955525,3,0.06145956492090096,0.006232930930306898,-4.185173141423417e-4
Household Cleaners (Indoor),Zero Co,2023-10-01,0.062439614509447613,0.006989265006689967,0.024002291990666665,0.039891294731,3,0.055450349502757644,0.005083487456914055,-0.0019057775497759123
Household Cleaners (Indoor),Zero Co,2024-01-01,0.0561400873420681,0.006232930930306898,0.022147432170666666,0.037134309594,3,0.0499071564117612,0.007061594995010216,8.28664064703318e-4
Household Cleaners (Indoor),Zero Co,2024-04-01,0.06556506970162351,0.005083487456914055,0.017877721537666667,0.030409468247999998,3,0.06048158224470946,0.006098340673194249,0.0010148532162801947
Household Cleaners (Indoor),Zero Co,2024-07-01,0.046690788937400814,0.007061594995010216,0.024797913027333335,0.04396497106266667,3,0.039629193942390596,0.00445199964901519,-0.002609595345995026
Kitchenware Retailers,House,2023-01-01,0.993092712499657,0.27504114962848186,0.41371637138399997,0.5413599276786667,3,0.7180515628711752,0.2696325901270772,-0.005408559501404675
Kitchenware Retailers,House,2023-04-01,0.9885075174954893,0.2970888545464226,0.438899596742,0.6030019171813333,3,0.6914186629490666,0.27789354915089276,-0.019195305395529827
Kitchenware Retailers,House,2023-07-01,0.9879772160990872,0.2696325901270772,0.40853926947933333,0.527509139292,3,0.71834462597201,0.2722125446592644,0.002579954532187234
Kitchenware Retailers,House,2023-10-01,0.9956894454027763,0.27789354915089276,0.4190422751026667,0.5571643192056667,3,0.7177958962518836,0.2877073125372071,0.009813763386314345
Kitchenware Retailers,House,2024-01-01,0.99640337239769,0.2722125446592644,0.4400642864423333,0.578981493399,3,0.7241908277384255,0.2889628478429223,0.01675030318365789
Kitchenware Retailers,House,2024-04-01,0.9904944079669223,0.2877073125372071,0.419990629479,0.5603194395153334,3,0.7027870954297153,0.2539544580653572,-0.03375285447184989
Kitchenware Retailers,House,2024-07-01,0.9887621636109859,0.2889628478429223,0.413361141381,0.5412078882933333,3,0.6997993157680635,0.2813721329807436,-0.007590714862178716
Kitchenware Retailers,Kitchen Warehouse,2023-01-01,0.001789490786558265,0.18668598974523187,0.2805552148843333,0.45837592381633335,3,-0.1848964989586736,0.19427706457511362,0.00759107482988175
Kitchenware Retailers,Kitchen Warehouse,2023-04-01,0.004558564860157219,0.18680765193291027,0.27650381338933333,0.446050637614,3,-0.18224908707275306,0.203607351351039,0.016799699418128727
Kitchenware Retailers,Kitchen Warehouse,2023-07-01,0.0042150122240766676,0.19427706457511362,0.29615883321933334,0.44711833921666666,3,-0.19006205235103696,0.19563595389569022,0.001358889320576595
Kitchenware Retailers,Kitchen Warehouse,2023-10-01,4.598369554525878e-4,0.203607351351039,0.30816094051133336,0.445465296436,3,-0.2031475143955864,0.19907638873975453,-0.004530962611284467
Kitchenware Retailers,Kitchen Warehouse,2024-01-01,5.229357940949192e-4,0.19563595389569022,0.3154666768293333,0.452110322949,3,-0.1951130181015953,0.18473438920559412,-0.010901564690096094
Kitchenware Retailers,Kitchen Warehouse,2024-04-01,0.005524048779186012,0.19907638873975453,0.290721922309,0.4649889792863333,3,-0.1935523399605685,0.21057617827977357,0.01149978954001904
Kitchenware Retailers,Kitchen Warehouse,2024-07-01,0.007118864352275122,0.18473438920559412,0.2657764087883333,0.421732360918,3,-0.177615524853319,0.18507593848135748,3.4154927576335314e-4
Kitchenware Retailers,Minimax,2023-01-01,0,0.04272653534171674,0.06427076932533334,0.116994547797,3,-0.04272653534171674,0.04646683807748955,0.0037403027357728116
Kitchenware Retailers,Minimax,2023-04-01,0,0.0433919887765863,0.06408231465666667,0.12041697873033333,3,-0.0433919887765863,0.043764022017188556,3.720332406022542e-4
Kitchenware Retailers,Minimax,2023-07-01,0,0.04646683807748955,0.07134168752166667,0.12952593915033334,3,-0.04646683807748955,0.053321306675664516,0.006854468598174963
Kitchenware Retailers,Minimax,2023-10-01,0,0.043764022017188556,0.06573698228333333,0.106528139307,3,-0.043764022017188556,0.04427370238726373,5.096803700751773e-4
Kitchenware Retailers,Minimax,2024-01-01,3.458146324039065e-4,0.053321306675664516,0.08628331340699999,0.14702138615233334,3,-0.05297549204326061,0.05260394902095494,-7.173576547095731e-4
Kitchenware Retailers,Minimax,2024-04-01,0.0013598935802765226,0.04427370238726373,0.06469823567633333,0.13440876037500002,3,-0.04291380880698721,0.053467094990087935,0.009193392602824202
Kitchenware Retailers,Minimax,2024-07-01,0.0015622227879099056,0.05260394902095494,0.07527017181933333,0.14104843403066666,3,-0.05104172623304504,0.0486415269926764,-0.003962422028278546
Kitchenware Retailers,Myer,2023-01-01,0.002774909786413543,0.3831078304483043,0.5763191641163333,0.8551745791116667,3,-0.3803329206618908,0.37161421752354257,-0.011493612924761754
Kitchenware Retailers,Myer,2023-04-01,0.0048482735854733896,0.34581168576673127,0.5111962797393333,0.8269227317713334,3,-0.34096341218125786,0.3625510842079748,0.016739398441243558
Kitchenware Retailers,Myer,2023-07-01,0.005841704670391468,0.37161421752354257,0.5623010777913333,0.82597347556,3,-0.3657725128531511,0.35645288620386617,-0.015161331319676397
Kitchenware Retailers,Myer,2023-10-01,6.853320678755599e-4,0.3625510842079748,0.546546733108,0.804353052633,3,-0.36186575214009925,0.3766249788691912,0.01407389466121639
Kitchenware Retailers,Myer,2024-01-01,5.7716814655766105e-5,0.35645288620386617,0.5751614968766667,0.8441994494686667,3,-0.3563951693892104,0.3581794572631018,0.0017265710592356265
Kitchenware Retailers,Myer,2024-04-01,3.029144300918629e-5,0.3766249788691912,0.5497455625053334,0.8095385357753333,3,-0.376594687426182,0.3701333860109898,-0.006491592858201445
Kitchenware Retailers,Myer,2024-07-01,0,0.3581794572631018,0.5150953977133333,0.7511514587613334,3,-0.3581794572631018,0.3630822775885566,0.004902820325454804
Kitchenware Retailers,Victoria's Basement,2023-01-01,0.0023428869273712256,0.11243849483626518,0.16895363767133334,0.267862098387,3,-0.11009560790889396,0.11800928969677701,0.005570794860511832
Kitchenware Retailers,Victoria's Basement,2023-04-01,0.0020856440588801223,0.12689981897734956,0.187344177131,0.30294484291333335,3,-0.12481417491846944,0.11218399327290485,-0.014715825704444713
Kitchenware Retailers,Victoria's Basement,2023-07-01,0.001966067006444713,0.11800928969677701,0.179248459174,0.28499380861066664,3,-0.1160432226903323,0.12237730856551468,0.004368018868737666
Kitchenware Retailers,Victoria's Basement,2023-10-01,0.0031653855738955896,0.11218399327290485,0.170731688937,0.272169502754,3,-0.10901860769900926,0.09231761746658337,-0.019866375806321473
Kitchenware Retailers,Victoria's Basement,2024-01-01,0.002670160361155576,0.12237730856551468,0.197719930536,0.31860421902700004,3,-0.1197071482043591,0.1155193566674268,-0.006857951898087883
Kitchenware Retailers,Victoria's Basement,2024-04-01,0.0025913582306059443,0.09231761746658337,0.13469475724233332,0.25332189769433333,3,-0.08972625923597743,0.11186888265379147,0.019551265187208094
Kitchenware Retailers,Victoria's Basement,2024-07-01,0.0025567492488291718,0.1155193566674268,0.166749531895,0.27398974946633337,3,-0.11296260741859762,0.12182812395666592,0.0063087672892391256
Laundry Care,Biozet Attack,2023-07-01,0.011643785327084995,0.07100297245461731,0.196028746014,0.44205287816149996,2,-0.05935918712753232,0.05958000203158817,-0.011422970423029144
Laundry Care,Biozet Attack,2023-10-01,0.02140842186680639,0.06844385901812523,0.18969536900700001,0.4242302751686667,3,-0.047035437151318846,0.06577908372919232,-0.0026647752889329135
Laundry Care,Biozet Attack,2024-01-01,0.018179324491704243,0.05958000203158817,0.16590549387966666,0.3866887813983333,3,-0.041400677539883926,0.06672278547457261,0.007142783442984441
Laundry Care,Biozet Attack,2024-04-01,0.013273564878595484,0.06577908372919232,0.191176794257,0.42561467356233335,3,-0.05250551885059684,0.06048986402711517,-0.005289219702077151
Laundry Care,Biozet Attack,2024-07-01,0.013673699533593302,0.06672278547457261,0.182088892816,0.3896359386616667,3,-0.053049085940979304,0.05571912545789812,-0.011003660016674494
Laundry Care,Bosisto's,2023-07-01,0,0.048523396533621435,0.1327229841695,0.257621107485,2,-0.048523396533621435,0.04649164575592266,-0.0020317507776987723
Laundry Care,Bosisto's,2023-10-01,0,0.047474541982071544,0.130804932313,0.262353502522,3,-0.047474541982071544,0.05142948450669147,0.003954942524619927
Laundry Care,Bosisto's,2024-01-01,0,0.04649164575592266,0.129018790984,0.26054431301066666,3,-0.04649164575592266,0.04865468388162169,0.0021630381256990266
Laundry Care,Bosisto's,2024-04-01,0,0.05142948450669147,0.14894070430866665,0.3108028200466667,3,-0.05142948450669147,0.0421252106807862,-0.00930427382590527
Laundry Care,Bosisto's,2024-07-01,0,0.04865468388162169,0.13264612979033333,0.2601410456,3,-0.04865468388162169,0.036701777998864704,-0.011952905882756985
Laundry Care,Cold Power,2023-07-01,0.0898925999559557,0.16083999240593888,0.441935757972,0.7822182228704999,2,-0.07094739244998319,0.16617513649418242,0.0053351440882435375
Laundry Care,Cold Power,2023-10-01,0.11295351957235716,0.15310345523620458,0.42152525392033335,0.7866333253636666,3,-0.04014993566384742,0.15634045531944668,0.0032370000832420975
Laundry Care,Cold Power,2024-01-01,0.11775948563968296,0.16617513649418242,0.4625937129473333,0.8031831392053334,3,-0.04841565085449946,0.1503179653041566,-0.01585717119002583
Laundry Care,Cold Power,2024-04-01,0.10904182385953619,0.15634045531944668,0.453223141364,0.8163851774916666,3,-0.04729863145991049,0.154920781886151,-0.0014196734332956873
Laundry Care,Cold Power,2024-07-01,0.10853943041945635,0.1503179653041566,0.41064731494033335,0.7569296755573334,3,-0.041778534884700236,0.17486072539507677,0.024542760090920185
Laundry Care,Dynamo,2023-07-01,0.0629943411646658,0.11280194047630837,0.3128351356475,0.6918549807325001,2,-0.04980759931164257,0.10269311904216254,-0.010108821434145834
Laundry Care,Dynamo,2023-10-01,0.061699494128171405,0.11031516612216884,0.303697627515,0.6583893672483333,3,-0.04861567199399743,0.10812454333756208,-0.0021906227846067577
Laundry Care,Dynamo,2024-01-01,0.06627312189816817,0.10269311904216254,0.2851995519833333,0.656718635551,3,-0.03641999714399437,0.10297913718075881,2.8601813859627234e-4
Laundry Care,Dynamo,2024-04-01,0.051320773814540914,0.10812454333756208,0.313431100117,0.6967684244023333,3,-0.056803769523021165,0.11859180236625853,0.010467259028696455
Laundry Care,Dynamo,2024-07-01,0.054086550608044764,0.10297913718075881,0.2816243748666667,0.6596973857473333,3,-0.048892586572714045,0.10715964204612076,0.00418050486536195
Laundry Care,Earth Choice,2023-07-01,0.07049515449945888,0.12147750896110757,0.33331896999849997,0.661545213232,2,-0.050982354461648685,0.13632060696949524,0.014843098008387678
Laundry Care,Earth Choice,2023-10-01,0.07454258409201132,0.13151863773356057,0.3619804969586667,0.6286659496276666,3,-0.05697605364154924,0.1386166746225706,0.007098036889010034
Laundry Care,Earth Choice,2024-01-01,0.07286886078493081,0.13632060696949524,0.37794649799066665,0.650860905558,3,-0.06345174618456444,0.11980826197410069,-0.016512344995394557
Laundry Care,Earth Choice,2024-04-01,0.06883130842164734,0.1386166746225706,0.40163287585533336,0.6911582971873333,3,-0.06978536620092327,0.11658986260320986,-0.022026812019360742
Laundry Care,Earth Choice,2024-07-01,0.07164695810276053,0.11980826197410069,0.326814080477,0.6244562720566667,3,-0.048161303871340155,0.12171119372829296,0.0019029317541922747
Laundry Care,Earthwise,2024-07-01,0.021961847668967496,0.031656391300150015,0.08642797155666666,0.21033438599733334,3,-0.00969454363118252,0.04168911600105999,0.010032724700909976
Laundry Care,Ecostore,2023-07-01,0.08228053320685394,0.028361940115607,0.077599528115,0.1462680257085,2,0.05391859309124694,0.03131374511037054,0.0029518049947635447
Laundry Care,Ecostore,2023-10-01,0.09773168064248017,0.025484504027248424,0.070374438658,0.15719360272433333,3,0.07224717661523175,0.033637157589767853,0.00815265356251943
Laundry Care,Ecostore,2024-01-01,0.10240737856877609,0.03131374511037054,0.08665197813033333,0.16292770336733334,3,0.07109363345840555,0.042373002205442115,0.011059257095071572
Laundry Care,Ecostore,2024-04-01,0.1082751500393431,0.033637157589767853,0.09720184488766667,0.195656432476,3,0.07463799244957525,0.026856416214790603,-0.0067807413749772505
Laundry Care,Ecostore,2024-07-01,0.10391368846656736,0.042373002205442115,0.11457796144033333,0.16549265148766668,3,0.061540686261125244,0.02675149094653291,-0.015621511258909204
Laundry Care,Fab,2023-07-01,0.02130164245300637,0.1432083287265899,0.3950835348335,0.8053729850144999,2,-0.12190668627358353,0.14220010838773794,-0.0010082203388519506
Laundry Care,Fab,2023-10-01,0.024980992642808376,0.142139166883489,0.391755485539,0.7672987111186667,3,-0.11715817424068062,0.13747968089418902,-0.004659485989299966
Laundry Care,Fab,2024-01-01,0.013092278613038312,0.14220010838773794,0.396302919301,0.8034212029566666,3,-0.12910782977469965,0.127100844140925,-0.015099264246812932
Laundry Care,Fab,2024-04-01,0.006527529641840749,0.13747968089418902,0.39846497987833335,0.7995059870073333,3,-0.13095215125234827,0.13036527801556114,-0.0071144028786278846
Laundry Care,Fab,2024-07-01,0.007835228504314893,0.127100844140925,0.34743517361066667,0.7551379944293333,3,-0.11926561563661012,0.12689838902434256,-2.0245511658245618e-4
Laundry Care,OMO,2023-07-01,0.3128304296294965,0.18007314294536647,0.4962179771585,0.8376138239595,2,0.13275728668413,0.18404135787277076,0.00396821492740429
Laundry Care,OMO,2023-10-01,0.34267770508245404,0.1843701296818231,0.5079106732713333,0.829554860922,3,0.15830757540063095,0.17171112300110317,-0.012659006680719925
Laundry Care,OMO,2024-01-01,0.3386689006475907,0.18404135787277076,0.5130546602833334,0.857934972935,3,0.15462754277481994,0.18555856622782904,0.0015172083550582804
Laundry Care,OMO,2024-04-01,0.28331776996089963,0.17171112300110317,0.4958437415656667,0.8421272395096667,3,0.11160664695979647,0.18436308638329582,0.012651963382192655
Laundry Care,OMO,2024-07-01,0.29192570482735,0.18555856622782904,0.506632804841,0.8357539142189999,3,0.10636713859952093,0.17781828604099437,-0.007740280186834675
Laundry Care,Organic Choice,2023-07-01,0.02580691740229915,0.02006601089934979,0.0550631766795,0.11318469514400001,2,0.00574090650294936,0.021415913303300515,0.0013499024039507236
Laundry Care,Organic Choice,2023-10-01,0.033528283976328815,0.01900650551589466,0.052260832393,0.10819935352166667,3,0.014521778460434155,0.024655652447254327,0.005649146931359667
Laundry Care,Organic Choice,2024-01-01,0.04259343501586725,0.021415913303300515,0.058700455846666666,0.11020933037533334,3,0.021177521712566736,0.01572602255034532,-0.005689890752955194
Laundry Care,Organic Choice,2024-04-01,0.031942429128468196,0.024655652447254327,0.07115448384366667,0.13142249934266667,3,0.007286776681213868,0.01293888980797227,-0.011716762639282058
Laundry Care,Organic Choice,2024-07-01,0.029463941665227016,0.01572602255034532,0.042757636285000004,0.07903701368466667,3,0.013737919114881696,0.012113643765549983,-0.0036123787847953375
Laundry Care,Radiant,2023-07-01,0.32275459636117865,0.11364476648149327,0.315340708358,0.6554061659685,2,0.20910982987968538,0.10976836503246916,-0.003876401449024111
Laundry Care,Radiant,2023-10-01,0.2304773179965823,0.118144033799414,0.326213089677,0.6547250657313334,3,0.1123332841971683,0.11222614455222249,-0.005917889247191513
Laundry Care,Radiant,2024-01-01,0.2281572143402415,0.10976836503246916,0.30569655295,0.6783960112836667,3,0.11838884930777234,0.10910233976009819,-6.660252723709736e-4
Laundry Care,Radiant,2024-04-01,0.3274696502551284,0.11222614455222249,0.3250296031893333,0.6909225197693334,3,0.21524350570290593,0.11948030934498838,0.007254164792765888
Laundry Care,Radiant,2024-07-01,0.2969529502037183,0.10910233976009819,0.29782438645,0.6516224795046667,3,0.18785061044362011,0.11857660959526688,0.009474269835168692
Liquor Retailer,BWS,2023-04-01,0.03258162891315796,0.22697925256890866,0.747354821927,0.9253422877873333,3,-0.1943976236557507,0.2326097349213986,0.005630482352489946
Liquor Retailer,BWS,2023-07-01,0.03142615144797327,0.2226182948761327,0.7019451986043334,0.8872706731393334,3,-0.19119214342815943,0.22786192546148634,0.0052436305853536536
Liquor Retailer,BWS,2023-10-01,0.029150238658920236,0.2326097349213986,0.729562466109,0.8677681049676667,3,-0.20345949626247836,0.23265663947276227,4.690455136366345e-5
Liquor Retailer,BWS,2024-01-01,0.026432178683608053,0.22786192546148634,0.7153446086963333,0.9041737213123333,3,-0.20142974677787828,0.22502560553649156,-0.002836319924994779
Liquor Retailer,BWS,2024-04-01,0.0290584680587948,0.23265663947276227,0.7295598286876667,0.889256605867,3,-0.20359817141396747,0.23436746237347572,0.001710822900713449
Liquor Retailer,BWS,2024-07-01,0.030012004391621806,0.22502560553649156,0.6650446123343333,0.8472922041006667,3,-0.19501360114486976,0.22860102686265626,0.0035754213261647017
Liquor Retailer,Bottlemart,2023-04-01,0.0342551878229068,0.06003631395511359,0.19787390458933335,0.5739668355916667,3,-0.025781126132206796,0.06342820984968081,0.003391895894567218
Liquor Retailer,Bottlemart,2023-07-01,0.03142615144797327,0.057519193031537616,0.181112078778,0.5577742942439999,3,-0.026093041583564347,0.04851679174464436,-0.00900240128689326
Liquor Retailer,Bottlemart,2023-10-01,0.03010735504345726,0.06342820984968081,0.20063617048399998,0.534441008391,3,-0.03332085480622355,0.05322665327202873,-0.01020155657765208
Liquor Retailer,Bottlemart,2024-01-01,0.03269829314345483,0.04851679174464436,0.15294947892633334,0.558962370468,3,-0.01581849860118953,0.05806629309967119,0.009549501355026836
Liquor Retailer,Bottlemart,2024-04-01,0.03570440762042035,0.05322665327202873,0.168197603993,0.52245892591666665,3,-0.017522245651608384,0.057728017533927346,0.004501364261898615
Liquor Retailer,Bottlemart,2024-07-01,0.034637675714020294,0.05806629309967119,0.17010787896666668,0.4989622849486667,3,-0.0234286173856509,0.0561319701679056,-0.0019343229317655905
Liquor Retailer,Cellarbrations,2023-04-01,0.05221956118923462,0.09756701050157723,0.32138310227600003,0.7141255678589999,3,-0.045347449312342615,0.09827761169628173,7.106011947044938e-4
Liquor Retailer,Cellarbrations,2023-07-01,0.05254287505704459,0.09802263684789633,0.30866522974033334,0.6863906697943334,3,-0.045479761790851746,0.09734111351238525,-6.815233355110806e-4
Liquor Retailer,Cellarbrations,2023-10-01,0.05081700266212011,0.09827761169628173,0.3082846196483333,0.6651263272756667,3,-0.04746060903416162,0.10016009576676375,0.0018824840704820267
Liquor Retailer,Cellarbrations,2024-01-01,0.06157966863487581,0.09734111351238525,0.3077370081483333,0.7262974720483334,3,-0.03576144487750944,0.10099237511849905,0.003651261606113801
Liquor Retailer,Cellarbrations,2024-04-01,0.053556611430630514,0.10016009576676375,0.314985630696,0.6859526084846667,3,-0.04660348433613324,0.0969466044214048,-0.0032134913453589486
Liquor Retailer,Cellarbrations,2024-07-01,0.054236940663639335,0.10099237511849905,0.2987133777823333,0.6567391973356667,3,-0.04675543445485972,0.09306289255317653,-0.007929482565322526
Liquor Retailer,Dan Murphy's,2023-04-01,0.32782730927255394,0.23072913873157988,0.7599911193233333,0.8986479139933333,3,0.09709817054097405,0.2300975883827239,-6.315503488559804e-4
Liquor Retailer,Dan Murphy's,2023-07-01,0.32656447838821484,0.2312539353004088,0.7286203772253333,0.87220501594,3,0.09531054308780604,0.2348858005744732,0.003631865274064394
Liquor Retailer,Dan Murphy's,2023-10-01,0.36103016610597155,0.2300975883827239,0.718981138893,0.8406267629023334,3,0.13093257772324765,0.2319917215257883,0.0018941331430644137
Liquor Retailer,Dan Murphy's,2024-01-01,0.3159340718765512,0.2348858005744732,0.7372894158683333,0.8855047271176666,3,0.081048271302078,0.23063546744013558,-0.004250333134337619
Liquor Retailer,Dan Murphy's,2024-04-01,0.3057427872146376,0.2319917215257883,0.7271680688883333,0.8777046696836667,3,0.07375106568884929,0.23794125413925218,0.00594953261346387
Liquor Retailer,Dan Murphy's,2024-07-01,0.28166225989738014,0.23063546744013558,0.6811652390306666,0.8169056218993334,3,0.05102679245724456,0.2372290184769438,0.006593551036808226
Liquor Retailer,First Choice,2023-04-01,0.07330866505460541,0.09315367960441549,0.3069981610786667,0.5676119750223333,3,-0.01984501454981008,0.08429781882082817,-0.008855860783587327
Liquor Retailer,First Choice,2023-07-01,0.08765590871488634,0.0901991176105496,0.28413661164233334,0.5696354273176667,3,-0.002543208895663271,0.0890890237185914,-0.0011100938919582082
Liquor Retailer,First Choice,2023-10-01,0.08387615964823238,0.08429781882082817,0.265633843002,0.5346549977976667,3,-4.2165917259578967e-4,0.08613993478159532,0.0018421159607671517
Liquor Retailer,First Choice,2024-01-01,0.07924982190770247,0.0890890237185914,0.279798541097,0.578972210912,3,-0.009839201810888931,0.09040712836093286,0.0013181046423414583
Liquor Retailer,First Choice,2024-04-01,0.0795597692648217,0.08613993478159532,0.27213871534066664,0.5361573329996667,3,-0.006580165516773623,0.08576400636259934,-3.759284189959744e-4
Liquor Retailer,First Choice,2024-07-01,0.08230241246601568,0.09040712836093286,0.26807869927966665,0.5099724103283333,3,-0.00810471589491718,0.0892129776954186,-0.0011941506655142597
Liquor Retailer,Liquor Legends,2023-04-01,0.02486335767058915,0.016144450988447915,0.053268575929,0.14938889292333332,3,0.008718906682141234,0.01707107393031065,9.266229418627356e-4
Liquor Retailer,Liquor Legends,2023-07-01,0.027378709411106174,0.01986826101206979,0.06258594640566667,0.16323448676033334,3,0.007510448399036383,0.017318542148911757,-0.002549718863158034
Liquor Retailer,Liquor Legends,2023-10-01,0.024048174282053497,0.01707107393031065,0.05404839883166667,0.12701626277466666,3,0.006977100351742847,0.017646479724647,5.754057943363478e-4
Liquor Retailer,Liquor Legends,2024-01-01,0.027531609917208058,0.017318542148911757,0.05470143040133334,0.15142837187433333,3,0.010213067768296301,0.01987027640827943,0.002551734259367673
Liquor Retailer,Liquor Legends,2024-04-01,0.023711477216920657,0.017646479724647,0.05527469455866667,0.15105506617633332,3,0.006064997492273658,0.017852474120138306,2.0599439549130738e-4
Liquor Retailer,Liquor Legends,2024-07-01,0.019378070203330964,0.01987027640827943,0.05789506097066666,0.133281728096,3,-4.922062049484664e-4,0.02460898591931643,0.004738709511036998
Liquor Retailer,Liquorland,2023-04-01,0.3672572152972609,0.19241911720961188,0.6335511360663333,0.897469107864,3,0.17483809808764902,0.1948943146086984,0.002475197399086526
Liquor Retailer,Liquorland,2023-07-01,0.3610040652707049,0.19568594719967478,0.6166636043113333,0.8511246337230001,3,0.1653181180710301,0.19786340301622252,0.002177455816547741
Liquor Retailer,Liquorland,2023-10-01,0.3443684148326861,0.1948943146086984,0.6117073684983333,0.8613311135026667,3,0.1494741002239877,0.1909024915595408,-0.0039918230491576
Liquor Retailer,Liquorland,2024-01-01,0.36216553749582975,0.19786340301622252,0.6201638098106667,0.8808741418786667,3,0.16430213447960723,0.18214605733648895,-0.01571734567973357
Liquor Retailer,Liquorland,2024-04-01,0.3798178177424557,0.1909024915595408,0.597888297064,0.842758770777,3,0.1889153261829149,0.18848369895396944,-0.0024187926055713738
Liquor Retailer,Liquorland,2024-07-01,0.4000938251892973,0.18214605733648895,0.5378595814830001,0.7872741398733333,3,0.21794776785280837,0.1928180609266608,0.010672003590171841
Liquor Retailer,SipnSave,2023-04-01,0.015572518374647104,0.013372531270291553,0.04400852964,0.110016310238,3,0.0021999871043555507,0.012098227299182161,-0.0012743039711093918
Liquor Retailer,SipnSave,2023-07-01,0.015256902511258346,0.011048824330429615,0.03497580352633333,0.11030990387566666,3,0.004208078180828731,0.016032239844207975,0.00498341551377836
Liquor Retailer,SipnSave,2023-10-01,0.012084101961943775,0.012098227299182161,0.03811114686466667,0.110300692924,3,-1.412533723838677e-5,0.016901859542252862,0.004803632243070701
Liquor Retailer,SipnSave,2024-01-01,0.016474492607913865,0.016032239844207975,0.050216759384,0.12971557459166666,3,4.422527637058908e-4,0.01591319976396633,-1.19040080241644e-4
Liquor Retailer,SipnSave,2024-04-01,0.016732145275041813,0.016901859542252862,0.053435352872,0.12850169552733334,3,-1.697142672110498e-4,0.014431293523012749,-0.0024705660192401134
Liquor Retailer,SipnSave,2024-07-01,0.018224845708132074,0.01591319976396633,0.047060480449333336,0.10644010304866666,3,0.002311645944165743,0.01230112168803314,-0.0036120780759331898
Liquor Retailer,Thirstycamel,2023-04-01,0.07211455640504415,0.06959850517005381,0.22959746264266667,0.5902016485003333,3,0.002516051234990338,0.06722542049089562,-0.0023730846791581856
Liquor Retailer,Thirstycamel,2023-07-01,0.06674475775083832,0.07378378979130072,0.23242399956999998,0.582777618219,3,-0.007039032040462398,0.07109115997907722,-0.0026926298122234987
Liquor Retailer,Thirstycamel,2023-10-01,0.06451838680461505,0.06722542049089562,0.211265307653,0.5749976374096667,3,-0.0027070336862805716,0.0703741243546209,0.0031487038637252746
Liquor Retailer,Thirstycamel,2024-01-01,0.07793432573285604,0.07109115997907722,0.223331594645,0.6020469539733334,3,0.006843165753778815,0.076943596935535,0.005852436956457777
Liquor Retailer,Thirstycamel,2024-04-01,0.07611651617627688,0.0703741243546209,0.221727022529,0.5681662628866667,3,0.005742391821655979,0.06648518857222013,-0.0038889357824007653
Liquor Retailer,Thirstycamel,2024-07-01,0.07945196576656242,0.076943596935535,0.22757497851800002,0.5472340112383334,3,0.0025083688310274244,0.06603394570988885,-0.010909651225646147
"Mattresses, beds, and pillows",Ecosa,2022-07-01,0.022912748768303706,0.0980011613368994,0.073900836857,0.139221580648,3,-0.07508841256859569,0.08879192913392638,-0.009209232202973025
"Mattresses, beds, and pillows",Ecosa,2022-10-01,0.023709004227357174,0.10169272158357943,0.08066498375566666,0.13520270774233334,3,-0.07798371735622225,0.04218276896122511,-0.059509952622354326
"Mattresses, beds, and pillows",Ecosa,2023-01-01,0.025680774499739344,0.08879192913392638,0.07038352615566666,0.13317297512566667,3,-0.06311115463418704,0.06661272002380254,-0.022179209110123832
"Mattresses, beds, and pillows",Ecosa,2023-04-01,0.03767492500138062,0.04218276896122511,0.040855527043,0.10898052169400001,3,-0.004507843959844486,0.07992695485535731,0.0377441858941322
"Mattresses, beds, and pillows",Ecosa,2023-07-01,0.04210483294334474,0.06661272002380254,0.07102673908733334,0.13853037663233334,3,-0.024507887080457806,0.06306767904751451,-0.003545040976288036
"Mattresses, beds, and pillows",Ecosa,2023-10-01,0.058736755052160444,0.07992695485535731,0.0821869029,0.18059074884566667,3,-0.021190199803196863,0.0603041206479089,-0.019622834207448404
"Mattresses, beds, and pillows",Ecosa,2024-01-01,0.03401642094963711,0.06306767904751451,0.071501092187,0.154363271124,3,-0.029051258097877397,0.0704442894812867,0.0073766104337721905
"Mattresses, beds, and pillows",Ecosa,2024-04-01,0.07490763743376827,0.0603041206479089,0.064984646701,0.14116828575766666,3,0.014603516785859368,0.09890670778128889,0.03860258713337999
"Mattresses, beds, and pillows",Ecosa,2024-07-01,0.05364461760037045,0.0704442894812867,0.07290126788233334,0.16323324425466668,3,-0.016799671880916245,0.07859490698296087,0.008150617501674173
"Mattresses, beds, and pillows",Emma,2022-07-01,0.01544101584599162,0.12513602840218718,0.09255227604766667,0.21349409691500001,3,-0.10969501255619557,0.15983884528596187,0.03470281688377469
"Mattresses, beds, and pillows",Emma,2022-10-01,0.028496989341901483,0.16323935067577522,0.12870328366033332,0.24449366577766665,3,-0.13474236133387374,0.10867782980924359,-0.054561520866531626
"Mattresses, beds, and pillows",Emma,2023-01-01,0.02338432703421223,0.15983884528596187,0.12726836504366668,0.24492464014933335,3,-0.13645451825174965,0.11314421916328184,-0.046694626122680036
"Mattresses, beds, and pillows",Emma,2023-04-01,0.032837507663686163,0.10867782980924359,0.105191134744,0.21551244114933332,3,-0.07584032214555743,0.14191305321302572,0.03323522340378213
"Mattresses, beds, and pillows",Emma,2023-07-01,0.04377843688668619,0.11314421916328184,0.12037020433333334,0.248745170737,3,-0.06936578227659565,0.11510242211038126,0.001958202947099419
"Mattresses, beds, and pillows",Emma,2023-10-01,0.05205881802485987,0.14191305321302572,0.146048987923,0.2852772732966667,3,-0.08985423518816585,0.11035406020602063,-0.031558993007005084
"Mattresses, beds, and pillows",Emma,2024-01-01,0.024601946409333705,0.11510242211038126,0.13064682372466668,0.253428199462,3,-0.09050047570104755,0.1175998291151292,0.002497407004747945
"Mattresses, beds, and pillows",Emma,2024-04-01,0.03636571005953054,0.11035406020602063,0.11727597196733333,0.2593088126,3,-0.07398835014649009,0.09447372688237464,-0.015880333323645995
"Mattresses, beds, and pillows",Emma,2024-07-01,0.026822308800185227,0.1175998291151292,0.12122128216166667,0.23664466945533333,3,-0.09077752031494397,0.09363593705050327,-0.02396389206462593
"Mattresses, beds, and pillows",Ikea,2023-04-01,0.858364495338297,0.3351806457660316,0.317276222058,0.6839642230596666,3,0.5231838495722654,0.3351600688903734,-2.0576875658206983e-5
"Mattresses, beds, and pillows",Ikea,2023-07-01,0.8571388480971815,0.31796956166107787,0.337973486358,0.650027966702,3,0.5391692864361037,0.305232712805168,-0.012736848855909866
"Mattresses, beds, and pillows",Ikea,2023-10-01,0.8444380722526424,0.3351600688903734,0.3480587591916667,0.6868787280293334,3,0.509278003362269,0.3054440778546848,-0.029715991035688616
"Mattresses, beds, and pillows",Ikea,2024-01-01,0.8384696921890137,0.305232712805168,0.34330018859466666,0.6795974204076667,3,0.5332369793838456,0.28512309940087804,-0.02010961340428996
"Mattresses, beds, and pillows",Ikea,2024-04-01,0.7064363980442473,0.3054440778546848,0.323244304469,0.6593853595876666,3,0.4009923201895625,0.2930869067854897,-0.012357171069195094
"Mattresses, beds, and pillows",Ikea,2024-07-01,0.8656385005564566,0.28512309940087804,0.29547118391866667,0.6083692916226666,3,0.5805154011555786,0.3238673555815558,0.03874425618067778
"Mattresses, beds, and pillows",Koala,2022-07-01,0.017337859430165085,0.45063207997921123,0.33355263273266667,0.5624519795403333,3,-0.43329422054904615,0.4309091811705799,-0.019722898808631317
"Mattresses, beds, and pillows",Koala,2022-10-01,0.03484130093873557,0.4199154180703698,0.32924657999833334,0.5652542080246666,3,-0.38507411713163425,0.292985765459577,-0.1269296526107928
"Mattresses, beds, and pillows",Koala,2023-01-01,0.04083595849403428,0.4309091811705799,0.3430450443283333,0.5929551702820001,3,-0.39007322267654565,0.259544963821397,-0.1713642173491829
"Mattresses, beds, and pillows",Koala,2023-04-01,0.05218525005299587,0.292985765459577,0.27746072554766665,0.5345007649456667,3,-0.24080051540658112,0.25884983539980927,-0.03413593005976773
"Mattresses, beds, and pillows",Koala,2023-07-01,0.03277098251298308,0.259544963821397,0.276164721104,0.509346980085,3,-0.22677398130841395,0.28605055520624384,0.026505591384846816
"Mattresses, beds, and pillows",Koala,2023-10-01,0.021557751606887332,0.25884983539980927,0.267681029345,0.527729870109,3,-0.23729208379292194,0.3185194516864197,0.05966961628661044
"Mattresses, beds, and pillows",Koala,2024-01-01,0.08869492548306461,0.28605055520624384,0.32347335740533334,0.5646404375753333,3,-0.19735562972317922,0.2896253308134118,0.003574775607167957
"Mattresses, beds, and pillows",Koala,2024-04-01,0.16192213435349986,0.3185194516864197,0.33370639489066667,0.5725294503103333,3,-0.15659731733291984,0.2994470834088315,-0.01907236827758818
"Mattresses, beds, and pillows",Koala,2024-07-01,0.04085964858368464,0.2896253308134118,0.3008467487656667,0.510144098821,3,-0.24876568222972717,0.3054771780338411,0.015851847220429316
"Mattresses, beds, and pillows",Sleeping Duck,2022-07-01,0.010657532766647583,0.32623073028170224,0.24187665548999998,0.46185160310466666,3,-0.31557319751505464,0.3204600444095318,-0.005770685872170445
"Mattresses, beds, and pillows",Sleeping Duck,2022-10-01,0.012220443697226985,0.3151525096702755,0.24867149740566666,0.4839897562933333,3,-0.30293206597304856,0.22097299000392276,-0.09417951966635277
"Mattresses, beds, and pillows",Sleeping Duck,2023-01-01,0.013275639218412388,0.3204600444095318,0.25634360045433335,0.47447095400166667,3,-0.3071844051911194,0.2427285353304407,-0.0777315090790911
"Mattresses, beds, and pillows",Sleeping Duck,2023-04-01,0.01893782194364035,0.22097299000392276,0.211011224674,0.4573218484593333,3,-0.2020351680602824,0.1841500876414343,-0.03682290236248845
"Mattresses, beds, and pillows",Sleeping Duck,2023-07-01,0.024206899559804467,0.2427285353304407,0.258294081465,0.47177168056433333,3,-0.21852163577063624,0.23054663083069238,-0.01218190449974832
"Mattresses, beds, and pillows",Sleeping Duck,2023-10-01,0.02320860306344994,0.1841500876414343,0.19240615830333332,0.4471529312713333,3,-0.16094148457798438,0.20537828960496593,0.021228201963531618
"Mattresses, beds, and pillows",Sleeping Duck,2024-01-01,0.014217014968950939,0.23054663083069238,0.260605596033,0.4680987975206667,3,-0.21632961586174143,0.23720745118929423,0.006660820358601854
"Mattresses, beds, and pillows",Sleeping Duck,2024-04-01,0.020368120108954047,0.20537828960496593,0.21619113222666667,0.434131454555,3,-0.18501016949601187,0.2140855751420152,0.008707285537049275
"Mattresses, beds, and pillows",Sleeping Duck,2024-07-01,0.013034924459302925,0.23720745118929423,0.24600502283233333,0.45139695541833336,3,-0.2241725267299913,0.19842462235113897,-0.03878282883815526
Men's Clothing (Male Only),Calibre,2023-04-01,0.030896756965324484,0.03715356255375005,0.07105939188433333,0.166878928009,3,-0.0062568055884255624,0.045189380848349316,0.008035818294599269
Men's Clothing (Male Only),Calibre,2023-07-01,0.03304255437665118,0.0430644577019434,0.07696269501233334,0.16207387840966667,3,-0.010021903325292222,0.03658824332317952,-0.006476214378763882
Men's Clothing (Male Only),Calibre,2023-10-01,0.029504034418251907,0.045189380848349316,0.07730311848,0.14954180506766665,3,-0.01568534643009741,0.029212317199829425,-0.01597706364851989
Men's Clothing (Male Only),Calibre,2024-01-01,0.03753364888476294,0.03658824332317952,0.069279388152,0.14173706470233333,3,9.45405561583422e-4,0.03876950058373426,0.0021812572605547434
Men's Clothing (Male Only),Calibre,2024-04-01,0.03939487342331293,0.029212317199829425,0.04895271032033333,0.13407038348266667,3,0.010182556223483505,0.03875423023114368,0.009541913031314256
Men's Clothing (Male Only),Calibre,2024-07-01,0.04072262460849898,0.03876950058373426,0.064672293633,0.13750669986833333,3,0.0019531240247647186,0.04643524515099407,0.007665744567259811
Men's Clothing (Male Only),Connor,2023-04-01,0.05785627694741127,0.1922812781423866,0.36845143367533334,0.5380565802839999,3,-0.13442500119497533,0.19895222293146286,0.006670944789076261
Men's Clothing (Male Only),Connor,2023-07-01,0.06474272548042061,0.1860652322257437,0.3315500873866667,0.540571412622,3,-0.12132250674532309,0.18198297290013807,-0.0040822593256056305
Men's Clothing (Male Only),Connor,2023-10-01,0.05945525203286125,0.19895222293146286,0.340536691525,0.476129012544,3,-0.1394969708986016,0.18385091044175136,-0.0151013124897115
Men's Clothing (Male Only),Connor,2024-01-01,0.0529016375411221,0.18198297290013807,0.34146626989766665,0.5127216488899999,3,-0.12908133535901598,0.18735211377966215,0.005369140879524087
Men's Clothing (Male Only),Connor,2024-04-01,0.0703046277889712,0.18385091044175136,0.30705785877566666,0.49447598055900005,3,-0.11354628265278016,0.1958569286471619,0.012006018205410529
Men's Clothing (Male Only),Connor,2024-07-01,0.07466140610549622,0.18735211377966215,0.3114328236516667,0.449258067363,3,-0.11269070767416593,0.18853347851259153,0.0011813647329293742
Men's Clothing (Male Only),Cotton On,2023-04-01,0.610667966811309,0.23172214555876736,0.44461161388466663,0.765744523378,3,0.3789458212525416,0.23952278422266443,0.007800638663897075
Men's Clothing (Male Only),Cotton On,2023-07-01,0.5905543021010448,0.2487760300377442,0.442583508283,0.7129315787736666,3,0.3417782720633006,0.22933121135436302,-0.019444818683381188
Men's Clothing (Male Only),Cotton On,2023-10-01,0.6367852332735948,0.23952278422266443,0.40919957428,0.6905995682336666,3,0.3972624490509304,0.25957110636825875,0.02004832214559432
Men's Clothing (Male Only),Cotton On,2024-01-01,0.538362000533237,0.22933121135436302,0.431752759022,0.7072387706436667,3,0.309030789178874,0.237346602503432,0.00801539114906899
Men's Clothing (Male Only),Cotton On,2024-04-01,0.5008878019356204,0.25957110636825875,0.432623725896,0.728909672032,3,0.24131669556736168,0.21605669798353724,-0.04351440838472151
Men's Clothing (Male Only),Cotton On,2024-07-01,0.4979334309652713,0.237346602503432,0.39574573639,0.63305346691,3,0.26058682846183934,0.22497931867926926,-0.012367283824162745
Men's Clothing (Male Only),Industrie,2023-04-01,0.010342262428907924,0.12675301297925473,0.24293074448266666,0.390752274605,3,-0.1164107505503468,0.10833731214566959,-0.01841570083358514
Men's Clothing (Male Only),Industrie,2023-07-01,0.01011505031319056,0.10678498482718066,0.189734691738,0.327381819844,3,-0.0966699345139901,0.11746510355728702,0.010680118730106367
Men's Clothing (Male Only),Industrie,2023-10-01,0.00940833154528993,0.10833731214566959,0.185604761559,0.321923678367,3,-0.09892898060037966,0.10876390949292199,4.265973472523943e-4
Men's Clothing (Male Only),Industrie,2024-01-01,0.01934434648144962,0.11746510355728702,0.22245367800166665,0.3728291530123333,3,-0.0981207570758374,0.10249642746080799,-0.014968676096479033
Men's Clothing (Male Only),Industrie,2024-04-01,0.039560668430810526,0.10876390949292199,0.18230571871033333,0.343376806762,3,-0.06920324106211145,0.1134676718894305,0.004703762396508507
Men's Clothing (Male Only),Industrie,2024-07-01,0.03598251700657435,0.10249642746080799,0.16986109224966667,0.303949934108,3,-0.06651391045423363,0.10601199387423738,0.0035155664134293857
Men's Clothing (Male Only),M.J. Bale,2023-04-01,0.01787783520084197,0.050818700697367,0.09789108873,0.15813297629366665,3,-0.03294086549652503,0.03894535642442629,-0.011873344272940706
Men's Clothing (Male Only),M.J. Bale,2023-07-01,0.0256599342198046,0.0627971026364724,0.11045684585966667,0.18662350428566665,3,-0.037137168416667796,0.05740179949294421,-0.0053953031435281865
Men's Clothing (Male Only),M.J. Bale,2023-10-01,0.026355255321239737,0.03894535642442629,0.06624522310333333,0.138460711315,3,-0.012590101103186556,0.05960298991700047,0.020657633492574178
Men's Clothing (Male Only),M.J. Bale,2024-01-01,0.02958713406442537,0.05740179949294421,0.10712907887633334,0.18413741658333332,3,-0.02781466542851884,0.06069423650727988,0.0032924370143356738
Men's Clothing (Male Only),M.J. Bale,2024-04-01,0.03383843153195302,0.05960298991700047,0.09934351351066667,0.14505568470166666,3,-0.025764558385047452,0.0464284659848479,-0.013174523932152571
Men's Clothing (Male Only),M.J. Bale,2024-07-01,0.030808959981184023,0.06069423650727988,0.10065590954533334,0.18119328164233334,3,-0.02988527652609586,0.062278382285407045,0.001584145778127162
Men's Clothing (Male Only),Oxford,2023-04-01,0.20945148121873886,0.07453169461317487,0.14236398728766667,0.2748855979543333,3,0.13491978660556397,0.07852386932647626,0.003992174713301391
Men's Clothing (Male Only),Oxford,2023-07-01,0.20956610955412225,0.08468001125643868,0.15103943567733333,0.272735028885,3,0.12488609829768357,0.06906554048215215,-0.015614470774286529
Men's Clothing (Male Only),Oxford,2023-10-01,0.17512011940258254,0.07852386932647626,0.133096576672,0.25532889942066667,3,0.09659625007610628,0.07516170476062796,-0.0033621645658482996
Men's Clothing (Male Only),Oxford,2024-01-01,0.2559533324079908,0.06906554048215215,0.129531963346,0.251166438118,3,0.18688779192583865,0.07883878422086399,0.009773243738711843
Men's Clothing (Male Only),Oxford,2024-04-01,0.24878005453081817,0.07516170476062796,0.12448609528233333,0.24836955379133333,3,0.1736183497701902,0.0773315099753604,0.002169805214732437
Men's Clothing (Male Only),Oxford,2024-07-01,0.24706202938894634,0.07883878422086399,0.13099650708766666,0.23278767841133333,3,0.16822324516808235,0.07362672024093982,-0.0052120639799241725
Men's Clothing (Male Only),Peter Jackson,2023-04-01,0.019925114431947676,0.09488782598577629,0.18066964556933332,0.463999529784,3,-0.07496271155382861,0.10878733922093997,0.013899513235163682
Men's Clothing (Male Only),Peter Jackson,2023-07-01,0.022028369584434118,0.0928025517893891,0.165035800316,0.378661088027,3,-0.07077418220495499,0.10956201810337342,0.01675946631398431
Men's Clothing (Male Only),Peter Jackson,2023-10-01,0.02084059601226466,0.10878733922093997,0.185456730983,0.3867775920193333,3,-0.08794674320867531,0.10102872223428434,-0.007758616986655628
Men's Clothing (Male Only),Peter Jackson,2024-01-01,0.025022432589841957,0.10956201810337342,0.207700868719,0.41479435916033336,3,-0.08453958551353147,0.11205477444467973,0.0024927563413063153
Men's Clothing (Male Only),Peter Jackson,2024-04-01,0.02494533088042133,0.10102872223428434,0.16833889673400002,0.4257302357166667,3,-0.07608339135386301,0.10493288655659241,0.0039041643223080708
Men's Clothing (Male Only),Peter Jackson,2024-07-01,0.02578893563702011,0.11205477444467973,0.18625482075433333,0.3876197312406667,3,-0.08626583880765962,0.12214259249607211,0.010087818051392375
Men's Clothing (Male Only),Politix,2023-04-01,0.02068452485781585,0.07166787596629617,0.13719191578866666,0.2636842812896667,3,-0.050983351108480325,0.05841533221336928,-0.013252543752926893
Men's Clothing (Male Only),Politix,2023-07-01,0.020500571642939676,0.06928472453160654,0.121967086914,0.2670449792956667,3,-0.04878415288866687,0.08174909796206965,0.01246437343046311
Men's Clothing (Male Only),Politix,2023-10-01,0.017598642931344284,0.05841533221336928,0.09998478638633333,0.228702309911,3,-0.040816689282025,0.06282276223846474,0.004407430025095457
Men's Clothing (Male Only),Politix,2024-01-01,0.017023263781328533,0.08174909796206965,0.15390889443433334,0.28068233767066664,3,-0.06472583418074113,0.06822287195707892,-0.013526226004990732
Men's Clothing (Male Only),Politix,2024-04-01,0.017342880597671115,0.06282276223846474,0.10494741552166667,0.23295394935733335,3,-0.045479881640793626,0.07894883512218955,0.016126072883724807
Men's Clothing (Male Only),Politix,2024-07-01,0.021991365681669376,0.06822287195707892,0.11304395462899999,0.23185905334133333,3,-0.04623150627540955,0.05767232257049267,-0.010550549386586248
Men's Clothing (Male Only),Tarocash,2023-04-01,0.02229778113770306,0.12018390350322693,0.23035520512466665,0.47929937963933333,3,-0.09788612236552387,0.12332640266664203,0.003142499163415108
Men's Clothing (Male Only),Tarocash,2023-07-01,0.023790382727392187,0.10574490499348128,0.187733973944,0.38216042130166666,3,-0.0819545222660891,0.11685401282449298,0.011109107831011697
Men's Clothing (Male Only),Tarocash,2023-10-01,0.02493253506257087,0.12332640266664203,0.21192309860933334,0.391181894104,3,-0.09839386760407116,0.11998557734686098,-0.0033408253197810545
Men's Clothing (Male Only),Tarocash,2024-01-01,0.02427220371584172,0.11685401282449298,0.21951553260133333,0.421944693049,3,-0.09258180910865127,0.11422468854246108,-0.0026293242820319
Men's Clothing (Male Only),Tarocash,2024-04-01,0.02494533088042133,0.11998557734686098,0.20039442853266665,0.4188817409253333,3,-0.09504024646643965,0.12822277360973638,0.008237196262875404
Men's Clothing (Male Only),Tarocash,2024-07-01,0.025048730625339327,0.11422468854246108,0.18982305183533332,0.37562305231233334,3,-0.08917595791712175,0.11831994618999615,0.004095257647535072
Men's Online Health Providers,Advanced Hair Studio,2023-07-01,0,0.04593369800334847,0.05511465869366666,0.41663452741,3,-0.04593369800334847,0.04429631456639439,-0.0016373834369540763
Men's Online Health Providers,Advanced Hair Studio,2023-10-01,0,0.048024672997622996,0.054665313560333335,0.3820299160503333,3,-0.048024672997622996,0.03730297948552142,-0.010721693512101574
Men's Online Health Providers,Advanced Hair Studio,2024-01-01,0,0.04429631456639439,0.05261304637566666,0.417299874353,3,-0.04429631456639439,0.059271015310707366,0.014974700744312973
Men's Online Health Providers,Advanced Hair Studio,2024-04-01,0.007231242561027646,0.03730297948552142,0.045970673896,0.386223827118,3,-0.030071736924493775,0.062163394693388274,0.024860415207866852
Men's Online Health Providers,Advanced Hair Studio,2024-07-01,0.004343096507869947,0.059271015310707366,0.06961089873533334,0.364075176888,3,-0.05492791880283742,0.05199327573931314,-0.007277739571394229
Men's Online Health Providers,Burst Health,2022-07-01,0,0,0,0,2,0,0.03531290308439604,0.03531290308439604
Men's Online Health Providers,Burst Health,2022-10-01,0,0.019205996101449928,0.022203204835,0.02059277900133333,3,-0.019205996101449928,0.025402413406106765,0.006196417304656837
Men's Online Health Providers,Burst Health,2023-01-01,0,0.03531290308439604,0.037898003685,0.03394001024966667,3,-0.03531290308439604,0.02466026643830813,-0.010652636646087909
Men's Online Health Providers,Burst Health,2023-04-01,0,0.025402413406106765,0.028533647208333332,0.030534151289,3,-0.025402413406106765,0.021394009420262615,-0.00400840398584415
Men's Online Health Providers,Burst Health,2023-07-01,0,0.02466026643830813,0.029677738398,0.02274150046333333,3,-0.02466026643830813,0.029398548014628555,0.004738281576320426
Men's Online Health Providers,Burst Health,2023-10-01,0,0.021394009420262615,0.024506218568666666,0.027237675269333336,3,-0.021394009420262615,0.02865173880866319,0.0072577293884005765
Men's Online Health Providers,Burst Health,2024-01-01,0,0.029398548014628555,0.03454607451966667,0.03674725935833333,3,-0.029398548014628555,0.03695140774353358,0.007552859728905025
Men's Online Health Providers,Burst Health,2024-04-01,0,0.02865173880866319,0.03534135090866666,0.021685504900666668,3,-0.02865173880866319,0.02607293360776943,-0.00257880520089376
Men's Online Health Providers,Burst Health,2024-07-01,0.06304019289879981,0.03695140774353358,0.04355086091033333,0.040777544050333334,3,0.026088785155266227,0.02585908573068925,-0.011092322012844331
Men's Online Health Providers,Doctors (e.g. GP),2022-10-01,0,0.42955359600950893,0.498514772444,0.4433255185175,2,-0.42955359600950893,0.413409936154518,-0.016143659854990944
Men's Online Health Providers,Doctors (e.g. GP),2023-01-01,0,0.4318389349316296,0.452302495782,0.468133390217,3,-0.4318389349316296,0.35634559372068847,-0.07549334121094115
Men's Online Health Providers,Doctors (e.g. GP),2023-04-01,0.004671689496223063,0.413409936154518,0.462272484328,0.478469765343,3,-0.40873824665829495,0.35290532200460095,-0.060504614149917035
Men's Online Health Providers,Doctors (e.g. GP),2023-07-01,0,0.35634559372068847,0.42747275555066666,0.44986611353333333,3,-0.35634559372068847,0.3388405442259737,-0.017505049494714764
Men's Online Health Providers,Doctors (e.g. GP),2023-10-01,0,0.35290532200460095,0.40210561686266666,0.40740579809366667,3,-0.35290532200460095,0.33692347536753225,-0.015981846637068697
Men's Online Health Providers,Doctors (e.g. GP),2024-01-01,0,0.3388405442259737,0.3995190230646667,0.42160421074233334,3,-0.3388405442259737,0.31479381727924155,-0.024046726946732155
Men's Online Health Providers,Doctors (e.g. GP),2024-04-01,0,0.33692347536753225,0.41226230658366664,0.38934599546233334,3,-0.33692347536753225,0.3311426809594448,-0.005780794408087431
Men's Online Health Providers,Doctors (e.g. GP),2024-07-01,0,0.31479381727924155,0.37028441189233335,0.38940479712166665,3,-0.31479381727924155,0.36417679544469234,0.049382978165450786
Men's Online Health Providers,His Clinic,2021-10-01,0,0.11485406458678356,0.146525628542,0.057884518982000005,3,-0.11485406458678356,0.11220847135240654,-0.0026455932343770194
Men's Online Health Providers,His Clinic,2022-01-01,0.0029897177007595435,0.08750347942973709,0.089622322995,0.04234432108966667,3,-0.08451376172897754,0.0662787825969151,-0.021224696832821993
Men's Online Health Providers,His Clinic,2022-04-01,0,0.11220847135240654,0.08493171382999999,0.039898185504000004,3,-0.11220847135240654,0.06228113725634687,-0.04992733409605967
Men's Online Health Providers,His Clinic,2022-07-01,0,0.0662787825969151,0.057082523674000005,0.06764966741333334,3,-0.0662787825969151,0.03205777373323035,-0.034221008863684746
Men's Online Health Providers,His Clinic,2022-10-01,0,0.06228113725634687,0.06527968204033333,0.034258549374,3,-0.06228113725634687,0.05382799955998665,-0.008453137696360219
Men's Online Health Providers,His Clinic,2023-01-01,0,0.03205777373323035,0.034319274554,0.031452083985333334,3,-0.03205777373323035,0.04419552490521873,0.012137751171988384
Men's Online Health Providers,His Clinic,2023-04-01,0,0.05382799955998665,0.060168829598666665,0.037756514416,3,-0.05382799955998665,0.04008016138561351,-0.01374783817437314
Men's Online Health Providers,His Clinic,2023-07-01,0,0.04419552490521873,0.052999322296666665,0.03996303219933333,3,-0.04419552490521873,0.03460725085116711,-0.009588274054051625
Men's Online Health Providers,His Clinic,2023-10-01,0,0.04008016138561351,0.04554234681266667,0.039467735633666665,3,-0.04008016138561351,0.0467633626646112,0.006683201278997693
Men's Online Health Providers,His Clinic,2024-01-01,0,0.03460725085116711,0.04183516274766667,0.036042447638,3,-0.03460725085116711,0.03477194493223981,1.6469408107270406e-4
Men's Online Health Providers,His Clinic,2024-04-01,0,0.0467633626646112,0.058726660708,0.031139075920333333,3,-0.0467633626646112,0.039458933440050865,-0.007304429224560337
Men's Online Health Providers,His Clinic,2024-07-01,0.005018549017088091,0.03477194493223981,0.040722064711333335,0.043821948179,3,-0.02975339591515172,0.03552858827607172,7.566433438319087e-4
Men's Online Health Providers,Manscaped,2021-10-01,0.4811488360293254,0.1767217687961425,0.22278606148766666,0.25298771141433335,3,0.3044270672331829,0.22470657539652603,0.04798480660038354
Men's Online Health Providers,Manscaped,2022-01-01,0.3407029773756771,0.22669118976732228,0.224669449682,0.26552317518833335,3,0.11401178760835484,0.25493551295638406,0.028244323189061782
Men's Online Health Providers,Manscaped,2022-04-01,0.35067618012460217,0.22470657539652603,0.176360043239,0.25173839153733335,3,0.12596960472807614,0.1926862236078338,-0.032020351788692225
Men's Online Health Providers,Manscaped,2022-07-01,0.4433482132290729,0.25493551295638406,0.21124407846166668,0.2970875887423333,3,0.18841270027268886,0.13215977535408152,-0.12277573760230254
Men's Online Health Providers,Manscaped,2022-10-01,0.5243485465712479,0.1926862236078338,0.19826022281666666,0.29279347513,3,0.331662322963414,0.12444999484465834,-0.06823622876317546
Men's Online Health Providers,Manscaped,2023-01-01,0.38823656971853676,0.13215977535408152,0.14077704983133332,0.24058307523166667,3,0.25607679436445524,0.11111936507319128,-0.021040410280890237
Men's Online Health Providers,Manscaped,2023-04-01,0.5037732715500517,0.12444999484465834,0.13937992281866665,0.24936075956766665,3,0.37932327670539334,0.11673719352342588,-0.0077128013212324625
Men's Online Health Providers,Manscaped,2023-07-01,0.5175893928858174,0.11111936507319128,0.13343761031966667,0.23999525344933334,3,0.4064700278126261,0.09788161102443912,-0.01323775404875216
Men's Online Health Providers,Manscaped,2023-10-01,0.5504298776032933,0.11673719352342588,0.13289859017333333,0.21891250688733335,3,0.43369268407986744,0.10865742072605232,-0.008079772797373555
Men's Online Health Providers,Manscaped,2024-01-01,0.550698687707244,0.09788161102443912,0.11489314425933334,0.227796710144,3,0.4528170766828048,0.110962284653423,0.01308067362898388
Men's Online Health Providers,Manscaped,2024-04-01,0.5572352497663771,0.10865742072605232,0.13102438485700002,0.214730560032,3,0.4485778290403247,0.08239299188557019,-0.026264428840482135
Men's Online Health Providers,Manscaped,2024-07-01,0.49087421548418864,0.110962284653423,0.13018874209133333,0.22480183172666668,3,0.37991193083076563,0.08671267050247461,-0.024249614150948395
Men's Online Health Providers,Men's Health Clinic,2021-10-01,0,0.34265367410020353,0.4325275286583333,0.376348489766,3,-0.34265367410020353,0.3480720215839573,0.005418347483753749
Men's Online Health Providers,Men's Health Clinic,2022-01-01,0.0023374156569574618,0.3672513104087095,0.36652382002,0.3016520594916667,3,-0.36491389475175207,0.33520828099612193,-0.032043029412587576
Men's Online Health Providers,Men's Health Clinic,2022-04-01,0.0019277006344465277,0.3480720215839573,0.2742325979826667,0.2731354964143333,3,-0.34614432094951075,0.19345778884018236,-0.15461423274377492
Men's Online Health Providers,Men's Health Clinic,2022-07-01,0.0035066297218178124,0.33520828099612193,0.27523679565866666,0.29816362603933333,3,-0.3317016512743041,0.18484061914140504,-0.1503676618547169
Men's Online Health Providers,Men's Health Clinic,2022-10-01,0.002611348708315015,0.19345778884018236,0.205708546018,0.26211156899966664,3,-0.19084644013186736,0.16027986975888436,-0.033177919081297996
Men's Online Health Providers,Men's Health Clinic,2023-01-01,0,0.18484061914140504,0.19531929515466667,0.25106106944333334,3,-0.18484061914140504,0.16117724228194086,-0.02366337685946418
Men's Online Health Providers,Men's Health Clinic,2023-04-01,0.0034727389988589573,0.16027986975888436,0.17890969483566668,0.25020987707166664,3,-0.1568071307600254,0.16351344120342265,0.0032335714445382857
Men's Online Health Providers,Men's Health Clinic,2023-07-01,0,0.16117724228194086,0.19314435381833334,0.22814078132066667,3,-0.16117724228194086,0.1524428727488438,-0.008734369533097058
Men's Online Health Providers,Men's Health Clinic,2023-10-01,0.0027155958853873063,0.16351344120342265,0.186517606101,0.238488552818,3,-0.16079784531803534,0.1593578770310831,-0.00415556417233956
Men's Online Health Providers,Men's Health Clinic,2024-01-01,0,0.1524428727488438,0.18020611853533333,0.19737031159333332,3,-0.1524428727488438,0.15174386386214953,-6.990088866942745e-4
Men's Online Health Providers,Men's Health Clinic,2024-04-01,0,0.1593578770310831,0.193787037915,0.22203663156333334,3,-0.1593578770310831,0.154507239396726,-0.004850637634357086
Men's Online Health Providers,Men's Health Clinic,2024-07-01,0,0.15174386386214953,0.179148918026,0.20822636194433333,3,-0.15174386386214953,0.17678688909425494,0.025043025232105415
Men's Online Health Providers,Mosh,2021-10-01,0.22447355703139357,0.16916487227236682,0.21425667003333332,0.23762375674533334,3,0.055308684759026755,0.141761787298286,-0.02740308497408081
Men's Online Health Providers,Mosh,2022-01-01,0.20489927629609708,0.1610417150173532,0.163082188495,0.22298351537133335,3,0.04385756127874388,0.14236932389773094,-0.018672391119622267
Men's Online Health Providers,Mosh,2022-04-01,0.229257514370683,0.141761787298286,0.10949650741133334,0.20141965119766667,3,0.087495727072397,0.09575469729718082,-0.046007090001105186
Men's Online Health Providers,Mosh,2022-07-01,0.1931972470270944,0.14236932389773094,0.11103476124466667,0.23668449844433334,3,0.05082792312936346,0.06753908972557843,-0.07483023417215251
Men's Online Health Providers,Mosh,2022-10-01,0.18158407062884407,0.09575469729718082,0.10101159096633333,0.17109083831466668,3,0.08582937333166325,0.06711183173559446,-0.028642865561586364
Men's Online Health Providers,Mosh,2023-01-01,0.2519519025217051,0.06753908972557843,0.07276902421333334,0.16318012197266668,3,0.18441281279612665,0.0662372953871922,-0.0013017943383862307
Men's Online Health Providers,Mosh,2023-04-01,0.019100064493724263,0.06711183173559446,0.075348450493,0.14851616661766667,3,-0.048011767241870194,0.05087508949282142,-0.016236742242773036
Men's Online Health Providers,Mosh,2023-07-01,0.09149356685957963,0.0662372953871922,0.07940542229233334,0.166708733729,3,0.02525627147238743,0.06068377597800685,-0.005553519409185345
Men's Online Health Providers,Mosh,2023-10-01,0.17339741394495567,0.05087508949282142,0.05879875494366667,0.17414158944333333,3,0.12252232445213425,0.055712084284964165,0.0048369947921427445
Men's Online Health Providers,Mosh,2024-01-01,0.04560450223170968,0.06068377597800685,0.07274664232733333,0.183839674829,3,-0.015079273746297174,0.055205946585878046,-0.005477829392128805
Men's Online Health Providers,Mosh,2024-04-01,0.024994695301753685,0.055712084284964165,0.06843601198833334,0.19040868958266666,3,-0.03071738898321048,0.07691155069538062,0.021199466410416458
Men's Online Health Providers,Mosh,2024-07-01,0.006069735411965645,0.055205946585878046,0.064395360174,0.179183020387,3,-0.0491362111739124,0.048702731925186996,-0.006503214660691051
Men's Online Health Providers,Pilot,2021-10-01,0.11599977702784736,0.1117394942348133,0.14244630093533334,0.11044211916,3,0.004260282793034059,0.11028991078989384,-0.0014495834449194667
Men's Online Health Providers,Pilot,2022-01-01,0.1425474783678984,0.10576936332976608,0.105910000701,0.115485915629,3,0.03677811503813233,0.09887334692929771,-0.006896016400468372
Men's Online Health Providers,Pilot,2022-04-01,0.1322433883348177,0.11028991078989384,0.08556704219633333,0.10996078391633334,3,0.021953477544923855,0.0798107299485817,-0.03047918084131214
Men's Online Health Providers,Pilot,2022-07-01,0.1416789435722344,0.09887334692929771,0.082308510636,0.16058593497566667,3,0.04280559664293669,0.067731381028833,-0.03114196590046471
Men's Online Health Providers,Pilot,2022-10-01,0.13601251934942155,0.0798107299485817,0.08432799995833333,0.126362269122,3,0.05620178940083985,0.07561227152659798,-0.004198458421983714
Men's Online Health Providers,Pilot,2023-01-01,0.15987886885099098,0.067731381028833,0.07027799138966667,0.162167054319,3,0.09214748782215798,0.07517293827208334,0.007441557243250338
Men's Online Health Providers,Pilot,2023-04-01,0.20254257711687082,0.07561227152659798,0.08487665778566666,0.17658559077933333,3,0.12693030559027285,0.06120359257012024,-0.014408678956477745
Men's Online Health Providers,Pilot,2023-07-01,0.16170468978760197,0.07517293827208334,0.09015299470433333,0.18612682780233333,3,0.08653175151551863,0.0916956400066368,0.01652270173455346
Men's Online Health Providers,Pilot,2023-10-01,0.14306662404559856,0.06120359257012024,0.06969028006466667,0.176079265711,3,0.08186303147547833,0.06823366925600212,0.007030076685881882
Men's Online Health Providers,Pilot,2024-01-01,0.22909711048805678,0.0916956400066368,0.10786710547933333,0.20897968401333333,3,0.13740147048141998,0.06747042554718488,-0.024225214459451916
Men's Online Health Providers,Pilot,2024-04-01,0.23323802727456236,0.06823366925600212,0.08175783797566666,0.19639811161066667,3,0.16500435801856023,0.07520756218044139,0.0069738929244392706
Men's Online Health Providers,Pilot,2024-07-01,0.22879598794829925,0.06747042554718488,0.07925935392233334,0.17702409715366668,3,0.16132556240111437,0.07291594750282271,0.005445521955637828
Men's Online Health Providers,Rosemary Health,2021-10-01,0,0.08486612600969026,0.10852340968466667,0.063058078903,3,-0.08486612600969026,0.06296123357893038,-0.02190489243075988
Men's Online Health Providers,Rosemary Health,2022-01-01,0.04440063971291649,0.0517429420471119,0.05273883475933333,0.039272442783,3,-0.007342302334195409,0.10233475262355021,0.050591810576438315
Men's Online Health Providers,Rosemary Health,2022-04-01,0.018734998442726913,0.06296123357893038,0.048489504344666666,0.042329375545,3,-0.04422623513620347,0.04606315235593334,-0.01689808122299704
Men's Online Health Providers,Rosemary Health,2022-07-01,0.008942281021037037,0.10233475262355021,0.080354860202,0.05207100058266667,3,-0.09339247160251318,0.029312116697785023,-0.07302263592576519
Men's Online Health Providers,Rosemary Health,2022-10-01,0,0.04606315235593334,0.049073551016,0.060607711668333335,3,-0.04606315235593334,0.02994569678698745,-0.01611745556894589
Men's Online Health Providers,Rosemary Health,2023-01-01,0.007208543812634827,0.029312116697785023,0.031264071388,0.039400202441,3,-0.022103572885150198,0.022318950840478875,-0.006993165857306149
Men's Online Health Providers,Rosemary Health,2023-04-01,0.008214330847971693,0.02994569678698745,0.03356814297633333,0.041327127442,3,-0.021731365939015757,0.022823836301592907,-0.007121860485394545
Men's Online Health Providers,Rosemary Health,2023-07-01,0.004555462759091944,0.022318950840478875,0.026774364313333333,0.03619609415766667,3,-0.01776348808138693,0.02102277794931754,-0.001296172891161334
Men's Online Health Providers,Rosemary Health,2023-10-01,0,0.022823836301592907,0.025821672134666667,0.033517243777,3,-0.022823836301592907,0.03157282123607835,0.008748984934485445
Men's Online Health Providers,Rosemary Health,2024-01-01,0.005864930647195097,0.02102277794931754,0.024727603103333332,0.045067231284333334,3,-0.015157847302122444,0.03121115245895894,0.010188374509641399
Men's Online Health Providers,Rosemary Health,2024-04-01,0.005726605133733072,0.03157282123607835,0.03834305768466667,0.049273554456,3,-0.02584621610234528,0.02495914081751061,-0.006613680418567743
Men's Online Health Providers,Rosemary Health,2024-07-01,0.008629346542563233,0.03121115245895894,0.03736217961766666,0.038296111370333334,3,-0.022581805916395706,0.018822303976691445,-0.012388848482267494
Men's Online Health Providers,Simple Online Doctor,2023-07-01,0,0.07420891365854115,0.089424330006,0.0578540206375,2,-0.07420891365854115,0.06712810542595346,-0.007080808232587693
Men's Online Health Providers,Simple Online Doctor,2023-10-01,0,0.07031496620433414,0.08046998400666666,0.045895716299,3,-0.07031496620433414,0.08126149336247711,0.010946527158142969
Men's Online Health Providers,Simple Online Doctor,2024-01-01,0.007037916776634116,0.06712810542595346,0.08097962529933334,0.049485816101,3,-0.060090188649319344,0.08420823706226607,0.017080131636312612
Men's Online Health Providers,Simple Online Doctor,2024-04-01,0,0.08126149336247711,0.097994566597,0.053297796286666664,3,-0.08126149336247711,0.07002993329333555,-0.011231560069141555
Men's Online Health Providers,Simple Online Doctor,2024-07-01,0.013656904676922705,0.08420823706226607,0.09764289695266666,0.056209852207666666,3,-0.07055133238534336,0.06307829258139443,-0.021129944480871646
Men's Online Health Providers,Stagger,2022-10-01,0.08240785149651214,0.03655681587922778,0.0423674786615,0.0385687237445,2,0.04585103561728436,0.02154870804683441,-0.01500810783239337
Men's Online Health Providers,Stagger,2023-01-01,0.10398495711099393,0.019207406303060948,0.02085985105266667,0.019254632104666665,3,0.08477755080793298,0.015458024118928458,-0.0037493821841324895
Men's Online Health Providers,Stagger,2023-04-01,0.13389169875331017,0.02154870804683441,0.023842269008333333,0.018209335554,3,0.11234299070647576,0.02182563146637165,2.769234195372401e-4
Men's Online Health Providers,Stagger,2023-07-01,0.1362417063215006,0.015458024118928458,0.018531654480333334,0.013265916752666668,3,0.12078368220257213,0.01853541661637328,0.003077392497444823
Men's Online Health Providers,Stagger,2023-10-01,0.07768793862634137,0.02182563146637165,0.025110462123666667,0.02130530667,3,0.05586230715996972,0.015651259176465575,-0.006174372289906076
Men's Online Health Providers,Stagger,2024-01-01,0.16169685214916033,0.01853541661637328,0.022060162446,0.022401173577666668,3,0.14316143553278704,0.026174653873764313,0.007639237257391032
Men's Online Health Providers,Stagger,2024-04-01,0.16781562925969715,0.015651259176465575,0.01913419124066667,0.014525434381000001,3,0.15216437008323158,0.02497441849398389,0.009323159317518315
Men's Online Health Providers,Stagger,2024-07-01,0.11825223687767938,0.026174653873764313,0.030755087256000003,0.026269714931,3,0.09207758300391507,0.025373531177273263,-8.011226964910502e-4
Men's Online Health Providers,The Hairy Pill,2023-07-01,0.0884151813864084,0.027908491852927084,0.033487654768666664,0.08828332988533333,3,0.06050668953348132,0.0434671425922654,0.015558650739338313
Men's Online Health Providers,The Hairy Pill,2023-10-01,0.052702549894423786,0.030302083429811,0.034861175954666666,0.07325798338566666,3,0.022400466464612787,0.029911818600549204,-3.902648292617959e-4
Men's Online Health Providers,The Hairy Pill,2024-01-01,0,0.0434671425922654,0.052268186065,0.07648850193166666,3,-0.0434671425922654,0.027235250690652867,-0.01623189190161253
Men's Online Health Providers,The Hairy Pill,2024-04-01,0.0037585507028489815,0.029911818600549204,0.038458340476666665,0.08900467383766666,3,-0.02615326789770022,0.03217922053639834,0.002267401935849133
Men's Online Health Providers,The Hairy Pill,2024-07-01,0.061319734634623285,0.027235250690652867,0.03205260925133333,0.08651189410633334,3,0.034084483943970414,0.030049888049135165,0.0028146373584822977
News or Media Sources,Hack,2023-07-01,0.013680877026873603,0.052022717644502774,0.06334797520466666,0.126215533076,3,-0.03834184061762917,0.07210393976747435,0.02008122212297158
News or Media Sources,Hack,2023-10-01,0.015442488448517104,0.05849797580861546,0.06676627608166666,0.13639980478933333,3,-0.04305548736009836,0.05604884334083532,-0.0024491324677801407
News or Media Sources,Hack,2024-01-01,0.017808795296449874,0.07210393976747435,0.086409676183,0.15226757721666667,3,-0.05429514447102448,0.06909558904436439,-0.0030083507231099677
News or Media Sources,Hack,2024-04-01,0.02033472406914468,0.05604884334083532,0.06720125961033332,0.13881058675166666,3,-0.03571411927169064,0.061730993488544016,0.005682150147708696
News or Media Sources,Hack,2024-07-01,0.020656916099966036,0.06909558904436439,0.08411242616233333,0.14334491415466666,3,-0.04843867294439835,0.043355151026347405,-0.02574043801801698
News or Media Sources,Nine,2023-07-01,0.07265919081495718,0.5795520712427666,0.70410851457800006,0.8927868694603334,3,-0.5068928804278094,0.5565352579719959,-0.023016813270770764
News or Media Sources,Nine,2023-10-01,0.0779379572826293,0.5825597237732323,0.66652257657,0.8780809266963333,3,-0.504621766490603,0.5727583364028042,-0.009801387370428127
News or Media Sources,Nine,2024-01-01,0.07554667324932084,0.5565352579719959,0.6665183378276667,0.8984788119763333,3,-0.48098858472267503,0.5556036081576808,-9.316498143150387e-4
News or Media Sources,Nine,2024-04-01,0.0866800878944532,0.5727583364028042,0.6876300197806667,0.89389239858,3,-0.48607824850835096,0.5804458562219932,0.007687519819189026
News or Media Sources,Nine,2024-07-01,0.07347373948465695,0.5556036081576808,0.681002179561,0.8692353315856667,3,-0.4821298686730239,0.5856446053714343,0.030040997213753418
News or Media Sources,Pedestrian,2023-07-01,0.0819368232995154,0.03259781950612002,0.039619432723,0.08912190983233334,3,0.04933900379339538,0.033298445815007245,7.006263088872242e-4
News or Media Sources,Pedestrian,2023-10-01,0.07166856173054989,0.03593122086115417,0.041080010002666666,0.10202522473066666,3,0.03573734086939572,0.0389924272280474,0.003061206366893228
News or Media Sources,Pedestrian,2024-01-01,0.10375974437263681,0.033298445815007245,0.039875712441,0.10975142411366667,3,0.07046129855762956,0.05086324040158682,0.017564794586579578
News or Media Sources,Pedestrian,2024-04-01,0.09942588746907065,0.0389924272280474,0.04710884069633334,0.11270765585833334,3,0.06043346024102325,0.038271870609642364,-7.205566184050327e-4
News or Media Sources,Pedestrian,2024-07-01,0.09986314419833081,0.05086324040158682,0.06289045935433334,0.12321033903366667,3,0.04899990379674399,0.03399402553710984,-0.016869214864476983
News or Media Sources,The Daily Aus,2023-07-01,0.005880248465824077,0.04817853525779898,0.058401570602000005,0.10241119602,3,-0.0422982867919749,0.0649003196726407,0.016721784414841727
News or Media Sources,The Daily Aus,2023-10-01,0.00557971535285383,0.052388275860377004,0.059711757792666666,0.10066161137933333,3,-0.046808560507523175,0.04994743979052211,-0.0024408360698548945
News or Media Sources,The Daily Aus,2024-01-01,0.007213618738591212,0.0649003196726407,0.07774498442533333,0.11932827358066667,3,-0.05768670093404949,0.05327371137065084,-0.011626608301989867
News or Media Sources,The Daily Aus,2024-04-01,0.003704413481641718,0.04994743979052211,0.06037611548,0.105940381535,3,-0.04624302630888039,0.06293809326244741,0.012990653471925302
News or Media Sources,The Daily Aus,2024-07-01,0.005467559903172317,0.05327371137065084,0.06589540459633333,0.09950878598133332,3,-0.04780615146747852,0.05736095254611268,0.004087241175461845
News or Media Sources,The Guardian,2023-07-01,0.8258428603928297,0.28764885634881165,0.3500444993303333,0.7492428798123333,3,0.5381940040440181,0.2731620367728819,-0.014486819575929732
News or Media Sources,The Guardian,2023-10-01,0.8293712771854499,0.27062280369662106,0.30923992433266667,0.729896455597,3,0.5587484734888288,0.28225295323779104,0.011630149541169976
News or Media Sources,The Guardian,2024-01-01,0.7956711683430012,0.2731620367728819,0.3273526849866667,0.7352914360863333,3,0.5225091315701194,0.27116385102571705,-0.001998185747164871
News or Media Sources,The Guardian,2024-04-01,0.7898548870856897,0.28225295323779104,0.337605424788,0.7275539780076666,3,0.5076019338478988,0.2566131864173731,-0.025639766820417964
News or Media Sources,The Guardian,2024-07-01,0.8005386403138739,0.27116385102571705,0.3322843267173333,0.6665229716423333,3,0.5293747892881568,0.27964526551899577,0.008481414493278716
Online Market Places,Amazon,2024-01-01,0.14739457048750604,0.24670151201971535,0.663827627478,0.90557821489550006,2,-0.09930694153220931,0.2334628638683375,-0.013238648151377846
Online Market Places,Amazon,2024-04-01,0.2254225376941267,0.2389150144828246,0.6576557545086666,0.914747134489,3,-0.013492476788697888,0.2596504429234801,0.020735428440655512
Online Market Places,Amazon,2024-07-01,0.24591121796988022,0.2334628638683375,0.6231391515123333,0.8819790316773333,3,0.012448354101542713,0.24916000416215836,0.015697140293820855
Online Market Places,Depop,2024-01-01,0.020756637826138596,0.023156530478920717,0.062203328043,0.116735345523,2,-0.0023998926527821207,0.02500691508313961,0.0018503846042188937
Online Market Places,Depop,2024-04-01,0.022758806144594648,0.027948958998318077,0.07675218797433334,0.140423570809,3,-0.005190152853723429,0.027380751760677627,-5.682072376404501e-4
Online Market Places,Depop,2024-07-01,0.021849749582866798,0.02500691508313961,0.06677767100233334,0.13567522028633333,3,-0.0031571655002728127,0.030110046952092698,0.005103131868953087
Online Market Places,Etsy,2024-01-01,0.0861319102184772,0.10090669502906485,0.2715534542445,0.5619015544255,2,-0.014774784810587652,0.10437634397671706,0.0034696489476522124
Online Market Places,Etsy,2024-04-01,0.07827547572899335,0.10801056726681518,0.29709659488533335,0.547595464643,3,-0.029735091537821834,0.10019644667340297,-0.007814120593412216
Online Market Places,Etsy,2024-07-01,0.07883496461177238,0.10437634397671706,0.27881463654099997,0.5320506698863333,3,-0.02554137936494469,0.09748379141369208,-0.006892552563024984
Online Market Places,Facebook Marketplace,2024-01-01,0.1039195456925866,0.17394706781034505,0.46773093974650004,0.7161887450265001,2,-0.07002752211775845,0.18705404234171577,0.013106974531370719
Online Market Places,Facebook Marketplace,2024-04-01,0.09505370683658959,0.17126014194775444,0.47107557637433334,0.7271940903816666,3,-0.07620643511116484,0.17208195234207546,8.218103943210264e-4
Online Market Places,Facebook Marketplace,2024-07-01,0.09182740618855628,0.18705404234171577,0.49915367537666666,0.7093738389356666,3,-0.09522663615315949,0.16958333994498523,-0.017470702396730542
Online Market Places,Grays,2024-01-01,0.015610151029595822,0.04096165217459568,0.110138916462,0.319276275782,2,-0.025351501144999858,0.04307719040639733,0.0021155382318016475
Online Market Places,Grays,2024-04-01,0.013414932957753816,0.036622144918681196,0.10084651868833333,0.309142885399,3,-0.023207211960927378,0.032917293620455625,-0.0037048512982255713
Online Market Places,Grays,2024-07-01,0.013642951163182832,0.04307719040639733,0.11511737794233333,0.29242396348599997,3,-0.029434239243214495,0.04326106771875114,1.8387731235381538e-4
Online Market Places,Gumtree,2024-01-01,0.25060595473255876,0.14971427278530788,0.402667870008,0.7998161160115,2,0.10089168194725087,0.1495851272050442,-1.2914558026369538e-4
Online Market Places,Gumtree,2024-04-01,0.21094125596682545,0.14997905059370095,0.41265990132366664,0.8086864193513333,3,0.060962205373124495,0.14310206779302467,-0.006876982800676279
Online Market Places,Gumtree,2024-07-01,0.19253487963408247,0.1495851272050442,0.39955272496833333,0.798040247774,3,0.042949752429038285,0.15130819470558812,0.0017230675005439344
Online Market Places,eBay,2024-01-01,0.375581230013137,0.2646122697020505,0.7117454148535001,0.937274849487,2,0.1109689603110865,0.25743751711864854,-0.007174752583401944
Online Market Places,eBay,2024-04-01,0.35413328467111643,0.26726412179190556,0.73483346933,0.9241495340053333,3,0.08686916287921087,0.2646710448868835,-0.0025930769050220848
Online Market Places,eBay,2024-07-01,0.355398830849659,0.25743751711864854,0.6873308766513333,0.9050768235503334,3,0.09796131373101047,0.2590935551027324,0.001656037984083869
Online Outlet Retailer,David Jones,2024-04-01,0.00821546570649654,0.4076096027672064,0.47718872665566664,0.7741779516346667,3,-0.39939413706070986,0.4032852234049461,-0.004324379362260322
Online Outlet Retailer,David Jones,2024-07-01,0.009277179010951757,0.38650627051016173,0.44023790684933334,0.7394374467266667,3,-0.37722909149920997,0.41222166145621575,0.025715390946054018
Online Outlet Retailer,Ozsale,2024-04-01,0.05857029355100741,0.1557465209319294,0.18308780414866666,0.29228063116066666,3,-0.09717622738092199,0.1537048935973242,-0.002041627334605195
Online Outlet Retailer,Ozsale,2024-07-01,0.05189992360959641,0.17377077591296622,0.198303485201,0.3003850007796667,3,-0.1218708523033698,0.1576469419765303,-0.016123833936435905
Online Outlet Retailer,THE OUTNET,2024-04-01,0.03334970429733336,0.031126644643351457,0.036517313904,0.057125643414,3,0.002223059653981903,0.03622878025133974,0.005102135607988285
Online Outlet Retailer,THE OUTNET,2024-07-01,0.02885292783307761,0.032273488044401964,0.03692344281966667,0.061899419095666666,3,-0.0034205602113243534,0.02772818402105783,-0.004545304023344136
Online Outlet Retailer,The Archive Place,2024-04-01,0.0012442778285467236,0.01619491610684676,0.018792075377,0.035959391561333334,3,-0.014950638278300038,0.02039466880779358,0.004199752700946819
Online Outlet Retailer,The Archive Place,2024-07-01,0.0013860780264024176,0.03374027659179462,0.038787554318333334,0.05570376831366666,3,-0.0323541985653922,0.022161207315955087,-0.011579069275839533
Online Outlet Retailer,The DOM,2024-04-01,0.021063627291097117,0.021989280561462803,0.025750523543333334,0.040851106825999996,3,-9.256532703656867e-4,0.026469251551143082,0.0044799709896802785
Online Outlet Retailer,The DOM,2024-07-01,0.02370742131845326,0.031144417731153142,0.03615219094766667,0.062967273702,3,-0.0074369964126998825,0.028382515635864233,-0.002761902095288909
Online Outlet Retailer,The Iconic,2024-04-01,0.8775566313255189,0.3673330349892031,0.43011781853233333,0.6503100135113333,3,0.5102235963363158,0.35991718238745324,-0.007415852601749873
Online Outlet Retailer,The Iconic,2024-07-01,0.8848764702015185,0.34256477120952233,0.3905238740013333,0.6373065607506667,3,0.5423116989919962,0.35185948959437674,0.009294718384854406
Outdoor Apparel,Country Road,2023-01-01,0.6734285330435378,0,0,0,3,0.6734285330435378,0,0
Outdoor Apparel,Country Road,2023-04-01,0.6617872447902527,0,0,0,3,0.6617872447902527,0.18921035483866075,0.18921035483866075
Outdoor Apparel,Country Road,2023-07-01,0.5785904311457368,0,0,0,3,0.5785904311457368,0.2752915719433966,0.2752915719433966
Outdoor Apparel,Country Road,2023-10-01,0.6626740464804927,0.18921035483866075,0.2928945415756667,0.4863693717913334,3,0.4734636916418319,0.2811833615110317,0.09197300667237093
Outdoor Apparel,Country Road,2024-01-01,0.6660319008428501,0.2752915719433966,0.43379472773166666,0.7533368139413333,3,0.39074032889945354,0.2809280581963303,0.005636486252933726
Outdoor Apparel,Country Road,2024-04-01,0.6346527894379724,0.2811833615110317,0.4287078911403333,0.6689848204083333,3,0.35346942792694075,0.26731234435532497,-0.01387101715570671
Outdoor Apparel,Country Road,2024-07-01,0.597031665576683,0.2809280581963303,0.4265492092063333,0.6798699154473333,3,0.31610360738035265,0.275445626467458,-0.005482431728872306
Outdoor Apparel,Deus Ex Machina,2023-01-01,0.015051654160238197,0,0,0,3,0.015051654160238197,0,0
Outdoor Apparel,Deus Ex Machina,2023-04-01,0.014701426341296535,0,0,0,3,0.014701426341296535,0.015219122078801354,0.015219122078801354
Outdoor Apparel,Deus Ex Machina,2023-07-01,0.013138624232863319,0,0,0,3,0.013138624232863319,0.024201788162902853,0.024201788162902853
Outdoor Apparel,Deus Ex Machina,2023-10-01,0.013876668751693086,0.015219122078801354,0.023493785668666667,0.042689728533,3,-0.001342453327108268,0.020564624826711335,0.005345502747909981
Outdoor Apparel,Deus Ex Machina,2024-01-01,0.015271326096875978,0.024201788162902853,0.037759350802,0.06790156631566666,3,-0.008930462066026875,0.02185992129608564,-0.0023418668668172132
Outdoor Apparel,Deus Ex Machina,2024-04-01,0.012368353125775392,0.020564624826711335,0.031329097120333334,0.07546341952633333,3,-0.008196271700935943,0.022299690293555018,0.0017350654668436827
Outdoor Apparel,Deus Ex Machina,2024-07-01,0.014723483670339137,0.02185992129608564,0.033155159791666666,0.05767429440833333,3,-0.007136437625746502,0.0308103018603387,0.008950380564253062
Outdoor Apparel,Gazman,2023-01-01,0.04377665714657259,0,0,0,3,0.04377665714657259,0,0
Outdoor Apparel,Gazman,2023-04-01,0.040100856400688584,0,0,0,3,0.040100856400688584,0.059653371623127546,0.059653371623127546
Outdoor Apparel,Gazman,2023-07-01,0.041883799142658724,0,0,0,3,0.041883799142658724,0.08755195972624416,0.08755195972624416
Outdoor Apparel,Gazman,2023-10-01,0.0476643059580646,0.059653371623127546,0.09102145771666667,0.248196340724,3,-0.01198906566506295,0.08542814214404829,0.02577477052092074
Outdoor Apparel,Gazman,2024-01-01,0.04216803380307608,0.08755195972624416,0.13827837865266668,0.36776533095133335,3,-0.04538392592316808,0.08590431528870793,-0.0016476444375362331
Outdoor Apparel,Gazman,2024-04-01,0.043237071987658374,0.08542814214404829,0.13052982458633333,0.30679056359133333,3,-0.04219107015638991,0.1112119265613269,0.02578378441727862
Outdoor Apparel,Gazman,2024-07-01,0.05335882245681055,0.08590431528870793,0.130465164917,0.322560622512,3,-0.03254549283189738,0.09326658950858562,0.0073622742198776875
Outdoor Apparel,Glue Store,2023-01-01,0.057838230156889166,0.15273207594809501,0.12399208095166667,0.21222698651433333,3,-0.09489384579120586,0.12854948653851617,-0.024182589409578847
Outdoor Apparel,Glue Store,2023-04-01,0.050716147618471166,0.13338006551919,0.11289493120733333,0.20262336289366667,3,-0.08266391790071882,0.09461704800897089,-0.0387630175102191
Outdoor Apparel,Glue Store,2023-07-01,0.053470172876032486,0.12854948653851617,0.09102453170899999,0.17988185213266666,3,-0.07507931366248369,0.07064858170657197,-0.0579009048319442
Outdoor Apparel,Glue Store,2023-10-01,0.06178550341409257,0.09461704800897089,0.10863550133833333,0.19388412613233333,3,-0.03283154459487832,0.051038822736772835,-0.043578225272198054
Outdoor Apparel,Glue Store,2024-01-01,0.06042532541310996,0.07064858170657197,0.11036358031599999,0.19331275634666667,3,-0.010223256293462012,0.06211780836625286,-0.008530773340319112
Outdoor Apparel,Glue Store,2024-04-01,0.055512016812621294,0.051038822736772835,0.07720077101866667,0.18052897534166668,3,0.004473194075848459,0.07251128191361852,0.02147245917684569
Outdoor Apparel,Glue Store,2024-07-01,0.05579735676970641,0.06211780836625286,0.094537969408,0.16840924537500002,3,-0.006320451596546449,0.08206732878454097,0.01994952041828811
Outdoor Apparel,Paddy Pallin,2023-01-01,0.030522311898681705,0.1302650891592541,0.104955731929,0.175583986211,3,-0.0997427772605724,0.16408594934109358,0.03382086018183947
Outdoor Apparel,Paddy Pallin,2023-04-01,0.03198445175383828,0.132342313387698,0.11087562689933333,0.188028714315,3,-0.10035786163385972,0.08609778265317314,-0.046244530734524864
Outdoor Apparel,Paddy Pallin,2023-07-01,0.02749579263301105,0.16408594934109358,0.11886382763166665,0.19865620561033334,3,-0.13659015670808253,0.0534337700622929,-0.11065217927880068
Outdoor Apparel,Paddy Pallin,2023-10-01,0.02362714471073506,0.08609778265317314,0.09242943493466667,0.166951711215,3,-0.06247063794243808,0.07226858313835739,-0.013829199514815746
Outdoor Apparel,Paddy Pallin,2024-01-01,0.03129084820946482,0.0534337700622929,0.08534873087966667,0.17150959196466667,3,-0.022142921852828082,0.06598624780455105,0.01255247774225815
Outdoor Apparel,Paddy Pallin,2024-04-01,0.03181602112630352,0.07226858313835739,0.11021100394866666,0.19557425994766667,3,-0.04045256201205387,0.06344563860018033,-0.008822944538177058
Outdoor Apparel,Paddy Pallin,2024-07-01,0.030351824475875488,0.06598624780455105,0.10029166224566667,0.16059304451333334,3,-0.03563442332867556,0.057986216351804974,-0.008000031452746074
Outdoor Apparel,R.M.Williams,2023-01-01,0.08802978116238228,0.5578623541397899,0.445999695071,0.7049917017416667,3,-0.46983257297740766,0.5255059036422387,-0.032356450497551204
Outdoor Apparel,R.M.Williams,2023-04-01,0.08927542653078273,0.5676822973381412,0.47133053032533334,0.7386170552373333,3,-0.4784068708073585,0.3462137244609934,-0.22146857287714783
Outdoor Apparel,R.M.Williams,2023-07-01,0.19097780803517106,0.5255059036422387,0.37375213505,0.6583321950709999,3,-0.33452809560706764,0.24412151318876738,-0.2813843904534713
Outdoor Apparel,R.M.Williams,2023-10-01,0.10298236712004662,0.3462137244609934,0.39770552911,0.675845732581,3,-0.2432313573409468,0.2550813458041174,-0.09113237865687601
Outdoor Apparel,R.M.Williams,2024-01-01,0.09433946828068283,0.24412151318876738,0.38501208383666663,0.6912110413416667,3,-0.14978204490808456,0.2507588585518595,0.006637345363092101
Outdoor Apparel,R.M.Williams,2024-04-01,0.1141321746598255,0.2550813458041174,0.389397929621,0.6384874997963333,3,-0.1409491711442919,0.22834223150184324,-0.02673911430227416
Outdoor Apparel,R.M.Williams,2024-07-01,0.13212568420576987,0.2507588585518595,0.38086369827966665,0.6491283297563333,3,-0.11863317434608961,0.230233370899216,-0.020525487652643476
Outdoor Apparel,Rodd & Gunn,2023-01-01,0.03457862400298202,0.15914048075286102,0.128279256759,0.303740404962,3,-0.124561856749879,0.1818586604781515,0.02271817972529047
Outdoor Apparel,Rodd & Gunn,2023-04-01,0.041592040289414295,0.16659532375497077,0.13915491601933333,0.2742424008236667,3,-0.12500328346555648,0.10637814522953365,-0.06021717852543712
Outdoor Apparel,Rodd & Gunn,2023-07-01,0.04028808437522971,0.1818586604781515,0.12986945908833333,0.2521759117726667,3,-0.14157057610292179,0.0780387755386533,-0.1038198849394982
Outdoor Apparel,Rodd & Gunn,2023-10-01,0.041822373092568144,0.10637814522953365,0.117653303837,0.2613729384303333,3,-0.0645557721369655,0.0681853528236338,-0.038192792405899845
Outdoor Apparel,Rodd & Gunn,2024-01-01,0.037646542823747374,0.0780387755386533,0.12388610749466666,0.2731367396823333,3,-0.04039223271490592,0.08341749349179581,0.0053787179531425144
Outdoor Apparel,Rodd & Gunn,2024-04-01,0.04545886686071999,0.0681853528236338,0.10476689475733333,0.26488079060766667,3,-0.022726485962913816,0.08114112718036105,0.012955774356727248
Outdoor Apparel,Rodd & Gunn,2024-07-01,0.05325796745826205,0.08341749349179581,0.126702115283,0.28010651035966666,3,-0.030159526033533758,0.08284833166748222,-5.691618243135882e-4
Outdoor Apparel,Superdry,2023-01-01,0.03577134619268978,0,0,0,3,0.03577134619268978,0,0
Outdoor Apparel,Superdry,2023-04-01,0.04875625491277385,0,0,0,3,0.04875625491277385,0.0655498372966054,0.0655498372966054
Outdoor Apparel,Superdry,2023-07-01,0.036584343145179526,0,0,0,3,0.036584343145179526,0.11744215062779759,0.11744215062779759
Outdoor Apparel,Superdry,2023-10-01,0.03183903108342583,0.0655498372966054,0.10129188612899999,0.20297523735266668,3,-0.033710806213179574,0.11117576508656098,0.04562592778995557
Outdoor Apparel,Superdry,2024-01-01,0.0347975400677711,0.11744215062779759,0.186497447012,0.35324307941233335,3,-0.08264461056002648,0.09916321589406156,-0.018278934733736027
Outdoor Apparel,Superdry,2024-04-01,0.04430752423902554,0.11117576508656098,0.170548842098,0.30209086074566666,3,-0.06686824084753543,0.10619659984294383,-0.004979165243617148
Outdoor Apparel,Superdry,2024-07-01,0.04268003653117568,0.09916321589406156,0.150379802338,0.265541635128,3,-0.05648317936288588,0.09826459256909935,-8.986233249622111e-4
Outdoor Apparel,Thomas Cook,2023-01-01,0.021002862236026508,0,0,0,3,0.021002862236026508,0,0
Outdoor Apparel,Thomas Cook,2023-04-01,0.021086151362481792,0,0,0,3,0.021086151362481792,0.03706061381013379,0.03706061381013379
Outdoor Apparel,Thomas Cook,2023-07-01,0.017570944414117363,0,0,0,3,0.017570944414117363,0.04926988904337328,0.04926988904337328
Outdoor Apparel,Thomas Cook,2023-10-01,0.013728559388881486,0.03706061381013379,0.057591779915,0.14712383576133334,3,-0.02333205442125231,0.05507400192876633,0.01801338811863254
Outdoor Apparel,Thomas Cook,2024-01-01,0.018029014462421795,0.04926988904337328,0.07825079056233333,0.21936260777533334,3,-0.031240874580951487,0.04986408111035535,5.941920669820661e-4
Outdoor Apparel,Thomas Cook,2024-04-01,0.01851518175009793,0.05507400192876633,0.08403420399866667,0.210757372938,3,-0.036558820178668405,0.04753915975084617,-0.007534842177920165
Outdoor Apparel,Thomas Cook,2024-07-01,0.02067315885537783,0.04986408111035535,0.075927768007,0.19256088007666666,3,-0.029190922254977516,0.04907764189147413,-7.864392188812186e-4
Packaged Snacks,Cadbury,2023-07-01,0.23798663565391748,0.20418366982147634,0.736727662882,0.8904728199034999,2,0.033802965832441134,0.20123015919301127,-0.002953510628465078
Packaged Snacks,Cadbury,2023-10-01,0.27441100060986534,0.20255588974367988,0.719195842783,0.871756097425,3,0.07185511086618546,0.20750365614006525,0.004947766396385361
Packaged Snacks,Cadbury,2024-01-01,0.3180683763677354,0.20123015919301127,0.7478211615936666,0.8818945708573334,3,0.11683821717472412,0.21024468042758387,0.009014521234572609
Packaged Snacks,Cadbury,2024-04-01,0.26611890480190764,0.20750365614006525,0.748551235206,0.887173099233,3,0.058615248661842395,0.21453197314538552,0.007028317005320278
Packaged Snacks,Cadbury,2024-07-01,0.21499086012606536,0.21024468042758387,0.71084132432,0.8284073850396667,3,0.004746179698481484,0.21165631029658144,0.001411629868997566
Packaged Snacks,Carman's,2023-07-01,0.045431696193325155,0.078584872885357,0.28339999326349996,0.5061285970105001,2,-0.03315317669203184,0.08643681745092274,0.007851944565565747
Packaged Snacks,Carman's,2023-10-01,0.036976862289527915,0.08937489101402765,0.317686374725,0.5251696616033333,3,-0.05239802872449974,0.08627256870713622,-0.0031023223068914335
Packaged Snacks,Carman's,2024-01-01,0.04446461766311992,0.08643681745092274,0.3210527587663333,0.5710885949113333,3,-0.041972199787802825,0.08312950146944809,-0.0033073159814746567
Packaged Snacks,Carman's,2024-04-01,0.04826385861542602,0.08627256870713622,0.31117399458666667,0.5337750548233333,3,-0.038008710091710196,0.08969152173995566,0.003418953032819444
Packaged Snacks,Carman's,2024-07-01,0.043673929954567696,0.08312950146944809,0.280827315379,0.4869607281296667,3,-0.03945557151488039,0.0874536044368443,0.004324102967396215
Packaged Snacks,Doritos,2023-07-01,0.14852753974535587,0.1685583889708828,0.6079741835645001,0.8758967719599999,2,-0.02003084922552692,0.16271166227166395,-0.005846726699218846
Packaged Snacks,Doritos,2023-10-01,0.15197201374906896,0.15642966112587334,0.556639251768,0.8511444046776666,3,-0.0044576473768043745,0.15867794160945864,0.002248280483585302
Packaged Snacks,Doritos,2024-01-01,0.1264952103449075,0.16271166227166395,0.6067813217783333,0.8624607027376666,3,-0.03621645192675646,0.1640176460211769,0.0013059837495129623
Packaged Snacks,Doritos,2024-04-01,0.13570947387096322,0.15867794160945864,0.5727482322036667,0.8699532770886667,3,-0.022968467738495424,0.16033528534990216,0.0016573437404435176
Packaged Snacks,Doritos,2024-07-01,0.1367284524089338,0.1640176460211769,0.5543217629523334,0.788252745478,3,-0.027289193612243107,0.15807911327986524,-0.005938532741311675
Packaged Snacks,Oreo,2023-07-01,0.4320572651786656,0.13415545240024357,0.4840253173025,0.861039689564,2,0.29790181277842204,0.1325718873127724,-0.0015835650874711782
Packaged Snacks,Oreo,2023-10-01,0.4145595201409151,0.13360975303931255,0.4739238183316667,0.8349021602310001,3,0.2809497671016026,0.12719370002885785,-0.0064160530104546976
Packaged Snacks,Oreo,2024-01-01,0.38949682884183184,0.1325718873127724,0.4954745661293333,0.8601768738426667,3,0.2569249415290594,0.13615201642517186,0.003580129112399466
Packaged Snacks,Oreo,2024-04-01,0.41370177212786485,0.12719370002885785,0.459257047697,0.8579379919596667,3,0.28650807209900697,0.1265614110741047,-6.322889547531463e-4
Packaged Snacks,Oreo,2024-07-01,0.48056720849640705,0.13615201642517186,0.4604046470573333,0.789922398939,3,0.34441519207123517,0.1279937903596344,-0.008158226065537455
Packaged Snacks,Red Rock Deli,2023-07-01,0.07475503522693376,0.16093892205383215,0.5804864447945,0.7937514399945,2,-0.08618388682689838,0.16386207841262448,0.0029231563587923393
Packaged Snacks,Red Rock Deli,2023-10-01,0.06809146468143781,0.16123017122988062,0.5741481874816666,0.7624185605576667,3,-0.0931387065484428,0.16561979837975105,0.004389627149870429
Packaged Snacks,Red Rock Deli,2024-01-01,0.05848239974759494,0.16386207841262448,0.610966712384,0.813218171132,3,-0.10537967866502954,0.16190229075401136,-0.001959787658613127
Packaged Snacks,Red Rock Deli,2024-04-01,0.07720800399788537,0.16561979837975105,0.597531366975,0.7955993326046666,3,-0.08841179438186568,0.1622472192615598,-0.003372579118191249
Packaged Snacks,Red Rock Deli,2024-07-01,0.06432854676911767,0.16190229075401136,0.5474830259293333,0.728604434541,3,-0.09757374398489368,0.16362519147554974,0.001722900721538384
Packaged Snacks,Ritz,2023-07-01,0.03651216615336152,0.13579716524716595,0.4902405873035,0.8303110918255,2,-0.09928499909380444,0.13349970261977026,-0.002297462627395691
Packaged Snacks,Ritz,2023-10-01,0.030856719967175504,0.14333234699296468,0.509392957081,0.808841738103,3,-0.11247562702578917,0.13897599920583556,-0.004356347787129122
Packaged Snacks,Ritz,2024-01-01,0.03690885801647785,0.13349970261977026,0.49863585582933334,0.822118697918,3,-0.09659084460329241,0.13738966229876992,0.0038899596789996604
Packaged Snacks,Ritz,2024-04-01,0.034107080069780304,0.13897599920583556,0.501420757672,0.8078465818473334,3,-0.10486891913605526,0.13614224605005837,-0.002833753155777191
Packaged Snacks,Ritz,2024-07-01,0.028727445695426724,0.13738966229876992,0.4644608118713333,0.7513366733733333,3,-0.1086622166033432,0.13657942027090456,-8.102420278653655e-4
Packaged Snacks,Sakata,2023-07-01,0.024729661848440637,0.11778152862104224,0.425379349297,0.7038956806605,2,-0.0930518667726016,0.11968769273923495,0.0019061641181927075
Packaged Snacks,Sakata,2023-10-01,0.02313241856200935,0.11346728685426131,0.40447165026666665,0.661794009836,3,-0.09033486829225196,0.11575633592889545,0.0022890490746341335
Packaged Snacks,Sakata,2024-01-01,0.0260837090183326,0.11968769273923495,0.4456277195696667,0.713922026627,3,-0.09360398372090235,0.10716420260383795,-0.012523490135396997
Packaged Snacks,Sakata,2024-04-01,0.024890906516172567,0.11575633592889545,0.417616612466,0.705979178736,3,-0.09086542941272288,0.11049034337903377,-0.005265992549861681
Packaged Snacks,Sakata,2024-07-01,0.030983556549481678,0.10716420260383795,0.362319058369,0.6413778137026667,3,-0.07618064605435627,0.11461256988062032,0.007448367276782372
Retail Establishments,Birkenhead Point,2024-01-01,0.02018443393764261,0.03202373965651812,0.08531202561033333,0.14861432220333334,3,-0.011839305718875509,0.03974438259821079,0.007720642941692668
Retail Establishments,Birkenhead Point,2024-04-01,0.023898209339629196,0.028731803684737295,0.07624544466266667,0.17208925280933335,3,-0.0048335943451080984,0.040387009697601124,0.01165520601286383
Retail Establishments,Birkenhead Point,2024-07-01,0.024134343084964458,0.03974438259821079,0.10456158468333333,0.170731205004,3,-0.01561003951324633,0.040170521833135873,4.261392349250853e-4
Retail Establishments,Chadstone,2024-01-01,0.24667001320481774,0.06446631026356137,0.171759413919,0.337521631486,3,0.18220370294125637,0.0655152389318048,0.0010489286682434373
Retail Establishments,Chadstone,2024-04-01,0.22250426551405467,0.07495002565308471,0.19832381876266666,0.3285568699156667,3,0.14755423986096994,0.06493353713399011,-0.010016488519094605
Retail Establishments,Chadstone,2024-07-01,0.2497516120681792,0.0655152389318048,0.17334079290266666,0.35065801184266665,3,0.1842363731363744,0.06372593683850919,-0.0017893020932956138
Retail Establishments,DFO,2024-01-01,0.015103037131928112,0.18936796627976263,0.5038496618266667,0.692606996108,3,-0.1742649291478345,0.1917479818337877,0.002380015554025061
Retail Establishments,DFO,2024-04-01,0.015205056820029421,0.18807613624780317,0.49852904127,0.6845181172743333,3,-0.17287107942777374,0.18595907458025268,-0.0021170616675504905
Retail Establishments,DFO,2024-07-01,0.017720388469099842,0.1917479818337877,0.5064460835236666,0.6700767421886666,3,-0.17402759336468784,0.18284222384878981,-0.008905757984997875
Retail Establishments,Harbour Town,2024-01-01,0.024379527182596863,0.08716683447578415,0.23180822908133333,0.368968719281,3,-0.06278730729318728,0.07896964121352124,-0.008197193262262911
Retail Establishments,Harbour Town,2024-04-01,0.015915372463202467,0.07658713047631785,0.20269785926933334,0.346376655039,3,-0.06067175801311538,0.07879437592734218,0.0022072454510243256
Retail Establishments,Harbour Town,2024-07-01,0.019891786666871674,0.07896964121352124,0.207953614998,0.326857273678,3,-0.05907785454664956,0.08064756790104999,0.0016779266875287524
Retail Establishments,Myer,2024-01-01,0,0.24536475846482586,0.6528255845416666,0.9035665111246667,3,-0.24536475846482586,0.24480000870134616,-5.647497634796994e-4
Retail Establishments,Myer,2024-04-01,0,0.23816907417239358,0.6304487453613333,0.9033550453066667,3,-0.23816907417239358,0.24437201935339067,0.006202945180997094
Retail Establishments,Myer,2024-07-01,0,0.24480000870134616,0.6460301853486666,0.8883312372973333,3,-0.24480000870134616,0.2413049361466093,-0.0034950725547368555
Retail Establishments,The DOM,2024-01-01,0.011902555571699136,0.005944399348301904,0.015819254314333335,0.024636757743666665,3,0.005958156223397232,0.006600761787738759,6.563624394368547e-4
Retail Establishments,The DOM,2024-04-01,0.011767225400370377,0.005388825606986371,0.014390348896333333,0.027408119456333334,3,0.006378399793384006,0.005441353098699178,5.2527491712806886e-5
Retail Establishments,The DOM,2024-07-01,0.014318124024757623,0.006600761787738759,0.017530024022,0.030749452476666668,3,0.007717362237018864,0.0047542010451657474,-0.0018465607425730115
Retail Establishments,The Iconic,2024-01-01,0.34094824172527377,0.10282971980612714,0.27371419345233333,0.56274150973,3,0.23811852191914662,0.0991316633547932,-0.0036980564513339337
Retail Establishments,The Iconic,2024-04-01,0.3431794860254669,0.11111287642332486,0.294106345125,0.585708744806,3,0.23206660960214204,0.09362888610735452,-0.017483990315970338
Retail Establishments,The Iconic,2024-07-01,0.37727760917473036,0.0991316633547932,0.2616443268063333,0.5220830806436667,3,0.2781459458199371,0.09607551197419,-0.0030561513806032087
Retail Establishments,Westfield,2024-01-01,0.3408121912460418,0.2728362717051188,0.7261762821493333,0.9011122054526667,3,0.06797591954092297,0.2734903215787974,6.540498736785638e-4
Retail Establishments,Westfield,2024-04-01,0.3675303844372469,0.27698412773535214,0.733794282972,0.8839640964093333,3,0.09054625670189476,0.28648374410136945,0.009499616366017316
Retail Establishments,Westfield,2024-07-01,0.2969061365113968,0.2734903215787974,0.721309837292,0.8779789249403334,3,0.02341581493259942,0.29047910041255004,0.01698877883375266
Reusable Bottles,Fressko,2023-10-01,0.0016686085799395916,0.030041641717944993,0.026695766821,0.044072027251666666,3,-0.0283730331380054,0.02664909829000967,-0.003392543427935324
Reusable Bottles,Fressko,2024-01-01,0.0022701396770288705,0.019304563241125786,0.020971806556666667,0.05243325874866667,3,-0.017034423564096915,0.019151462876973033,-1.5310036415275285e-4
Reusable Bottles,Fressko,2024-04-01,0.0027153100258694002,0.02664909829000967,0.02910152949233333,0.05473040314633333,3,-0.02393378826414027,0.026131060420858603,-5.180378691510661e-4
Reusable Bottles,Fressko,2024-07-01,0.00287673393742044,0.019151462876973033,0.021002723433,0.044234714907333335,3,-0.016274728939552594,0.02750076990317198,0.008349307026198946
Reusable Bottles,Hydro Flask,2023-10-01,0.02386613666544456,0.13023608641839018,0.11596436596833334,0.186860680542,3,-0.10636994975294563,0.10125771195414202,-0.02897837446424817
Reusable Bottles,Hydro Flask,2024-01-01,0.031177928682083935,0.11950692605530146,0.130709239651,0.220292151259,3,-0.08832899737321752,0.10995244472789173,-0.009554481327409728
Reusable Bottles,Hydro Flask,2024-04-01,0.02579175135584864,0.10125771195414202,0.113029133514,0.214488040363,3,-0.07546596059829337,0.09508446970975357,-0.006173242244388449
Reusable Bottles,Hydro Flask,2024-07-01,0.023143115910770097,0.10995244472789173,0.11926135200333333,0.22046135621066668,3,-0.08680932881712164,0.08226241847601373,-0.027690026251877997
Reusable Bottles,Owala,2024-04-01,0.06566369336582598,0.03788786148192761,0.040951214004,0.05448618163233333,3,0.027775831883898365,0.044275612925921456,0.006387751443993846
Reusable Bottles,Owala,2024-07-01,0.08765010510075201,0.037711558295576826,0.040932987532000004,0.06104254215766667,3,0.049938546805175184,0.04918137982551366,0.011469821529936836
Reusable Bottles,Smash,2023-10-01,0.10063767787578161,0.22091504903079906,0.193406563876,0.314674305104,3,-0.12027737115501745,0.18555638205691996,-0.0353586669738791
Reusable Bottles,Smash,2024-01-01,0.1355604150651211,0.17259560847806035,0.18883597000266666,0.3527845167656667,3,-0.03703519341293926,0.19609605639690503,0.023500447918844675
Reusable Bottles,Smash,2024-04-01,0.16832914204604404,0.18555638205691996,0.20272231073966668,0.343836714822,3,-0.017227240010875916,0.154766675343612,-0.030789706713307968
Reusable Bottles,Smash,2024-07-01,0.1614192605213029,0.19609605639690503,0.21272089162033334,0.35210614037033333,3,-0.03467679587560213,0.1742714009138062,-0.021824655483098837
Reusable Bottles,Stanley,2023-10-01,0.0015435438232224595,0.14888170965432065,0.13228815432366667,0.204814359066,3,-0.14733816583109818,0.19805833773099243,0.04917662807667178
Reusable Bottles,Stanley,2024-01-01,0.0052437108352618245,0.17113777043076892,0.18648742115233333,0.35378617833666665,3,-0.1658940595955071,0.16284221099276835,-0.00829555943800056
Reusable Bottles,Stanley,2024-04-01,0.013522221336804495,0.19805833773099243,0.21791447985366666,0.37255057558533333,3,-0.18453611639418793,0.16949508501473246,-0.02856325271625998
Reusable Bottles,Stanley,2024-07-01,0.04478145435412409,0.16284221099276835,0.17668641244433334,0.33012853230899997,3,-0.11806075663864427,0.18361297445589264,0.020770763463124287
Reusable Bottles,Waterdrop,2023-10-01,0.001426741625344955,0,0,0,3,0.001426741625344955,0,0
Reusable Bottles,Waterdrop,2024-01-01,0.005127971749884844,0,0,0,3,0.005127971749884844,0.017160599730427238,0.017160599730427238
Reusable Bottles,Waterdrop,2024-04-01,0.0026081016928560497,0,0,0,3,0.0026081016928560497,0.028838916259806335,0.028838916259806335
Reusable Bottles,Waterdrop,2024-07-01,0.0022414463341261107,0.017160599730427238,0.018511815404666666,0.033175928153,3,-0.014919153396301128,0.024979102630102293,0.007818502899675055
Reusable Bottles,Yeti,2023-10-01,0.4782392342483596,0.2525850285514996,0.22197448895733335,0.3122221363523333,3,0.22565420569686,0.2528769213109817,2.9189275948210414e-4
Reusable Bottles,Yeti,2024-01-01,0.4450027073691697,0.28394872017453066,0.312183683486,0.44583944940833337,3,0.16105398719463904,0.24772466862289405,-0.036224051551636605
Reusable Bottles,Yeti,2024-04-01,0.41800382681527715,0.2528769213109817,0.27875339558233336,0.39907323855766663,3,0.16512690550429543,0.27772084228410104,0.024843920973119327
Reusable Bottles,Yeti,2024-07-01,0.45216417204277,0.24772466862289405,0.2663286244636667,0.38744106050033333,3,0.20443950341987593,0.2488798324190195,0.001155163796125458
Reusable Bottles,frank green,2023-10-01,0.36748670839981507,0.21734048462704555,0.190818250321,0.30442652192566666,3,0.1501462237727695,0.19771368717502663,-0.019626797452018924
Reusable Bottles,frank green,2024-01-01,0.3217040820101303,0.22500283279594088,0.24612153104233334,0.408330127042,3,0.0967012492141894,0.20936099835656372,-0.015641834439377167
Reusable Bottles,frank green,2024-04-01,0.30336595336147426,0.19771368717502663,0.217779225773,0.3834298625986667,3,0.10565226618644763,0.20368733804121453,0.005973650866187896
Reusable Bottles,frank green,2024-07-01,0.22572371179873438,0.20936099835656372,0.22699466589700001,0.361122174131,3,0.016362713442170662,0.20931212137647998,-4.887698008373964e-5
Skincare,Avène,2021-10-01,0.1693352070159548,0.3082348288321015,0.329158566775,0.509529893524,3,-0.1388996218161467,0.33224461940444777,0.024009790572346257
Skincare,Avène,2022-01-01,0.15659287040014325,0.31832759902798974,0.32067805769266666,0.544376690184,3,-0.1617347286278465,0.2928161407615116,-0.02551145826647816
Skincare,Avène,2022-04-01,0.15481087499446686,0.33224461940444777,0.3249333291236667,0.5643365505493334,3,-0.17743374440998091,0.30658457220220964,-0.025660047202238134
Skincare,Avène,2022-07-01,0.13653509418868068,0.2928161407615116,0.3014658641483333,0.5498180279416667,3,-0.1562810465728309,0.293135184637141,3.1904387562942116e-4
Skincare,Avène,2022-10-01,0.1270498288332519,0.30658457220220964,0.342181463072,0.5674427928683333,3,-0.17953474336895775,0.2747918616575499,-0.031792710544659764
Skincare,Avène,2023-01-01,0.13717160859147892,0.293135184637141,0.32382767409933333,0.5339815149746667,3,-0.15596357604566208,0.31518962016450086,0.02205443552735986
Skincare,Avène,2023-04-01,0.15433648570592767,0.2747918616575499,0.30684949463899996,0.5711869136909999,3,-0.1204553759516222,0.32134188194438795,0.04655002028683808
Skincare,Avène,2023-07-01,0.16948811032965058,0.31518962016450086,0.33205355038766665,0.553048078971,3,-0.14570150983485028,0.32652975848024235,0.011340138315741488
Skincare,Avène,2023-10-01,0.1559484797652276,0.32134188194438795,0.34640138422033334,0.5549551177896667,3,-0.16539340217916035,0.3181686511980704,-0.0031732307463175347
Skincare,Avène,2024-01-01,0.15470324865399637,0.32652975848024235,0.3704865306976667,0.5852702541746667,3,-0.17182650982624598,0.3114487073320963,-0.015081051148146063
Skincare,Avène,2024-04-01,0.16790989404009296,0.3181686511980704,0.3608195341773333,0.609622691184,3,-0.15025875715797746,0.2939093644992089,-0.024259286698861515
Skincare,Avène,2024-07-01,0.16323105273455105,0.3114487073320963,0.360830277307,0.5654437818576666,3,-0.14821765459754524,0.28306964568051757,-0.02837906165157872
Skincare,Dr Dennis Gross,2021-10-01,0.07084647433093981,0.10036987656956099,0.106960291877,0.06637142838733334,3,-0.029523402238621183,0.08860380663965166,-0.011766069929909334
Skincare,Dr Dennis Gross,2022-01-01,0.07296261452287553,0.08517389758673571,0.08621382434533333,0.07318597179133333,3,-0.012211283063860184,0.10530138460821147,0.02012748702147575
Skincare,Dr Dennis Gross,2022-04-01,0.05985177157256746,0.08860380663965166,0.08632122693666666,0.08564089259933333,3,-0.0287520350670842,0.09188027085813402,0.003276464218482364
Skincare,Dr Dennis Gross,2022-07-01,0.054227810239756806,0.10530138460821147,0.10971487686966666,0.07626370026266666,3,-0.05107357436845466,0.08909935838822505,-0.016202026219986412
Skincare,Dr Dennis Gross,2022-10-01,0.059735381911406,0.09188027085813402,0.10370698236633333,0.11650629087166667,3,-0.03214488894672802,0.09391506036310164,0.0020347895049676185
Skincare,Dr Dennis Gross,2023-01-01,0.058253837309141826,0.08909935838822505,0.098795062585,0.07467520992233333,3,-0.030845521079083227,0.07622098658010658,-0.012878371808118474
Skincare,Dr Dennis Gross,2023-04-01,0.06125956433318572,0.09391506036310164,0.106320800061,0.10490239021466667,3,-0.03265549602991592,0.07369223074929011,-0.020222829613811527
Skincare,Dr Dennis Gross,2023-07-01,0.0568146147737587,0.07622098658010658,0.08027813576166666,0.069589530431,3,-0.019406371806347876,0.08206331789829736,0.0058423313181907854
Skincare,Dr Dennis Gross,2023-10-01,0.0596523355475636,0.07369223074929011,0.07953826453933334,0.08164594620599999,3,-0.014039895201726514,0.07991248106618346,0.0062202503168933415
Skincare,Dr Dennis Gross,2024-01-01,0.056844717515704406,0.08206331789829736,0.093198822325,0.09402208261166667,3,-0.025218600382592958,0.09573622758279994,0.013672909684502577
Skincare,Dr Dennis Gross,2024-04-01,0.04926264729979691,0.07991248106618346,0.090558377781,0.12515804862966667,3,-0.030649833766386546,0.08608880418196298,0.006176323115779522
Skincare,Dr Dennis Gross,2024-07-01,0.05453289663537666,0.09573622758279994,0.109959593488,0.11499939728633334,3,-0.04120333094742328,0.09356985028691839,-0.0021663772958815525
Skincare,Go-To,2021-10-01,0,0.07771941896526961,0.083381488608,0.04684808341233333,3,-0.07771941896526961,0.0765406357192906,-0.0011787832459790176
Skincare,Go-To,2022-01-01,0,0.08629597450300323,0.08732525321033334,0.08472413636366666,3,-0.08629597450300323,0.08547447160688043,-8.215028961228027e-4
Skincare,Go-To,2022-04-01,0.027063057786239506,0.0765406357192906,0.07465378421266666,0.08077046074733334,3,-0.04947757793305109,0.0831906366277087,0.006650000908418108
Skincare,Go-To,2022-07-01,0.07993121647514427,0.08547447160688043,0.08980313408966667,0.07870714844666667,3,-0.005543255131736161,0.09136083255634042,0.00588636094945999
Skincare,Go-To,2022-10-01,0.08828223865679868,0.0831906366277087,0.09289671938933333,0.07299514777533334,3,0.005091602029089981,0.0961907982692787,0.013000161641570002
Skincare,Go-To,2023-01-01,0.05690271945052461,0.09136083255634042,0.10191233811633334,0.08476642342233333,3,-0.03445811310581581,0.0747225874635934,-0.016638245092747014
Skincare,Go-To,2023-04-01,0.06604703187679516,0.0961907982692787,0.10815243005933334,0.09911437662733333,3,-0.030143766392483548,0.08104150158630548,-0.015149296682973226
Skincare,Go-To,2023-07-01,0.042459798546820283,0.0747225874635934,0.07870080660933333,0.073645187507,3,-0.03226278891677312,0.06974770617145325,-0.00497488129214016
Skincare,Go-To,2023-10-01,0.05832067878827503,0.08104150158630548,0.08751243935333333,0.07938646239366666,3,-0.02272082279803045,0.0802324408349729,-8.090607513325798e-4
Skincare,Go-To,2024-01-01,0.03609899995177259,0.06974770617145325,0.079133214804,0.092227676415,3,-0.033648706219680656,0.08035694594433722,0.010609239772883972
Skincare,Go-To,2024-04-01,0.041559136720353884,0.0802324408349729,0.09189690803466666,0.10115599798333333,3,-0.038673304114619014,0.07957562184256287,-6.568189924100326e-4
Skincare,Go-To,2024-07-01,0.036062504422325455,0.08035694594433722,0.09534101816133334,0.08934100703833334,3,-0.044294441522011764,0.06735253396453417,-0.013004411979803052
Skincare,La Roche-Posay,2021-10-01,0.5681314234305619,0.266353949621609,0.28300306480233334,0.4064381459406667,3,0.30177747380895287,0.30037325967349593,0.03401931005188691
Skincare,La Roche-Posay,2022-01-01,0.5285262763499003,0.2886208303216635,0.29055001500233335,0.4397269960026667,3,0.23990544602823682,0.28434614337505165,-0.004274686946611872
Skincare,La Roche-Posay,2022-04-01,0.521149714555098,0.30037325967349593,0.29349748427899996,0.42929763225166667,3,0.22077645488160202,0.29105995077687735,-0.009313308896618577
Skincare,La Roche-Posay,2022-07-01,0.5578386117876053,0.28434614337505165,0.2948502406163333,0.45306607874966665,3,0.27349246841255365,0.2915982598404657,0.007252116465414071
Skincare,La Roche-Posay,2022-10-01,0.5627719908692105,0.29105995077687735,0.32263291236866665,0.4700344062253333,3,0.27171204009233313,0.29270711310794234,0.0016471623310649885
Skincare,La Roche-Posay,2023-01-01,0.5712029560235026,0.2915982598404657,0.3212619356336667,0.458535455453,3,0.27960469618303685,0.2945047768778931,0.002906517037427392
Skincare,La Roche-Posay,2023-04-01,0.5471164420893614,0.29270711310794234,0.32760659342933335,0.49640678135433336,3,0.25440932898141905,0.3098185570047268,0.017111443896784484
Skincare,La Roche-Posay,2023-07-01,0.5729584095462276,0.2945047768778931,0.3100746084643333,0.4622052362103333,3,0.27845363266833445,0.3142772476482054,0.0197724707703123
Skincare,La Roche-Posay,2023-10-01,0.5708049806817217,0.3098185570047268,0.3352328714096667,0.478724212239,3,0.26098642367699487,0.31527986247005335,0.005461305465326527
Skincare,La Roche-Posay,2024-01-01,0.6027290264522702,0.3142772476482054,0.35660961510233335,0.5252153030733333,3,0.2884517788040648,0.32665524996575435,0.01237800231754893
Skincare,La Roche-Posay,2024-04-01,0.5847765375243494,0.31527986247005335,0.35792125857,0.5464645487473333,3,0.2694966750542961,0.33784270591396764,0.022562843443914293
Skincare,La Roche-Posay,2024-07-01,0.5899344055520602,0.32665524996575435,0.37558675201133335,0.5268908914036667,3,0.2632791555863059,0.3679317831829293,0.04127653321717495
Skincare,SkinCeuticals,2021-10-01,0.11604732820359097,0.1787434673217848,0.19153510181466668,0.21251540402233332,3,-0.06269613911819384,0.14002945318288315,-0.03871401413890166
Skincare,SkinCeuticals,2022-01-01,0.11552802417702546,0.14685991547024269,0.14826165570433333,0.252315062315,3,-0.03133189129321723,0.162273632849651,0.015413717379408304
Skincare,SkinCeuticals,2022-04-01,0.11635638707303636,0.14002945318288315,0.13681543163866666,0.24743118975033335,3,-0.02367306610984679,0.15004124229656698,0.010011789113683833
Skincare,SkinCeuticals,2022-07-01,0.0879002699709584,0.162273632849651,0.16571642207766668,0.2800865174166667,3,-0.07437336287869259,0.16415405858406878,0.0018804257344177955
Skincare,SkinCeuticals,2022-10-01,0.08971692255094404,0.15004124229656698,0.168679246599,0.26677857674,3,-0.06032431974562294,0.1788506273698759,0.028809385073308907
Skincare,SkinCeuticals,2023-01-01,0.08364547132456146,0.16415405858406878,0.180700964727,0.259541472361,3,-0.08050858725950732,0.16514551773642094,9.914591523521588e-4
Skincare,SkinCeuticals,2023-04-01,0.08732377145884822,0.1788506273698759,0.19948288456666666,0.2948610554966667,3,-0.09152685591102767,0.15888524519667846,-0.019965382173197432
Skincare,SkinCeuticals,2023-07-01,0.08252239023866556,0.16514551773642094,0.17430044708866665,0.25568947117033336,3,-0.08262312749775538,0.16093219510312656,-0.004213322633294381
Skincare,SkinCeuticals,2023-10-01,0.08866538632758492,0.15888524519667846,0.17219783497066665,0.25972077050066666,3,-0.07021985886909354,0.1490967095188487,-0.009788535677829752
Skincare,SkinCeuticals,2024-01-01,0.06916096258409585,0.16093219510312656,0.18268026432233334,0.3021260926173333,3,-0.09177123251903072,0.13373231549820744,-0.027199879604919125
Skincare,SkinCeuticals,2024-04-01,0.07135075639410136,0.1490967095188487,0.16998086602133333,0.28582873424033334,3,-0.07774595312474734,0.14840102331498173,-6.956862038669798e-4
Skincare,SkinCeuticals,2024-07-01,0.07322069393025193,0.13373231549820744,0.15482716649199998,0.26953466915766666,3,-0.060511621567955504,0.1384388811854306,0.004706565687223163
Skincare,Software,2021-10-01,0.07563956701895255,0.06857845868967413,0.07314370264733333,0.048847995133,3,0.0070611083292784205,0.062208225380230894,-0.006370233309443238
Skincare,Software,2022-01-01,0.12639021455005545,0.07472178309036508,0.075360713829,0.067925657563,3,0.05166843145969037,0.06978822679869394,-0.004933556291671137
Skincare,Software,2022-04-01,0.12076819401859187,0.062208225380230894,0.060547265717333335,0.07567716969766666,3,0.05855996863836098,0.0772433272385033,0.015035101858272407
Skincare,Software,2022-07-01,0.08356699733785447,0.06978822679869394,0.07301049641966667,0.054203841465,3,0.013778770539160531,0.07065230599375899,8.640791950650512e-4
Skincare,Software,2022-10-01,0.0724436371783889,0.0772433272385033,0.085777045924,0.10234971315766667,3,-0.004799690060114395,0.06354453923225159,-0.013698788006251711
Skincare,Software,2023-01-01,0.09282340730079063,0.07065230599375899,0.07799024790766666,0.09283042360866667,3,0.022171101307031635,0.07421651117748507,0.003564205183726077
Skincare,Software,2023-04-01,0.08391670453588179,0.06354453923225159,0.071397442224,0.07766940632,3,0.020372165303630202,0.05522058351861119,-0.008323955713640398
Skincare,Software,2023-07-01,0.0757566765648773,0.07421651117748507,0.07803338034133334,0.09121162959333333,3,0.0015401653873922394,0.046449774698675006,-0.02776673647881006
Skincare,Software,2023-10-01,0.06660813888962717,0.05522058351861119,0.06088281812833333,0.072309287086,3,0.011387555371015982,0.05730985491187117,0.002089271393259977
Skincare,Software,2024-01-01,0.08046304484216052,0.046449774698675006,0.052702940253,0.07303365625533334,3,0.03401327014348551,0.05207055367680476,0.005620778978129751
Skincare,Software,2024-04-01,0.08514102802130552,0.05730985491187117,0.06624168724766666,0.07424708898333333,3,0.02783117310943435,0.05418248024731593,-0.0031273746645552394
Skincare,Software,2024-07-01,0.08301844672543465,0.05207055367680476,0.06126800940966667,0.076531041263,3,0.030947893048629896,0.049637305699669995,-0.0024332479771347615
Skincare (Female Only),Aesop,2023-01-01,0.06979904581839856,0,0,0,3,0.06979904581839856,0,0
Skincare (Female Only),Aesop,2023-04-01,0.07097560729150225,0,0,0,3,0.07097560729150225,0.04541569234270142,0.04541569234270142
Skincare (Female Only),Aesop,2023-07-01,0.05708702724197148,0,0,0,3,0.05708702724197148,0.03242020973515427,0.03242020973515427
Skincare (Female Only),Aesop,2023-10-01,0.06437075612379944,0.04541569234270142,0.160885186718,0.399739358986,3,0.01895506378109802,0,-0.04541569234270142
Skincare (Female Only),Aesop,2024-01-01,0.04923650270631928,0.03242020973515427,0.11897789266766666,0.289082513868,3,0.016816292971165013,0,-0.03242020973515427
Skincare (Female Only),Aesop,2024-04-01,0.05752238688215467,0,0,0,3,0.05752238688215467,0,0
Skincare (Female Only),Aesop,2024-07-01,0.05938693454179596,0,0,0,3,0.05938693454179596,0,0
Skincare (Female Only),Avène,2023-01-01,0.026214436936128634,0.15189810857671757,0.256688645212,0.548637284162,3,-0.12568367164058894,0.09284438148201124,-0.059053727094706326
Skincare (Female Only),Avène,2023-04-01,0.030370459010372733,0.09872270550312334,0.2503275856,0.5040717421626667,3,-0.06835224649275061,0.06386077240899238,-0.034861933094130965
Skincare (Female Only),Avène,2023-07-01,0.03436694013887735,0.09284438148201124,0.25468993020933334,0.535900969904,3,-0.05847744134313389,0.05628426974551501,-0.03656011173649623
Skincare (Female Only),Avène,2023-10-01,0.02432818647271754,0.06386077240899238,0.22543247434166666,0.5291359071153333,3,-0.03953258593627484,0.0682595584305726,0.0043987860215802255
Skincare (Female Only),Avène,2024-01-01,0.02820609494210724,0.05628426974551501,0.20367138204933333,0.532684335654,3,-0.02807817480340777,0.06873406905899375,0.01244979931347874
Skincare (Female Only),Avène,2024-04-01,0.030676633535290005,0.0682595584305726,0.23388803452633333,0.5327303861430001,3,-0.0375829248952826,0.07005273292300158,0.001793174492428981
Skincare (Female Only),Avène,2024-07-01,0.03228041674476205,0.06873406905899375,0.22789871833733333,0.5230229144523333,3,-0.0364536523142317,0.06851993646415341,-2.1413259484033553e-4
Skincare (Female Only),Bangn Body,2023-01-01,0,0.016805639126979344,0.035430637800333335,0.060709825722666665,3,-0.016805639126979344,0.012621110015063783,-0.004184529111915561
Skincare (Female Only),Bangn Body,2023-04-01,0,0.0187793986740535,0.047804125718666664,0.086917251219,3,-0.0187793986740535,0.009933118444580025,-0.008846280229473475
Skincare (Female Only),Bangn Body,2023-07-01,9.190397041656536e-4,0.012621110015063783,0.034672704867333336,0.08045189461233333,3,-0.01170207031089813,0.013226518368234998,6.054083531712145e-4
Skincare (Female Only),Bangn Body,2023-10-01,0.003926443630500431,0.009933118444580025,0.035308622175333336,0.07563178426366667,3,-0.006006674814079594,0.010832341176950368,8.992227323703431e-4
Skincare (Female Only),Bangn Body,2024-01-01,0.003358109857846763,0.013226518368234998,0.048474860603,0.10637043367066666,3,-0.009868408510388234,0.011156900947996063,-0.002069617420238935
Skincare (Female Only),Bangn Body,2024-04-01,0.002830904524735929,0.010832341176950368,0.037106360395333333,0.098219980328,3,-0.00800143665221444,0.009043863777379993,-0.0017884773995703752
Skincare (Female Only),Bangn Body,2024-07-01,0.0043887962964031905,0.011156900947996063,0.036981012248666664,0.09052619857233334,3,-0.006768104651592872,0.011925650774230506,7.687498262344428e-4
Skincare (Female Only),Benzac,2023-01-01,0.011055547416702387,0.008739182482578154,0.019415803175666668,0.05226148956066667,3,0.0023163649341242324,0.021085435627077164,0.01234625314449901
Skincare (Female Only),Benzac,2023-04-01,0.011773207425779586,0.01993244952769421,0.05054831910833333,0.131778590082,3,-0.008159242101914623,0.019185244072107293,-7.472054555869162e-4
Skincare (Female Only),Benzac,2023-07-01,0.01039169909691304,0.021085435627077164,0.057494934211,0.17711331658166665,3,-0.010693736530164123,0.013567334426680096,-0.007518101200397068
Skincare (Female Only),Benzac,2023-10-01,0.009167544371635469,0.019185244072107293,0.06797671036133333,0.16825539259033334,3,-0.010017699700471824,0.01622700317295677,-0.0029582408991505223
Skincare (Female Only),Benzac,2024-01-01,0.01040690871798495,0.013567334426680096,0.049502402934333334,0.15460048886066666,3,-0.0031604257086951457,0.011284507607557195,-0.0022828268191229014
Skincare (Female Only),Benzac,2024-04-01,0.01166697790978151,0.01622700317295677,0.05555815226066667,0.141282416842,3,-0.00456002526317526,0.018393373603519156,0.002166370430562385
Skincare (Female Only),Benzac,2024-07-01,0.011717912778984789,0.011284507607557195,0.03744131823933333,0.13624724581433334,3,4.334051714275939e-4,0.016111138089262966,0.004826630481705771
Skincare (Female Only),Bondi Sands,2023-01-01,0.04975852889821811,0.14881626414426927,0.24000205756833332,0.5088294047206666,3,-0.09905773524605116,0.07903803983518225,-0.06977822430908702
Skincare (Female Only),Bondi Sands,2023-04-01,0.04368541406503125,0.07770215372547315,0.196753188454,0.476874967764,3,-0.0340167396604419,0.06287673758030338,-0.014825416145169773
Skincare (Female Only),Bondi Sands,2023-07-01,0.05134593939980029,0.07903803983518225,0.217412734298,0.5111494336366667,3,-0.027692100435381957,0.060689282541190374,-0.018348757293991873
Skincare (Female Only),Bondi Sands,2023-10-01,0.046444347887874264,0.06287673758030338,0.222152736337,0.5175338797016666,3,-0.016432389692429113,0.06056051524700204,-0.0023162223333013376
Skincare (Female Only),Bondi Sands,2024-01-01,0.03597865665077719,0.060689282541190374,0.22175759044833332,0.5675652763513334,3,-0.024710625890413188,0.05642495957177462,-0.004264322969415757
Skincare (Female Only),Bondi Sands,2024-04-01,0.03178138883038457,0.06056051524700204,0.20751622993466667,0.5297596285853333,3,-0.028779126416617472,0.05197372842692377,-0.008586786820078268
Skincare (Female Only),Bondi Sands,2024-07-01,0.04089483161079795,0.05642495957177462,0.18713558444666667,0.4855988030223333,3,-0.015530127960976664,0.047744315010781975,-0.008680644560992642
Skincare (Female Only),Boost Lab,2024-04-01,0.007733061790882752,0.008555244522457048,0.029225380933000002,0.08541534405666666,3,-8.221827315742962e-4,0.01750694382343422,0.008951699300977172
Skincare (Female Only),Boost Lab,2024-07-01,0.00806746924634574,0.009834085765771897,0.032629610554,0.097528952491,3,-0.001766616519426157,0.008725101664174593,-0.0011089841015973038
Skincare (Female Only),CeraVe,2023-01-01,0.08984771928338312,0.14337539924935755,0.23747611992333334,0.38685004257166666,3,-0.053527679965974434,0.11145326293918503,-0.031922136310172516
Skincare (Female Only),CeraVe,2023-04-01,0.09533384841140276,0.11336084187111711,0.28841731809,0.4341289816396667,3,-0.018026993459714355,0.08305857781722532,-0.03030226405389179
Skincare (Female Only),CeraVe,2023-07-01,0.09530731314822222,0.11145326293918503,0.30643418390666666,0.4996800442406667,3,-0.016145949790962816,0.0946244073140235,-0.016828855625161537
Skincare (Female Only),CeraVe,2023-10-01,0.07542199432536177,0.08305857781722532,0.2947514733393333,0.48450048744199997,3,-0.007636583491863552,0.1022414041624942,0.019182826345268883
Skincare (Female Only),CeraVe,2024-01-01,0.08997696298370778,0.0946244073140235,0.346533152927,0.537128702401,3,-0.00464744433031572,0.11875719983191892,0.02413279251789542
Skincare (Female Only),CeraVe,2024-04-01,0.0792614521478932,0.1022414041624942,0.35036171776833336,0.5492810491586667,3,-0.022979952014601013,0.10279867719620565,5.572730337114473e-4
Skincare (Female Only),CeraVe,2024-07-01,0.08425568869376253,0.11875719983191892,0.393697854878,0.5725178465583334,3,-0.03450151113815639,0.11880517024301938,4.7970411100467514e-5
Skincare (Female Only),Drunk Elephant,2023-04-01,0.04935503545820937,0.04641035896305708,0.121234401086,0.2016759371985,2,0.0029446764951522944,0.03171807611084482,-0.01469228285221226
Skincare (Female Only),Drunk Elephant,2023-07-01,0.048457609850785635,0.032062357862517994,0.08981253162333333,0.15744279098733335,3,0.01639525198826764,0.03484342362948345,0.0027810657669654557
Skincare (Female Only),Drunk Elephant,2023-10-01,0.04170952888756804,0.03171807611084482,0.11279875661166666,0.20224306890566665,3,0.009991452776723225,0.030432500801120373,-0.0012855753097244446
Skincare (Female Only),Drunk Elephant,2024-01-01,0.03319088607597702,0.03484342362948345,0.127711143165,0.2590056570256667,3,-0.0016525375535064307,0.02556786550596533,-0.009275558123518119
Skincare (Female Only),Drunk Elephant,2024-04-01,0.01813332663410089,0.030432500801120373,0.104076976517,0.22489695858300002,3,-0.012299174167019481,0.025970560576702162,-0.004461940224418211
Skincare (Female Only),Drunk Elephant,2024-07-01,0.0148952262024265,0.02556786550596533,0.08482580519233333,0.20025400528600001,3,-0.01067263930353883,0.03033624514236739,0.004768379636402059
Skincare (Female Only),Frank Body,2023-01-01,0.012577227546606546,0.07578051380001508,0.116483322517,0.20900064448866668,3,-0.06320328625340853,0.030226999772960332,-0.045553514027054744
Skincare (Female Only),Frank Body,2023-04-01,0.013673405680540684,0.03421182215353512,0.08645751262333333,0.19578692898133335,3,-0.020538416472994432,0.025676788879982756,-0.008535033273552362
Skincare (Female Only),Frank Body,2023-07-01,0.009126603404647231,0.030226999772960332,0.084083685839,0.19096566107666665,3,-0.021100396368313103,0.024097265863380107,-0.0061297339095802254
Skincare (Female Only),Frank Body,2023-10-01,0.011933597190962392,0.025676788879982756,0.091248152338,0.19796627957233334,3,-0.013743191689020363,0.021300018723045915,-0.004376770156936841
Skincare (Female Only),Frank Body,2024-01-01,0.007636183848069622,0.024097265863380107,0.088361992046,0.23064446957433332,3,-0.016461082015310484,0.020064391783124906,-0.004032874080255201
Skincare (Female Only),Frank Body,2024-04-01,0.007699351967272859,0.021300018723045915,0.07309962767266667,0.202029227848,3,-0.013600666755773056,0.02131839923728871,1.8380514242796048e-5
Skincare (Female Only),Frank Body,2024-07-01,0.008450601722996678,0.020064391783124906,0.06659273639800001,0.16493973802633333,3,-0.011613790060128228,0.022377336159933685,0.0023129443768087794
Skincare (Female Only),Go-To,2023-01-01,0.01093672723666483,0.022586562770608436,0.047765007632,0.073217029925,2,-0.011649835533943605,0.016664258408781482,-0.005922304361826954
Skincare (Female Only),Go-To,2023-04-01,0.012913763107845417,0.023435987232844374,0.058840833200666666,0.082321221561,3,-0.010522224124998958,0.010662535044596778,-0.012773452188247596
Skincare (Female Only),Go-To,2023-07-01,0.008629469664680608,0.016664258408781482,0.04576514560066667,0.082550867609,3,-0.008034788744100874,0.018410274382900462,0.00174601597411898
Skincare (Female Only),Go-To,2023-10-01,0.009115238609841281,0.010662535044596778,0.03791048373666667,0.06975848985533334,3,-0.0015472964347554973,0.016315744950791015,0.005653209906194237
Skincare (Female Only),Go-To,2024-01-01,0.006523845871033226,0.018410274382900462,0.067719289559,0.10630563242733333,3,-0.011886428511867237,0.013485471485223654,-0.004924802897676809
Skincare (Female Only),Go-To,2024-04-01,0.007608718604510672,0.016315744950791015,0.055758283826,0.08466059569566667,3,-0.008707026346280344,0.016062616366599,-2.53128584192016e-4
Skincare (Female Only),Go-To,2024-07-01,0.00719272323485056,0.013485471485223654,0.04467413867633333,0.07019759310433334,3,-0.006292748250373094,0.01649905398165778,0.0030135824964341255
Skincare (Female Only),Kiehl's,2023-01-01,0.00372615597697212,0,0,0,3,0.00372615597697212,0.036264208662502594,0.036264208662502594
Skincare (Female Only),Kiehl's,2023-04-01,0.0029907341338358843,0.03130807014411887,0.081742468441,0.17149096550999998,3,-0.028317336010282985,0.03438505524074648,0.003076985096627613
Skincare (Female Only),Kiehl's,2023-07-01,0.002594086810097497,0.036264208662502594,0.10006099902599999,0.22000104743266666,3,-0.033670121852405095,0.021337281640618183,-0.01492692702188441
Skincare (Female Only),Kiehl's,2023-10-01,0.0033204314124412834,0.03438505524074648,0.12135170112833334,0.27790574087633335,3,-0.0310646238283052,0.029139772995092312,-0.005245282245654171
Skincare (Female Only),Kiehl's,2024-01-01,0.004998762557331682,0.021337281640618183,0.07758014508333333,0.24016767687033333,3,-0.016338519083286502,0.03144202792169138,0.010104746281073197
Skincare (Female Only),Kiehl's,2024-04-01,0.0026913737763673965,0.029139772995092312,0.09983822354133333,0.25315107438833334,3,-0.026448399218724914,0.02777331775497526,-0.0013664552401170503
Skincare (Female Only),Kiehl's,2024-07-01,0.005100878817422306,0.03144202792169138,0.10422763791466666,0.24747263780333334,3,-0.026341149104269074,0.028153605173902658,-0.0032884227477887225
Skincare (Female Only),La Roche-Posay,2023-01-01,0.10780084473151669,0.1028518900978492,0.217581950869,0.391299404464,2,0.004948954633667485,0.09500849831291021,-0.007843391784938994
Skincare (Female Only),La Roche-Posay,2023-04-01,0.10778337390074552,0.10048950884557899,0.25471764797266666,0.42252939871766665,3,0.007293865055166535,0.08592625325879744,-0.014563255586781551
Skincare (Female Only),La Roche-Posay,2023-07-01,0.1164049657388983,0.09500849831291021,0.2614652977183333,0.4753548314366667,3,0.021396467425988094,0.08770784529934755,-0.007300653013562655
Skincare (Female Only),La Roche-Posay,2023-10-01,0.08847750991828011,0.08592625325879744,0.30493499006766667,0.494364284603,3,0.0025512566594826785,0.08937175601224098,0.0034455027534435467
Skincare (Female Only),La Roche-Posay,2024-01-01,0.109858955783943,0.08770784529934755,0.32231456969466665,0.5305716839173333,3,0.02215111048459545,0.09107932863225746,0.0033714833329099025
Skincare (Female Only),La Roche-Posay,2024-04-01,0.10671828144616675,0.08937175601224098,0.3062422040096667,0.5279028512216667,3,0.017346525433925772,0.09569648941214112,0.00632473339990014
Skincare (Female Only),La Roche-Posay,2024-07-01,0.1171935163384489,0.09107932863225746,0.30200980570266667,0.5108958230946666,3,0.02611418770619145,0.10411185227388543,0.013032523641627977
Skincare (Female Only),MCoBeauty,2023-01-01,0.036633570063034575,0.07465844319999584,0.12117245991766666,0.22104497779766666,3,-0.03802487313696127,0.03234091817859723,-0.042317525021398614
Skincare (Female Only),MCoBeauty,2023-04-01,0.07943205543809914,0.04931606454790164,0.12408274452133333,0.24833659834533334,3,0.0301159908901975,0.03617312875169037,-0.013142935796211272
Skincare (Female Only),MCoBeauty,2023-07-01,0.08746233096873166,0.03234091817859723,0.08892781432366667,0.23125536672066666,3,0.055121412790134425,0.04519179853414302,0.01285088035554579
Skincare (Female Only),MCoBeauty,2023-10-01,0.08589536053240673,0.03617312875169037,0.12817623910733333,0.2538577082846667,3,0.049722231780716365,0.05380098130299313,0.01762785255130276
Skincare (Female Only),MCoBeauty,2024-01-01,0.11248767388580254,0.04519179853414302,0.166069133575,0.30312358529,3,0.06729587535165951,0.05342558390214483,0.00823378536800181
Skincare (Female Only),MCoBeauty,2024-04-01,0.14217516679587977,0.05380098130299313,0.184060044852,0.342026632297,3,0.08837418549288664,0.05988398941568564,0.006083008112692509
Skincare (Female Only),MCoBeauty,2024-07-01,0.15709425540060767,0.05342558390214483,0.17712591946599998,0.304068612107,3,0.10366867149846284,0.060402486024309386,0.006976902122164556
Skincare (Female Only),Mecca,2023-01-01,0,0,0,0,3,0,0,0
Skincare (Female Only),Mecca,2023-04-01,0,0,0,0,3,0,0,0
Skincare (Female Only),Mecca,2023-07-01,0,0,0,0,3,0,0,0
Skincare (Female Only),Mecca,2023-10-01,0.034663706647319464,0,0,0,3,0.034663706647319464,0,0
Skincare (Female Only),Mecca,2024-01-01,0.074365421236463225,0,0,0,3,0.074365421236463225,0,0
Skincare (Female Only),Mecca,2024-04-01,0.09432694205012784,0,0,0,3,0.09432694205012784,0,0
Skincare (Female Only),Mecca,2024-07-01,0.032083483961077894,0,0,0,3,0.032083483961077894,0,0
Skincare (Female Only),Mecca Cosmetica,2023-07-01,0.018191506108412116,0.07225781922077483,0.19972713145333332,0.489019454322,3,-0.054066313112362714,0.06800987768114501,-0.004247941539629818
Skincare (Female Only),Mecca Cosmetica,2023-10-01,0.01717201309923545,0.06057340207501115,0.213564838072,0.5109351539946667,3,-0.043401388975775695,0.06920852065088239,0.008635118575871237
Skincare (Female Only),Mecca Cosmetica,2024-01-01,0.009902594922570285,0.06800987768114501,0.24860041599133334,0.5372878562426666,3,-0.05810728275857473,0.06257790363156471,-0.005431974049580304
Skincare (Female Only),Mecca Cosmetica,2024-04-01,0.009568411077113266,0.06920852065088239,0.23701133522733334,0.498983145836,3,-0.05964010957376912,0.06424874487932902,-0.0049597757715533625
Skincare (Female Only),Mecca Cosmetica,2024-07-01,0.009606406631672722,0.06257790363156471,0.20751728393366667,0.47278734401166667,3,-0.05297149699989198,0.06146568114944246,-0.0011122224821222479
Skincare (Female Only),Paula's Choice,2023-04-01,0.02416168362303476,0.03139064499550173,0.082035150545,0.14039941819750001,2,-0.007228961372466973,0.02164574077974465,-0.009744904215757081
Skincare (Female Only),Paula's Choice,2023-07-01,0.021786247773629214,0.022771885602924407,0.06280085585633333,0.14931235470166668,3,-9.856378292951926e-4,0.018042213701452252,-0.004729671901472155
Skincare (Female Only),Paula's Choice,2023-10-01,0.01791837179996518,0.02164574077974465,0.07730003190566667,0.13210432149,3,-0.003727368979779471,0.022430298486042017,7.84557706297366e-4
Skincare (Female Only),Paula's Choice,2024-01-01,0.019117402964252128,0.018042213701452252,0.064409256919,0.15332206218133332,3,0.0010751892627998763,0.025245382286673116,0.007203168585220864
Skincare (Female Only),Paula's Choice,2024-04-01,0.018626769007066092,0.022430298486042017,0.07691039848466666,0.14301185328866667,3,-0.003803529478975925,0.021628501645812433,-8.017968402295843e-4
Skincare (Female Only),Paula's Choice,2024-07-01,0.018182473919590738,0.025245382286673116,0.083729432103,0.13795287009033333,3,-0.007062908367082378,0.01684391597126081,-0.008401466315412307
Skincare (Female Only),Revolution,2023-01-01,3.5560111165631184e-4,0.04029190045763349,0.06719114103433334,0.19979406711233333,3,-0.03993629934597718,0.025455551830842783,-0.014836348626790709
Skincare (Female Only),Revolution,2023-04-01,6.621597505735632e-4,0.033032163138482284,0.08358279480733333,0.19473141910166666,3,-0.03237000338790872,0.015017036409841776,-0.01801512672864051
Skincare (Female Only),Revolution,2023-07-01,0.014680786031858567,0.025455551830842783,0.070025365061,0.204381069483,3,-0.010774765798984216,0.017787728629278084,-0.0076678232015647
Skincare (Female Only),Revolution,2023-10-01,0.013477360363308636,0.015017036409841776,0.05361453263066667,0.18518015937566668,3,-0.0015396760465331404,0.02440927868671592,0.009392242276874144
Skincare (Female Only),Revolution,2024-01-01,0.006210070136399881,0.017787728629278084,0.06432258309466667,0.188803158068,3,-0.011577658492878203,0.0174923836120886,-2.953450171894849e-4
Skincare (Female Only),Revolution,2024-04-01,0.0016298495707812203,0.02440927868671592,0.08348739475466667,0.178477307832,3,-0.0227794291159347,0.019452002023596898,-0.0049572766631190215
Skincare (Female Only),Revolution,2024-07-01,0.006525692141127451,0.0174923836120886,0.05801960700766667,0.164202204386,3,-0.010966691470961147,0.015484803605381167,-0.0020075800067074316
Skincare (Female Only),Soap & Glory,2023-01-01,0.0022873091233667235,0.007268095777235636,0.0151077081,0.03836888461166667,3,-0.004980786653868912,0.008510649443330253,0.0012425536660946174
Skincare (Female Only),Soap & Glory,2023-04-01,0.0033802826934474467,0.011389126387905719,0.028483486529333333,0.059577673586666664,3,-0.008008843694458272,0.004991744121219421,-0.006397382266686298
Skincare (Female Only),Soap & Glory,2023-07-01,0.0033500732564061314,0.008510649443330253,0.023757702489666667,0.05914714643333333,3,-0.005160576186924122,0.008470978600068357,-3.9670843261896405e-5
Skincare (Female Only),Soap & Glory,2023-10-01,0.0048310490809097125,0.004991744121219421,0.017904003326333334,0.05104910200633333,3,-1.6069504030970846e-4,0.006280644263338566,0.0012889001421191454
Skincare (Female Only),Soap & Glory,2024-01-01,0.002967753240914868,0.008470978600068357,0.031240655703333335,0.07400490805433334,3,-0.005503225359153489,0.01025217208318904,0.0017811934831206827
Skincare (Female Only),Soap & Glory,2024-04-01,0.002782348296790963,0.006280644263338566,0.021537429234,0.054008689676999996,3,-0.0034982959665476035,0.010501729287937743,0.004221085024599176
Skincare (Female Only),Soap & Glory,2024-07-01,0.0030147004072691185,0.01025217208318904,0.03398476505266667,0.062094895323333336,3,-0.007237471675919921,0.006889093749959609,-0.0033630783332294304
Skincare (Female Only),Software,2023-01-01,0.01745046250403197,0.005022447023969783,0.011158348400666667,0.026318614906999997,3,0.012428015480062185,0.011120747303068753,0.00609830027909897
Skincare (Female Only),Software,2023-04-01,0.01669058145737066,0.012086993874334373,0.03056002735066667,0.07650788587466667,3,0.004603587583036289,0.011211853642207257,-8.751402321271161e-4
Skincare (Female Only),Software,2023-07-01,0.015586145046552055,0.011120747303068753,0.030223119606666668,0.095465546693,3,0.004465397743483302,0.007607752786537582,-0.0035129945165311705
Skincare (Female Only),Software,2023-10-01,0.010610942630264266,0.011211853642207257,0.039801110694333335,0.09273674905166666,3,-6.009110119429908e-4,0.006494105425003987,-0.00471774821720327
Skincare (Female Only),Software,2024-01-01,0.014485353336307651,0.007607752786537582,0.027244595939666664,0.081139933847,3,0.006877600549770069,0.0064004997191920284,-0.0012072530673455538
Skincare (Female Only),Software,2024-04-01,0.015421189383211582,0.006494105425003987,0.022293661275,0.06759983708533333,3,0.008927083958207595,0.005498643218845373,-9.954622061586135e-4
Skincare (Female Only),Software,2024-07-01,0.016704925071627456,0.0064004997191920284,0.021265533636999998,0.06339353561633333,3,0.010304425352435427,0.005633315861914901,-7.671838572771272e-4
Skincare (Female Only),Sol de Janeiro,2023-01-01,0.05100813148486549,0.017352623008867005,0.03654260206433333,0.060047174846,3,0.03365550847599849,0.01206578516991631,-0.005286837838950696
Skincare (Female Only),Sol de Janeiro,2023-04-01,0.04275593490702992,0.021912527507747775,0.055120280683999996,0.09543630985033334,3,0.020843407399282143,0.017490421033404056,-0.004422106474343719
Skincare (Female Only),Sol de Janeiro,2023-07-01,0.054417501309943314,0.01206578516991631,0.03351766787233333,0.06832384584733334,3,0.042351716140027,0.021703815305868797,0.009638030135952488
Skincare (Female Only),Sol de Janeiro,2023-10-01,0.09665574684306309,0.017490421033404056,0.062373183358999995,0.09264198454566668,3,0.07916532580965904,0.0191080294196699,0.0016176083862658452
Skincare (Female Only),Sol de Janeiro,2024-01-01,0.08377644305165766,0.021703815305868797,0.08025849358199999,0.14962574177633334,3,0.06207262774578886,0.023514814142390733,0.0018109988365219362
Skincare (Female Only),Sol de Janeiro,2024-04-01,0.05981043813790765,0.0191080294196699,0.06544457029,0.12165028665899999,3,0.04070240871823775,0.01906065105566931,-4.7378364000590784e-5
Skincare (Female Only),Sol de Janeiro,2024-07-01,0.06225732019504363,0.023514814142390733,0.0779550861,0.13650084396033335,3,0.0387425060526529,0.024344348212246188,8.295340698554546e-4
Skincare (Female Only),Sukin,2023-01-01,0.03205302649320817,0.13564777863174965,0.2868793264776667,0.4912072320836667,3,-0.10359475213854148,0.17508412313977853,0.03943634450802888
Skincare (Female Only),Sukin,2023-04-01,0.03313489981011465,0.17702448109935628,0.44924506101,0.7892061551786667,3,-0.14388958128924162,0.1210721850225589,-0.055952296076797386
Skincare (Female Only),Sukin,2023-07-01,0.02822918074902623,0.17508412313977853,0.47902865449666665,0.8137002190213334,3,-0.1468549423907523,0.11949868818860256,-0.055585434951175974
Skincare (Female Only),Sukin,2023-10-01,0.024141083377501753,0.1210721850225589,0.42877639750366664,0.773148681162,3,-0.09693110164505714,0.12464835107273692,0.00357616605017802
Skincare (Female Only),Sukin,2024-01-01,0.022973645024104178,0.11949868818860256,0.43110494655366666,0.808088795774,3,-0.09652504316449838,0.1268515793605082,0.007352891171905643
Skincare (Female Only),Sukin,2024-04-01,0.023233534208848994,0.12464835107273692,0.4271143142866667,0.797758178728,3,-0.10141481686388792,0.12602853255172258,0.0013801814789856648
Skincare (Female Only),Sukin,2024-07-01,0.023010422645801016,0.1268515793605082,0.4207525763473333,0.7606066857523334,3,-0.10384115671470719,0.12436079045374794,-0.002490788906760258
Skincare (Female Only),The Body Shop,2023-01-01,0.08331783919074091,0,0,0,3,0.08331783919074091,0,0
Skincare (Female Only),The Body Shop,2023-04-01,0.06901430311338452,0,0,0,3,0.06901430311338452,0.11338517723665828,0.11338517723665828
Skincare (Female Only),The Body Shop,2023-07-01,0.060933301179592864,0,0,0,3,0.060933301179592864,0.1161746724727571,0.1161746724727571
Skincare (Female Only),The Body Shop,2023-10-01,0.09364740499600474,0.11338517723665828,0.400549217783,0.8394985191496667,3,-0.01973777224065354,0.11423127095688825,8.460937202299651e-4
Skincare (Female Only),The Body Shop,2024-01-01,0.062339938788519504,0.1161746724727571,0.422376994529,0.85983992846,3,-0.0538347336842376,0.12003250113691051,0.0038578286641534065
Skincare (Female Only),The Body Shop,2024-04-01,0.05840955402125464,0.11423127095688825,0.3915404516023333,0.808951544966,3,-0.055821716935633606,0.1108874516438567,-0.003343819313031543
Skincare (Female Only),The Body Shop,2024-07-01,0.0595084854521083,0.12003250113691051,0.398036750516,0.7870807061463333,3,-0.06052401568480221,0.11142728780258646,-0.008605213334324055
Skincare (Female Only),The Inkey List,2023-01-01,0.00958630900477505,0.01507070589392334,0.024243788978,0.04852577182133334,3,-0.0054843968891482905,0.011367316014641112,-0.0037033898792822283
Skincare (Female Only),The Inkey List,2023-04-01,0.00697984184892985,0.011215908392955914,0.028323802530666665,0.04119710470466667,3,-0.004236066544026065,0.006467656022184969,-0.004748252370770946
Skincare (Female Only),The Inkey List,2023-07-01,0.007701573860824529,0.011367316014641112,0.031711206931333336,0.05112268000766667,3,-0.003665742153816583,0.006639968193184141,-0.004727347821456971
Skincare (Female Only),The Inkey List,2023-10-01,0.0059845588394545806,0.006467656022184969,0.022971777672,0.04096222517833333,3,-4.8309718273038815e-4,0.006994068043667031,5.264120214820622e-4
Skincare (Female Only),The Inkey List,2024-01-01,0.00475657179823719,0.006639968193184141,0.024263484185333334,0.041877785531,3,-0.0018833963949469509,0.00661456892674108,-2.5399266443060925e-5
Skincare (Female Only),The Inkey List,2024-04-01,0.003791574321502684,0.006994068043667031,0.023888552861,0.049910675439333335,3,-0.003202493722164347,0.007992699675971656,9.986316323046251e-4
Skincare (Female Only),The Inkey List,2024-07-01,0.004008202150297638,0.00661456892674108,0.021974607695666667,0.04623768995766667,3,-0.0026063667764434422,0.006158426636780342,-4.5614228996073824e-4
Skincare (Female Only),The Ordinary,2023-01-01,0.12396466130921055,0.10905102753989843,0.2291751492965,0.322116653308,2,0.014913633769312123,0.08513688686956714,-0.02391414067033129
Skincare (Female Only),The Ordinary,2023-04-01,0.1291771951013788,0.0977120644313485,0.24753877381366668,0.34207743841533333,3,0.03146513067003029,0.06950109615922687,-0.028210968272121634
Skincare (Female Only),The Ordinary,2023-07-01,0.1262732367667795,0.08513688686956714,0.23525929454766667,0.3564906891656667,3,0.041136349897212376,0.07260812148371575,-0.01252876538585139
Skincare (Female Only),The Ordinary,2023-10-01,0.10236403198444792,0.06950109615922687,0.24627920351233334,0.36397350673766665,3,0.032862935825221054,0.07624351615947086,0.006742420000243998
Skincare (Female Only),The Ordinary,2024-01-01,0.0959404644425131,0.07260812148371575,0.265705659835,0.42800418048466665,3,0.023332342958797353,0.06533035701421906,-0.007277764469496684
Skincare (Female Only),The Ordinary,2024-04-01,0.09295146261959208,0.07624351615947086,0.26129194378066667,0.40634414270433333,3,0.01670794646012122,0.0771948208912037,9.51304731732841e-4
Skincare (Female Only),The Ordinary,2024-07-01,0.1010620941319375,0.06533035701421906,0.216765150243,0.36599441506933333,3,0.03573173711771843,0.0689671226389733,0.0036367656247542346
Skincare (Female Only),Ultra Violette,2023-04-01,0.010256365363791403,0.019811654979276276,0.051701560534999996,0.078827557239,2,-0.009555289615484873,0.015186160798001811,-0.004625494181274465
Skincare (Female Only),Ultra Violette,2023-07-01,0.016378192089784027,0.010036583727864246,0.027310417111,0.06444770158600001,3,0.006341608361919781,0.0173263070644323,0.007289723336568053
Skincare (Female Only),Ultra Violette,2023-10-01,0.012223324072925234,0.015186160798001811,0.054366164717666664,0.07586404618666667,3,-0.002962836725076577,0.014024323695330061,-0.0011618371026717502
Skincare (Female Only),Ultra Violette,2024-01-01,0.010927858477936633,0.0173263070644323,0.06400618370866668,0.09544875083166666,3,-0.0063984485864956656,0.013083493649526741,-0.004242813414905558
Skincare (Female Only),Ultra Violette,2024-04-01,0.007711712527720469,0.014024323695330061,0.047998333520333336,0.07999543782433334,3,-0.006312611167609592,0.011542779794642775,-0.002481543900687286
Skincare (Female Only),Ultra Violette,2024-07-01,0.01357872914644113,0.013083493649526741,0.043389083089000004,0.07378688908733333,3,4.952354969143882e-4,0.014631180615457318,0.0015476869659305763
Skincare (Female Only),endota,2023-01-01,0.12603070009442638,0,0,0,3,0.12603070009442638,0,0
Skincare (Female Only),endota,2023-04-01,0.11758905691287665,0,0,0,3,0.11758905691287665,0.029162486659129794,0.029162486659129794
Skincare (Female Only),endota,2023-07-01,0.0985101271080006,0,0,0,3,0.0985101271080006,0.016736224629364374,0.016736224629364374
Skincare (Female Only),endota,2023-10-01,0.09350473004826824,0.029162486659129794,0.10372565326966666,0.38435718175733335,3,0.06434224338913845,0,-0.029162486659129794
Skincare (Female Only),endota,2024-01-01,0.09041382981102551,0.016736224629364374,0.062312685604,0.23314625721166668,3,0.07367760518166114,0,-0.016736224629364374
Skincare (Female Only),endota,2024-04-01,0.10210050872082939,0,0,0,3,0.10210050872082939,0,0
Skincare (Female Only),endota,2024-07-01,0.0944656063488122,0,0,0,3,0.0944656063488122,0,0
Skincare (Female Only),tbh Skincare,2023-01-01,2.907494340689155e-4,0.002946578354470914,0.006546400133666666,0.011975842059666666,3,-0.0026558289204019984,0.006583180580502347,0.003636602226031433
Skincare (Female Only),tbh Skincare,2023-04-01,0.003919099435223802,0.003292626983872116,0.008355804030333333,0.03591610540666667,3,6.264724513516859e-4,0.005423060088242617,0.0021304331043705007
Skincare (Female Only),tbh Skincare,2023-07-01,0.003224971940090685,0.006583180580502347,0.017922529405,0.042352955812,3,-0.0033582086404116617,0.00395229597562927,-0.002630884604873077
Skincare (Female Only),tbh Skincare,2023-10-01,0.00308667238756752,0.005423060088242617,0.019523693951666667,0.052982109061333334,3,-0.0023363877006750966,0.00889075164253734,0.003467691554294723
Skincare (Female Only),tbh Skincare,2024-01-01,0.003955673932359312,0.00395229597562927,0.014793605236999999,0.047544818844000004,3,3.3779567300421323e-6,0.011347952422576201,0.007395656446946931
Skincare (Female Only),tbh Skincare,2024-04-01,0.003136681211832205,0.00889075164253734,0.030409942500333336,0.07428907240966666,3,-0.005754070430705135,0.009488750817555505,5.97999175018165e-4
Skincare (Female Only),tbh Skincare,2024-07-01,0.005072206167588382,0.011347952422576201,0.03767748024566667,0.08449513347766667,3,-0.0062757462549878195,0.010082142300570378,-0.001265810122005823
Social Media Platforms,Facebook,2023-07-01,0.5431567493051203,0.30154362230750364,0.7901128909535,0.947800767097,2,0.2416131269976166,0.2719217272696177,-0.029621895037885926
Social Media Platforms,Facebook,2023-10-01,0.5355898406168318,0.3197805981478567,0.7797761002163334,0.9264607319516667,3,0.2158092424689751,0.24824998167079054,-0.07153061647706616
Social Media Platforms,Facebook,2024-01-01,0.5205408005316634,0.2719217272696177,0.781632754485,0.9344712081473333,3,0.2486190732620457,0.2783423976889459,0.0064206704193282005
Social Media Platforms,Facebook,2024-04-01,0.5004156671169593,0.24824998167079054,0.7549782734643333,0.9141375177736667,3,0.25216568544616874,0.2822471180642559,0.033997136393465355
Social Media Platforms,Facebook,2024-07-01,0.4894729529699439,0.2783423976889459,0.7452080414266666,0.8799856513766667,3,0.211130555280998,0.26126023418881883,-0.01708216350012709
Social Media Platforms,Instagram,2023-07-01,0.17448155697573398,0.2256670636564251,0.591461146151,0.9095721833115,2,-0.051185506680691134,0.20818574637531403,-0.017481317281111075
Social Media Platforms,Instagram,2023-10-01,0.1739711014212403,0.22276110482963069,0.5431113313973334,0.864836538739,3,-0.048790003408390376,0.18628820555669992,-0.036472899272930764
Social Media Platforms,Instagram,2024-01-01,0.1832627392763931,0.20818574637531403,0.6001444438633333,0.9020841308863333,3,-0.024923007098920924,0.19592454705029463,-0.0122611993250194
Social Media Platforms,Instagram,2024-04-01,0.18365335038197278,0.18628820555669992,0.567178232478,0.8896456305226667,3,-0.002634855174727141,0.19274923683655962,0.006461031279859697
Social Media Platforms,Instagram,2024-07-01,0.18824496917958652,0.19592454705029463,0.5248349040156667,0.826530831284,3,-0.00767957787070811,0.21075062594245655,0.01482607889216192
Social Media Platforms,Pinterest,2023-07-01,0.02489249237676425,0,0,0,2,0.02489249237676425,0.06429327805657799,0.06429327805657799
Social Media Platforms,Pinterest,2023-10-01,0.025100034218646917,0,0,0,3,0.025100034218646917,0.10224889066086365,0.10224889066086365
Social Media Platforms,Pinterest,2024-01-01,0.028927925069847194,0.06429327805657799,0.20071883661233333,0.454468736301,3,-0.0353653529867308,0.09621451875302578,0.03192124069644779
Social Media Platforms,Pinterest,2024-04-01,0.0291279518692362,0.10224889066086365,0.31124037366033336,0.6668253514046667,3,-0.07312093879162745,0.10755681860298082,0.005307927942117166
Social Media Platforms,Pinterest,2024-07-01,0.030679299236590553,0.09621451875302578,0.257522953711,0.6126115256263334,3,-0.06553521951643523,0.09653693176168625,3.2241300866046874e-4
Social Media Platforms,Reddit,2023-07-01,0,0.07416881903087703,0.1944854101915,0.5489996648790001,2,-0.07416881903087703,0.07069810914706703,-0.00347070988381
Social Media Platforms,Reddit,2023-10-01,0.002211637562492942,0.0732412414579719,0.17887816239733334,0.5149937208733334,3,-0.07102960389547895,0.06694067618405761,-0.006300565273914288
Social Media Platforms,Reddit,2024-01-01,0,0.07069810914706703,0.20589976388700001,0.5404239136423333,3,-0.07069810914706703,0.057474147906226694,-0.01322396124084034
Social Media Platforms,Reddit,2024-04-01,0,0.06694067618405761,0.20305674674766666,0.5421589708133333,3,-0.06694067618405761,0.06532583626160182,-0.0016148399224557852
Social Media Platforms,Reddit,2024-07-01,0,0.057474147906226694,0.15397787558366666,0.47771219115,3,-0.057474147906226694,0.07578581947808233,0.018311671571855634
Social Media Platforms,Snapchat,2023-07-01,0.030085972037787064,0.10765742801216036,0.28215576565300005,0.7869879670425,2,-0.07757145597437329,0.09968986338049884,-0.007967564631661511
Social Media Platforms,Snapchat,2023-10-01,0.031651102630832054,0.10294985431500302,0.251458364461,0.73168778936,3,-0.07129875168417096,0.09896455716853977,-0.003985297146463243
Social Media Platforms,Snapchat,2024-01-01,0.03418313551725107,0.09968986338049884,0.28872613873633335,0.7581718822660001,3,-0.06550672786324777,0.08791425785841414,-0.011775605522084703
Social Media Platforms,Snapchat,2024-04-01,0.03732884335332585,0.09896455716853977,0.30118125981233335,0.7452437846066666,3,-0.061635713815213926,0.08271939509468317,-0.01624516207385661
Social Media Platforms,Snapchat,2024-07-01,0.042198896399749074,0.08791425785841414,0.23521978537933333,0.6836818621383334,3,-0.04571536145866507,0.08484356374612718,-0.0030706941122869563
Social Media Platforms,Threads,2023-07-01,0.008297497458921416,0.030699051075409108,0.08043899433849999,0.235166953614,2,-0.022401553616487692,0.022367007796281202,-0.008332043279127906
Social Media Platforms,Threads,2023-10-01,0.008366678072882305,0.024533390344670843,0.059755308539,0.20602821957433334,3,-0.016166712271788536,0.027849653524776197,0.003316263180105354
Social Media Platforms,Threads,2024-01-01,0.00890530972393473,0.022367007796281202,0.065393530446,0.230254628119,3,-0.013461698072346472,0.02479705374862236,0.0024300459523411595
Social Media Platforms,Threads,2024-04-01,0.009493827888937436,0.027849653524776197,0.08483162147566667,0.27632816087633333,3,-0.018355825635838763,0.023596450814146356,-0.004253202710629841
Social Media Platforms,Threads,2024-07-01,0.009739658187408738,0.02479705374862236,0.06659758315433334,0.25164682233433333,3,-0.015057395561213624,0.02636807291469789,0.0015710191660755282
Social Media Platforms,TikTok,2023-07-01,0.06742471060293345,0.12758339950144942,0.3341136317215,0.870959838394,2,-0.06015868889851597,0.11922685356196858,-0.008356545939480847
Social Media Platforms,TikTok,2023-10-01,0.06748279757050321,0.12699003808104892,0.31029958152066667,0.824527143985,3,-0.059507240510545706,0.12658421977983045,-4.0581830121846907e-4
Social Media Platforms,TikTok,2024-01-01,0.07038559690770654,0.11922685356196858,0.34426912264066667,0.8625896561473333,3,-0.04884125665426203,0.11499988068206242,-0.004226972879906157
Social Media Platforms,TikTok,2024-04-01,0.07671951142455596,0.12658421977983045,0.38732711272233333,0.8477208437296667,3,-0.049864708355274484,0.11311464032164127,-0.013469579458189176
Social Media Platforms,TikTok,2024-07-01,0.077105240317241,0.11499988068206242,0.30829845375166665,0.7909244065006666,3,-0.037894640364821416,0.12270260600459497,0.00770272532253255
Social Media Platforms,Twitch,2023-07-01,0.02492809515045658,0,0,0,2,0.02492809515045658,0.015621195136574778,0.015621195136574778
Social Media Platforms,Twitch,2023-10-01,0.02791423406526732,0,0,0,3,0.02791423406526732,0.024614450025328177,0.024614450025328177
Social Media Platforms,Twitch,2024-01-01,0.027474220058154825,0.015621195136574778,0.04839551591933333,0.21098303891033335,3,0.011853024921580047,0.02459647314831219,0.008975278011737411
Social Media Platforms,Twitch,2024-04-01,0.02852221963660044,0.024614450025328177,0.075135258483,0.33853726503466663,3,0.003907769611272264,0.022902945812293213,-0.0017115042130349638
Social Media Platforms,Twitch,2024-07-01,0.029260765336854788,0.02459647314831219,0.06610274378366666,0.293331321883,3,0.004664292188542599,0.020385612685714597,-0.0042108604625975925
Social Media Platforms,Twitter,2023-07-01,0,0.07597496809114276,0.19917265563999997,0.8016355250115,2,-0.07597496809114276,0.06547621204579734,-0.01049875604534542
Social Media Platforms,Twitter,2023-10-01,0,0.06923787316748392,0.169469506323,0.7599055183096667,3,-0.06923787316748392,0.0571734180161151,-0.012064455151368822
Social Media Platforms,Twitter,2024-01-01,0.0012190268567969405,0.06547621204579734,0.18808234848666666,0.8062832400146667,3,-0.06425718518900041,0.0600748965600275,-0.005401315485769845
Social Media Platforms,Twitter,2024-04-01,0,0.0571734180161151,0.17444957898133331,0.768876633432,3,-0.0571734180161151,0.05016518884047122,-0.007008229175643879
Social Media Platforms,Twitter,2024-07-01,0,0.0600748965600275,0.161349888224,0.7016694081926667,3,-0.0600748965600275,0.04288405168789912,-0.01719084487212838
Social Media Platforms,X,2023-07-01,0.126732926092283,0.05670564832503252,0.1486404400155,0.380332260487,2,0.07002727776725048,0.06252000723030247,0.005814358905269955
Social Media Platforms,X,2023-10-01,0.12771257384130322,0.060505899656334024,0.14783790028733335,0.4446192195493333,3,0.0672066741849692,0.06108594741299858,5.800477566645576e-4
Social Media Platforms,X,2024-01-01,0.12510124605825212,0.06252000723030247,0.18064504499,0.5068015586556667,3,0.06258123882794965,0.059661826604068345,-0.002858180626234129
Social Media Platforms,X,2024-04-01,0.1347386283284121,0.06108594741299858,0.185733153725,0.5638191304696667,3,0.07365268091541352,0.059622369351366576,-0.0014635780616320052
Social Media Platforms,X,2024-07-01,0.1332982183726254,0.059661826604068345,0.159618847013,0.524486703199,3,0.07363639176855705,0.058482481589922294,-0.0011793450141460507
Streetwear,Culture Kings,2023-04-01,0.14127613494807129,0.1988068627735078,0.21469150577333335,0.38231813826833333,3,-0.0575307278254365,0.20791200688070657,0.009105144107198787
Streetwear,Culture Kings,2023-07-01,0.13374167168496767,0.18691187230979342,0.19805396815833332,0.35010150641233334,3,-0.05317020062482575,0.1484728388784352,-0.03843903343135821
Streetwear,Culture Kings,2023-10-01,0.12265765731304414,0.20791200688070657,0.23325970429466666,0.3964042408716667,3,-0.08525434956766244,0.14204403494395965,-0.06586797193674693
Streetwear,Culture Kings,2024-01-01,0.13226542133865005,0.1484728388784352,0.18832644941366666,0.343734361706,3,-0.016207417539785163,0.15103703970592147,0.0025642008274862627
Streetwear,Culture Kings,2024-04-01,0.04237364601688889,0.14204403494395965,0.19747912484666666,0.39427138303566667,3,-0.09967038892707075,0.14991775290964232,0.007873717965682675
Streetwear,Culture Kings,2024-07-01,0,0.15103703970592147,0.200817513718,0.3488252464206667,3,-0.15103703970592147,0.14213019682432085,-0.008906842881600624
Streetwear,Foot Locker,2023-04-01,0.33994827124830845,0.4758680000580318,0.5136706775003334,0.8087853013526667,3,-0.13591972880972336,0.46493873094735794,-0.010929269110673878
Streetwear,Foot Locker,2023-07-01,0.3464708494333622,0.45304438381914763,0.47542571047166665,0.7568102155463333,3,-0.10657353438578543,0.4066561569079547,-0.04638822691119293
Streetwear,Foot Locker,2023-10-01,0.3397511334440346,0.46493873094735794,0.5189865983990001,0.784029529654,3,-0.1251875975033233,0.40094276962419156,-0.06399596132316637
Streetwear,Foot Locker,2024-01-01,0.32640507142038394,0.4066561569079547,0.517531987743,0.8298557984933334,3,-0.08025108548757076,0.3806488449528569,-0.02600731195509781
Streetwear,Foot Locker,2024-04-01,0.34591643328097044,0.40094276962419156,0.5575180914183333,0.813556715197,3,-0.05502633634322113,0.3794334665570868,-0.021509303067104746
Streetwear,Foot Locker,2024-07-01,0.3631611202934646,0.3806488449528569,0.510608559755,0.777897443232,3,-0.0174877246593923,0.377815432071374,-0.0028334128814828663
Streetwear,General Pants Co.,2024-01-01,0.09765829853149197,0.2263662600069164,0.3136380956005,0.5143360985345,2,-0.12870796147542443,0.20593301350560078,-0.020433246501315616
Streetwear,General Pants Co.,2024-04-01,0.09727170318350682,0.19922733328598696,0.27729445775666667,0.5123984314026666,3,-0.10195563010248014,0.19858232574877252,-6.450075372144426e-4
Streetwear,General Pants Co.,2024-07-01,0.09386447543437373,0.20593301350560078,0.27558191922999997,0.486880393618,3,-0.11206853807122705,0.22551728702210133,0.01958427351650055
Streetwear,JD Sports,2023-04-01,0.40660130969948305,0.27452717958328166,0.29634716503333336,0.4439552204923333,3,0.1320741301162014,0.2759484331150787,0.001421253531797062
Streetwear,JD Sports,2023-07-01,0.41396930554562866,0.29758696707389604,0.3118553435406667,0.44592283265266663,3,0.11638233847173263,0.24691263680469852,-0.050674330269197515
Streetwear,JD Sports,2023-10-01,0.4193140486990995,0.2759484331150787,0.309612476441,0.463255816158,3,0.14336561558402078,0.21598390409854637,-0.05996452901653235
Streetwear,JD Sports,2024-01-01,0.4333321409118252,0.24691263680469852,0.311831404766,0.47252755303866667,3,0.18641950410712668,0.21571102651614774,-0.031201610288550785
Streetwear,JD Sports,2024-04-01,0.4987816503983681,0.21598390409854637,0.300518488381,0.45262160549,3,0.2827977462998217,0.23257950484982473,0.01659560075127836
Streetwear,JD Sports,2024-07-01,0.5273173926910839,0.21571102651614774,0.2877496608303333,0.446854844437,3,0.3116063661749362,0.22500341896861126,0.009292392452463522
Streetwear,PUSHAS,2023-04-01,0.009543668218623706,0.02527056081706114,0.027282420930666667,0.044595386743,3,-0.01572689259843743,0.020377905494638224,-0.004892655322422914
Streetwear,PUSHAS,2023-07-01,0.00823756433822476,0.04512490464842869,0.045284628615666664,0.061153674696,3,-0.03688734031020394,0.024376844377667673,-0.02074806027076102
Streetwear,PUSHAS,2023-10-01,0.00646615738822482,0.020377905494638224,0.022244553756999998,0.04650996928033334,3,-0.013911748106413404,0.01804111924878031,-0.0023367862458579143
Streetwear,PUSHAS,2024-01-01,0.007460432555610539,0.024376844377667673,0.030987697750333335,0.040431244820333334,3,-0.016916411822057133,0.024522292613200266,1.4544823553259284e-4
Streetwear,PUSHAS,2024-04-01,0.007105852785117107,0.01804111924878031,0.025142863014,0.049101067098,3,-0.010935266463663204,0.019141351351201277,0.0011002321024209671
Streetwear,PUSHAS,2024-07-01,0.007892786139565691,0.024522292613200266,0.032672598222,0.04908595504466667,3,-0.016629506473634575,0.012679977748355283,-0.011842314864844983
Streetwear,Stateside Sports,2023-04-01,0.006423338578793604,0.02552739676811757,0.027528698241000002,0.05361680481633333,3,-0.019104058189323966,0.030822923562218604,0.005295526794101033
Streetwear,Stateside Sports,2023-07-01,0.007493100446283261,0.017331872148734224,0.01761206555566667,0.034277963648666664,3,-0.009838771702450963,0.022670683026633023,0.005338810877898798
Streetwear,Stateside Sports,2023-10-01,0.011312661620498562,0.030822923562218604,0.03415948751233333,0.06282467403,3,-0.019510261941720043,0.02376083879853512,-0.007062084763683484
Streetwear,Stateside Sports,2024-01-01,0.007460432555610539,0.022670683026633023,0.028232599510666666,0.043876438048000004,3,-0.015210250471022483,0.022147782706272795,-5.229003203602277e-4
Streetwear,Stateside Sports,2024-04-01,0.008550714335148637,0.02376083879853512,0.033030741736,0.05563846169533333,3,-0.015210124463386482,0.02034559858347235,-0.0034152402150627696
Streetwear,Stateside Sports,2024-07-01,0.007764225441512019,0.022147782706272795,0.029654957704,0.04966834675133333,3,-0.014383557264760776,0.016853687365237305,-0.00529409534103549
Sugar confectionery,Allens,2023-01-01,0.12464622359802711,0.20956136436955833,0.7260547260703334,0.8589455180246667,3,-0.08491514077153121,0.16992662324376281,-0.039634741125795514
Sugar confectionery,Allens,2023-04-01,0.12406340850976028,0.18207768642268685,0.7043789363083334,0.8570807398746667,3,-0.05801427791292657,0.17362342415533732,-0.008454262267349522
Sugar confectionery,Allens,2023-07-01,0.13054873450786247,0.16992662324376281,0.669054539417,0.8365318905973333,3,-0.03937788873590034,0.17336116563132134,0.0034345423875585257
Sugar confectionery,Allens,2023-10-01,0.10746725286341181,0.17362342415533732,0.6906460364506667,0.849931736152,3,-0.06615617129192551,0.17154163764540334,-0.002081786509933986
Sugar confectionery,Allens,2024-01-01,0.140446973917123,0.17336116563132134,0.6881681267976667,0.863672910674,3,-0.03291419171419835,0.17149533303472272,-0.0018658325965986156
Sugar confectionery,Allens,2024-04-01,0.15908156843358107,0.17154163764540334,0.6766819754226666,0.858546719735,3,-0.012460069211822272,0.17661273345568015,0.0050710958102768156
Sugar confectionery,Allens,2024-07-01,0.1478982391050202,0.17149533303472272,0.673234017323,0.862664276283,3,-0.023597093929702523,0.18089143141834915,0.009396098383626428
Sugar confectionery,Darrell Lea,2022-10-01,0.13439691470341183,0.30476850833575725,0.5433111172426667,0.7575494549803333,3,-0.17037159363234541,0.14107641163287538,-0.16369209670288187
Sugar confectionery,Darrell Lea,2023-01-01,0.09876675337299083,0.15390179306699667,0.5337294005186667,0.7456586267473334,3,-0.055135039694005836,0.1372044209061574,-0.016697372160839274
Sugar confectionery,Darrell Lea,2023-04-01,0.11184036724894109,0.14107641163287538,0.5453922466916666,0.762569449858,3,-0.02923604438393429,0.13269982750916595,-0.008376584123709424
Sugar confectionery,Darrell Lea,2023-07-01,0.09085303384584957,0.1372044209061574,0.5400270997706667,0.756571244635,3,-0.04635138706030782,0.12723429252665056,-0.009970128379506837
Sugar confectionery,Darrell Lea,2023-10-01,0.07895219395051063,0.13269982750916595,0.527830453118,0.7450813358706667,3,-0.05374763355865532,0.13072446860097867,-0.0019753589081872858
Sugar confectionery,Darrell Lea,2024-01-01,0.17814016212203979,0.12723429252665056,0.5046942948693333,0.721265150577,3,0.05090586959538923,0.12209543584000944,-0.005138856686641116
Sugar confectionery,Darrell Lea,2024-04-01,0.159625170764329,0.13072446860097867,0.5150291328056666,0.71752450800266665,3,0.028900702163350334,0.12121897839363226,-0.00950549020734641
Sugar confectionery,Darrell Lea,2024-07-01,0.17978479356328728,0.12209543584000944,0.480053429684,0.7091714797656666,3,0.05768935772327784,0.12470393237179282,0.002608496531783383
Sugar confectionery,Double ‘D’,2023-04-01,0,0.028906528533093993,0.11572877610599999,0.2246870757535,2,-0.028906528533093993,0.02746614067224631,-0.0014403878608476826
Sugar confectionery,Double ‘D’,2023-07-01,0.005377383877923188,0.025991394009323196,0.10169707087066666,0.196461113323,3,-0.020614010131400008,0.02711484905356195,0.001123455044238754
Sugar confectionery,Double ‘D’,2023-10-01,0.003627854275946816,0.02746614067224631,0.10896302817633334,0.20309568098466665,3,-0.023838286396299493,0.02572890911967695,-0.0017372315525693606
Sugar confectionery,Double ‘D’,2024-01-01,0,0.02711484905356195,0.107624965285,0.22246137844066666,3,-0.02711484905356195,0.023178879017795247,-0.0039359700357667025
Sugar confectionery,Double ‘D’,2024-04-01,0.013207306842793433,0.02572890911967695,0.10125302734566667,0.216727613834,3,-0.012521602276883518,0.02512988666536875,-5.990224543081998e-4
Sugar confectionery,Double ‘D’,2024-07-01,0.031148048365356108,0.023178879017795247,0.09164467410633334,0.18223698655733334,3,0.00796916934756086,0.028716316034038247,0.005537437016242999
Sugar confectionery,FUNDAY,2023-04-01,0.08051436338989049,0.005127337608478371,0.0206584767565,0.042295951256,2,0.07538702578141211,0.004708811863491435,-4.185257449869362e-4
Sugar confectionery,FUNDAY,2023-07-01,0.08958575422612024,0.009145594057315626,0.035352541864666666,0.053947359889,3,0.0804401601688046,0.010931187618682715,0.0017855935613670885
Sugar confectionery,FUNDAY,2023-10-01,0.10819740592739724,0.004708811863491435,0.018685092703333333,0.035691891392,3,0.1034885940639058,0.00740077314109689,0.0026919612776054548
Sugar confectionery,FUNDAY,2024-01-01,0.09447780255420049,0.010931187618682715,0.04338488438733333,0.07508605579233334,3,0.08354661493551778,0.011093088912103546,1.619012934208318e-4
Sugar confectionery,FUNDAY,2024-04-01,0.12474588552880472,0.00740077314109689,0.029176077816,0.055458261664,3,0.11734511238770784,0.0096830840076485,0.00228231086655161
Sugar confectionery,FUNDAY,2024-07-01,0.10454122531991931,0.011093088912103546,0.043970218932,0.09007415364600001,3,0.09344813640781577,0.014689803138149955,0.003596714226046408
Sugar confectionery,Haribo,2022-10-01,0.06851345728404601,0.1742232164745409,0.31011743522766666,0.599053711535,3,-0.10570975919049488,0.08375178000649515,-0.09047143646804574
Sugar confectionery,Haribo,2023-01-01,0.05224972448317112,0.09167730986375089,0.317875412792,0.5849969160003333,3,-0.03942758538057977,0.07416070090992206,-0.017516608953828824
Sugar confectionery,Haribo,2023-04-01,0.036000503111500985,0.08375178000649515,0.32449212996599996,0.6054296087176666,3,-0.047751276894994164,0.07742253025400876,-0.006329249752486388
Sugar confectionery,Haribo,2023-07-01,0.026857476885133954,0.07416070090992206,0.29194986454466665,0.5746462968103333,3,-0.04730322402478811,0.08498583083896026,0.010825129929038196
Sugar confectionery,Haribo,2023-10-01,0.0488198645637119,0.07742253025400876,0.3083937245503333,0.5750914298800001,3,-0.02860266569029686,0.08081228345577654,0.0033897532017677784
Sugar confectionery,Haribo,2024-01-01,0.042034956985885046,0.08498583083896026,0.337220735637,0.6113087884896666,3,-0.042950873853075215,0.09078525581641783,0.005799424977457571
Sugar confectionery,Haribo,2024-04-01,0.04794475128991896,0.08081228345577654,0.31941686981466666,0.5947177041783334,3,-0.03286753216585758,0.08627194691752882,0.005459663461752279
Sugar confectionery,Haribo,2024-07-01,0.062478046696705196,0.09078525581641783,0.35621580480733334,0.6059226118596667,3,-0.028307209119712635,0.08021360141459634,-0.010571654401821493
Sugar confectionery,Life Savers,2022-10-01,0.21627614629568714,0.2623386076255524,0.46748799781033334,0.7859043461433334,3,-0.046062461329865245,0.11825078360570268,-0.1440878240198497
Sugar confectionery,Life Savers,2023-01-01,0.24349146356375292,0.13748916805987385,0.47624654397266664,0.7951846401003333,3,0.10600229550387907,0.11067759571167421,-0.02681157234819964
Sugar confectionery,Life Savers,2023-04-01,0.2215096003719277,0.11825078360570268,0.4582296199836667,0.7995402534323334,3,0.10325881676622503,0.11068636360271877,-0.007564420002983907
Sugar confectionery,Life Savers,2023-07-01,0.22868226539501096,0.11067759571167421,0.434471852658,0.757728066292,3,0.11800466968333675,0.1079935651541868,-0.0026840305574874074
Sugar confectionery,Life Savers,2023-10-01,0.24500714044529506,0.11068636360271877,0.439824496034,0.7928187960673333,3,0.1343207768425763,0.11148488462004914,7.985210173303697e-4
Sugar confectionery,Life Savers,2024-01-01,0.2028285653324496,0.1079935651541868,0.429280549805,0.7854536981536667,3,0.09483500017826281,0.11155826464842183,0.0035646994942350324
Sugar confectionery,Life Savers,2024-04-01,0.17553521295573968,0.11148488462004914,0.43968841901,0.7990901608656666,3,0.06405032833569053,0.10174659323787452,-0.009738291382174621
Sugar confectionery,Life Savers,2024-07-01,0.1678531922954319,0.11155826464842183,0.43871139501566664,0.7578212730156667,3,0.05629492764701008,0.10252160190865514,-0.009036662739766693
Sugar confectionery,Pascall,2022-10-01,0.05325700319884768,0,0,0,3,0.05325700319884768,0.07622521545353121,0.07622521545353121
Sugar confectionery,Pascall,2023-01-01,0.04514774147990874,0,0,0,3,0.04514774147990874,0.11383360327773154,0.11383360327773154
Sugar confectionery,Pascall,2023-04-01,0.07376183868994717,0.07622521545353121,0.305596969526,0.481115696778,3,-0.0024633767635840464,0.11634922923114698,0.040124013777615763
Sugar confectionery,Pascall,2023-07-01,0.0703972837032949,0.11383360327773154,0.4475888015266667,0.7312078872716666,3,-0.04343631957443664,0.1136954003785571,-1.382028991744333e-4
Sugar confectionery,Pascall,2023-10-01,0.06868878174561525,0.11634922923114698,0.46339414479566665,0.7360409102233334,3,-0.04766044748553172,0.10442319777863115,-0.01192603145251582
Sugar confectionery,Pascall,2024-01-01,0.03591380871698574,0.1136954003785571,0.45119732243733335,0.7201468293283334,3,-0.07778159166157136,0.10465370703896082,-0.009041693339596285
Sugar confectionery,Pascall,2024-04-01,0.04072473634416587,0.10442319777863115,0.41095055597266666,0.6982403820873333,3,-0.06369846143446528,0.10934183187312416,0.004918634094493002
Sugar confectionery,Pascall,2024-07-01,0.0352386131817873,0.10465370703896082,0.41038035320033334,0.70708353186,3,-0.06941509385717351,0.10004363067016746,-0.004610076368793362
Sugar confectionery,Skittles,2022-10-01,0.08916595128079961,0.2586696675641495,0.46078747852266666,0.813626884202,3,-0.16950371628334987,0.12133239665961063,-0.13733727090453887
Sugar confectionery,Skittles,2023-01-01,0.05590391812466266,0.13089016147063037,0.4537544015996667,0.822885610322,3,-0.074986243345967707,0.10885700716790445,-0.022033154302725927
Sugar confectionery,Skittles,2023-04-01,0,0.12133239665961063,0.4698711126863333,0.843743084954,3,-0.12133239665961063,0.10915199765886338,-0.012180399000747244
Sugar confectionery,Skittles,2023-07-01,0,0.10885700716790445,0.4281235948353333,0.8066725597156666,3,-0.10885700716790445,0.10866045113823099,-1.9655602967345864e-4
Sugar confectionery,Skittles,2023-10-01,0,0.10915199765886338,0.4345581189243333,0.8240400413446667,3,-0.10915199765886338,0.10813164375691726,-0.0010203539019461166
Sugar confectionery,Skittles,2024-01-01,0,0.10866045113823099,0.431398183501,0.801850419031,3,-0.10866045113823099,0.11540345102919963,0.006742999890968646
Sugar confectionery,Skittles,2024-04-01,0,0.10813164375691726,0.4267439892373333,0.8208905295360001,3,-0.10813164375691726,0.11976244570276989,0.011630801945852628
Sugar confectionery,Skittles,2024-07-01,0.001619529213227386,0.11540345102919963,0.4531553791963333,0.793824484938,3,-0.11378392181597224,0.11177334433086362,-0.003630106698336008
Sugar confectionery,Sour Patch,2023-01-01,0.13558229425234664,0.08860380056023667,0.30691071977833334,0.5988879130846667,3,0.04697849369210996,0.07473762765913748,-0.013866172901099191
Sugar confectionery,Sour Patch,2023-04-01,0.13167709295244978,0.08658399718412102,0.3364129826366667,0.6341876159756666,3,0.04509309576832876,0.07384623222990455,-0.012737764954216468
Sugar confectionery,Sour Patch,2023-07-01,0.12600648832137087,0.07473762765913748,0.294080857127,0.559579866808,3,0.05126886066223339,0.08162526690479631,0.006887639245658828
Sugar confectionery,Sour Patch,2023-10-01,0.13081071440440745,0.07384623222990455,0.29380673638733334,0.5920970496573333,3,0.056964482174502895,0.08564714019096666,0.011800907961062104
Sugar confectionery,Sour Patch,2024-01-01,0.10513489480321231,0.08162526690479631,0.32405276453866666,0.6068496295893333,3,0.023509627898416,0.0790311889170166,-0.0025940779877797054
Sugar confectionery,Sour Patch,2024-04-01,0.11300588469835776,0.08564714019096666,0.337669358711,0.6255250687396667,3,0.027358744507391106,0.08333010504963945,-0.002317035141327209
Sugar confectionery,Sour Patch,2024-07-01,0.09865287991520726,0.0790311889170166,0.3103734741936667,0.6293256985433333,3,0.019621690998190652,0.0778084068780878,-0.0012227820389288102
Sugar confectionery,The Natural Confectionery Co.,2023-01-01,0.029888990196219788,0.18787640260895322,0.6512973130133334,0.8194835503966666,3,-0.15798741241273342,0.15474747230779143,-0.03312893030116179
Sugar confectionery,The Natural Confectionery Co.,2023-04-01,0.083913495450221,0.16801248494059548,0.6479492930973333,0.792762746554,3,-0.08409898949037448,0.15343043244746957,-0.014582052493125913
Sugar confectionery,The Natural Confectionery Co.,2023-07-01,0.11516446173247509,0.15474747230779143,0.6086855681903334,0.779293282956,3,-0.03958301057531634,0.1444120537333869,-0.010335418574404537
Sugar confectionery,The Natural Confectionery Co.,2023-10-01,0.10757393463107208,0.15343043244746957,0.6107336790166666,0.7784531520993333,3,-0.04585649781639749,0.1602904196738131,0.006859987226343539
Sugar confectionery,The Natural Confectionery Co.,2024-01-01,0.090183719064928,0.1444120537333869,0.57298809261,0.7509258676243333,3,-0.05422833466845889,0.15747579816575633,0.013063744432369434
Sugar confectionery,The Natural Confectionery Co.,2024-04-01,0.08863933512686716,0.1602904196738131,0.632968415016,0.780102766905,3,-0.07165108454694595,0.15640559480427677,-0.0038848248695363408
Sugar confectionery,The Natural Confectionery Co.,2024-07-01,0.08227238065615396,0.15747579816575633,0.6171165353256667,0.7865273024156666,3,-0.07520341750960237,0.16708834196638372,0.009612543800627399
Sugar confectionery,Well Naturally,2023-07-01,0.016287056485042757,0.020717960749279726,0.081577069524,0.15233387574033333,3,-0.0044309042642369685,0.019985937021665096,-0.00073202372761463005
Sugar confectionery,Well Naturally,2023-10-01,0.009385605771485658,0.020615010375646947,0.08167331461933333,0.172848568966,3,-0.011229404604161289,0.013814642016690283,-0.006800368358956664
Sugar confectionery,Well Naturally,2024-01-01,0.01426734522645111,0.019985937021665096,0.07902020511366667,0.15348657414,3,-0.005718591795213985,0.013229597579595978,-0.0067563394420691175
Sugar confectionery,Well Naturally,2024-04-01,0.006588606115229116,0.013814642016690283,0.05353399623966666,0.11352979992133333,3,-0.0072260359014611674,0.01049679989245675,-0.003317842124233533
Sugar confectionery,Well Naturally,2024-07-01,0.013537361877405792,0.013229597579595978,0.052341756629,0.07922060542133333,3,3.0776429780981357e-4,0.007203113427181958,-0.00602648415241402
Yoghurt,Chobani,2023-04-01,0.2924559632635875,0.3016712783062238,0.5330275231463333,0.7722577330843333,3,-0.009215315042636285,0.19221645676079313,-0.10945482154543068
Yoghurt,Chobani,2023-07-01,0.26033514075956443,0.22014579530190495,0.46168379123000003,0.7062308046263334,3,0.04018934545765948,0.16356189338827454,-0.05658390191363041
Yoghurt,Chobani,2023-10-01,0.2671879369052063,0.19221645676079313,0.4411950578366667,0.6855449513693334,3,0.07497148014441318,0.15835263882880823,-0.033863817931984896
Yoghurt,Chobani,2024-01-01,0.2852938166529778,0.16356189338827454,0.422593466983,0.7126762241169999,3,0.12173192326470328,0.1669726769887022,0.0034107836004276526
Yoghurt,Chobani,2024-04-01,0.2873124036683116,0.15835263882880823,0.39450464782833333,0.6859794405346666,3,0.1289597648395034,0.1704343557149102,0.012081716886101962
Yoghurt,Chobani,2024-07-01,0.27818638177543953,0.1669726769887022,0.4108394721636667,0.6899911336083333,3,0.11121370478673734,0.1783213053005581,0.011348628311855902
Yoghurt,Chobani Fit,2023-04-01,0.013293577775600834,0,0,0,3,0.013293577775600834,0.05995246013972805,0.05995246013972805
Yoghurt,Chobani Fit,2023-07-01,0.020913708670891828,0.03958051883125421,0.09317460544466667,0.22106137419066665,3,-0.018666810160362386,0.049367548473346484,0.009787029642092271
Yoghurt,Chobani Fit,2023-10-01,0.03031272105802382,0.05995246013972805,0.13773319093566666,0.2913964334183333,3,-0.02963973908170423,0.04723243106483947,-0.012720029074888575
Yoghurt,Chobani Fit,2024-01-01,0.025600986578987385,0.049367548473346484,0.12767087965733334,0.304084317705,3,-0.0237665618943591,0.05074550349408435,0.001377955020737863
Yoghurt,Chobani Fit,2024-04-01,0.0274386989917057,0.04723243106483947,0.11778063852033334,0.313211889084,3,-0.01979373207313377,0.04631498316245145,-9.174479023880203e-4
Yoghurt,Chobani Fit,2024-07-01,0.03316427578696954,0.05074550349408435,0.12600911748266666,0.300853596651,3,-0.01758122770711481,0.052179521715048735,0.0014340182209643879
Yoghurt,Cocobella,2023-04-01,0.07132928831174505,0.08577883252978447,0.152069812439,0.314139103463,3,-0.014449544218039415,0.05815392511635244,-0.02762490741343203
Yoghurt,Cocobella,2023-07-01,0.07396941727805029,0.06291338451506719,0.13090680980733332,0.28193832919733336,3,0.0110560327629831,0.04907295768491399,-0.013840426830153199
Yoghurt,Cocobella,2023-10-01,0.10980254678073756,0.05815392511635244,0.13377375577866668,0.26050863468266666,3,0.05164862166438512,0.04954144722798489,-0.008612477888367547
Yoghurt,Cocobella,2024-01-01,0.11528102339604089,0.04907295768491399,0.12675382810533334,0.31093533402466667,3,0.0662080657111269,0.0650367741724937,0.01596381648757972
Yoghurt,Cocobella,2024-04-01,0.08753757903685976,0.04954144722798489,0.124590849645,0.279336732558,3,0.037996131808874865,0.06465188366255979,0.015110436434574902
Yoghurt,Cocobella,2024-07-01,0.12982189180703466,0.0650367741724937,0.15876111169866666,0.35647899740833333,3,0.06478511763454095,0.06247671493001757,-0.002560059242476133
Yoghurt,Danone,2023-04-01,0.022476119924371023,0.10472664482581459,0.19570452571933333,0.37508831029033335,3,-0.08225052490144356,0.09841126645091909,-0.0063153783748955
Yoghurt,Danone,2023-07-01,0.025350196219202203,0.10252649428342958,0.21423224814533334,0.4414559464516667,3,-0.07717629806422738,0.07325761372946926,-0.02926888055396032
Yoghurt,Danone,2023-10-01,0.021367411728363803,0.09841126645091909,0.226338609431,0.47290645248400004,3,-0.07704385472255529,0.07017906027717463,-0.02823220617374446
Yoghurt,Danone,2024-01-01,0.03469254245374231,0.07325761372946926,0.18757088785166667,0.468653194591,3,-0.038565071275726955,0.06607222182760651,-0.0071853919018627505
Yoghurt,Danone,2024-04-01,0.026958415513878935,0.07017906027717463,0.176043307929,0.449756378772,3,-0.04322064476329569,0.0627846953875409,-0.007394364889633728
Yoghurt,Danone,2024-07-01,0.03235649775867884,0.06607222182760651,0.16324965645466666,0.4252223725463333,3,-0.03371572406892767,0.06817164984580605,0.0020994280181995395
Yoghurt,Gippsland Dairy,2023-04-01,0.0071229736854176735,0.2921153079378328,0.514126075363,0.6669279408423333,3,-0.2849923342524151,0.18675479054255253,-0.10536051739528027
Yoghurt,Gippsland Dairy,2023-07-01,0.0019316073026607514,0.22587464686398015,0.47025497456433335,0.6069851768403334,3,-0.2239430395613194,0.16318540078352026,-0.06268924608045989
Yoghurt,Gippsland Dairy,2023-10-01,0.0038889410091585523,0.18675479054255253,0.42956180661633336,0.5763561895606667,3,-0.182865849533394,0.16059515548701736,-0.026159635055535174
Yoghurt,Gippsland Dairy,2024-01-01,0.002084479350765323,0.16318540078352026,0.4201063059703333,0.5823339049373333,3,-0.16110092143275492,0.16702020761542719,0.0038348068319069284
Yoghurt,Gippsland Dairy,2024-04-01,0.0015050759342311515,0.16059515548701736,0.399274723619,0.56619735878,3,-0.1590900795527862,0.16827728168422773,0.0076821261972103705
Yoghurt,Gippsland Dairy,2024-07-01,0.004638610902050689,0.16702020761542719,0.412773753532,0.5690444615033333,3,-0.16238159671337649,0.15824943894650856,-0.008770768668918627
Yoghurt,Tamar Valley,2023-04-01,0.023078961419351632,0,0,0,3,0.023078961419351632,0,0
Yoghurt,Tamar Valley,2023-07-01,0.0271889580371452,0,0,0,3,0.0271889580371452,0.17589981504652658,0.17589981504652658
Yoghurt,Tamar Valley,2023-10-01,0.022084900842416287,0,0,0,3,0.022084900842416287,0.16178894367467136,0.16178894367467136
Yoghurt,Tamar Valley,2024-01-01,0.020650207430059363,0.17589981504652658,0.4536101854976667,0.6504938605173334,3,-0.15524960761646722,0.16756128372248277,-0.008338531324043802
Yoghurt,Tamar Valley,2024-04-01,0.027020826757069287,0.16178894367467136,0.401964271028,0.5892722034613334,3,-0.13476811691760207,0.17859860608811487,0.016809662413443505
Yoghurt,Tamar Valley,2024-07-01,0.01706845308557985,0.16756128372248277,0.4155725539826667,0.5929982250020001,3,-0.1504928306369029,0.15683855917785994,-0.010722724544622836
Yoghurt,Vaalia,2023-04-01,0.03452701838540947,0,0,0,3,0.03452701838540947,0.1462072896299999,0.1462072896299999
Yoghurt,Vaalia,2023-07-01,0.03721800126451443,0.10515438087514738,0.24759736322266668,0.4648316331363333,3,-0.06793637961063295,0.11564299544043082,0.010488614565283438
Yoghurt,Vaalia,2023-10-01,0.026283996518501676,0.1462072896299999,0.334945576126,0.6523596835466666,3,-0.11992329311149823,0.12700092247705977,-0.019206367152940135
Yoghurt,Vaalia,2024-01-01,0.02452835580118333,0.11564299544043082,0.29768069951966664,0.6443313732056667,3,-0.09111463963924749,0.10888806116963405,-0.006754934270796764
Yoghurt,Vaalia,2024-04-01,0.015396280707072853,0.12700092247705977,0.3141508914423333,0.6337869709736667,3,-0.11160464176998691,0.11352934352069907,-0.013471578956360697
Yoghurt,Vaalia,2024-07-01,0.027965920124821374,0.10888806116963405,0.2711949005966667,0.5663431343336667,3,-0.08092214104481268,0.11709085299910278,0.00820279182946873
Yoghurt,Vitasoy,2023-04-01,0.09932246703848596,0.07336366713753302,0.12961733073933332,0.39195568586566665,3,0.025958799900952942,0.04374375509739524,-0.02961991204013778
Yoghurt,Vitasoy,2023-07-01,0.09336221783786033,0.05946236685992691,0.12119696442866666,0.34307383971800004,3,0.033899850977933424,0.03874126409339357,-0.020721102766533342
Yoghurt,Vitasoy,2023-10-01,0.09560511655835084,0.04374375509739524,0.100308751216,0.28583384297866665,3,0.0518613614609556,0.04046996926652575,-0.0032737858308694925
Yoghurt,Vitasoy,2024-01-01,0.10598212211215641,0.03874126409339357,0.099470156923,0.320005487156,3,0.06724085801876284,0.03600260002771022,-0.0027386640656833494
Yoghurt,Vitasoy,2024-04-01,0.07787187996745866,0.04046996926652575,0.10136452641433334,0.298680649176,3,0.03740191070093291,0.03113083877663851,-0.009339130489887236
Yoghurt,Vitasoy,2024-07-01,0.07856952407012992,0.03600260002771022,0.08873779240333333,0.282896490659,3,0.0425669240424197,0.03349511698009111,-0.002507483047619108
Yoghurt,Yakult,2023-04-01,0.2825274664026205,0,0,0,3,0.2825274664026205,0.13267591594010475,0.13267591594010475
Yoghurt,Yakult,2023-07-01,0.2652321267479871,0.08391569423118268,0.19764841647466666,0.4769112972993333,3,0.1813164325168044,0.0996394030274232,0.01572370879624052
Yoghurt,Yakult,2023-10-01,0.2587684873964924,0.13267591594010475,0.305240794829,0.6868877969716667,3,0.12609257145638764,0.11324851461665889,-0.019427401323445864
Yoghurt,Yakult,2024-01-01,0.22920728043348784,0.0996394030274232,0.257645575502,0.7017474782816666,3,0.12956787740606462,0.10305922421608787,0.0034198211886646707
Yoghurt,Yakult,2024-04-01,0.27516465564667697,0.11324851461665889,0.28360461758466665,0.6371592694116667,3,0.16191614103001808,0.08397598617438916,-0.029272528442269727
Yoghurt,Yakult,2024-07-01,0.23632148734413083,0.10305922421608787,0.25334664138199997,0.6510724577756667,3,0.13326226312804296,0.09508256787762746,-0.007976656338460411
Yoghurt,YoPro,2023-04-01,0.1538661637934103,0.14234426926281132,0.250658954784,0.48322587723866667,3,0.011521894530598986,0.08188414032215482,-0.0604601289406565
Yoghurt,YoPro,2023-07-01,0.19449862588212347,0.10042671823810696,0.207070658405,0.41490194849233336,3,0.0940719076440165,0.0716311083327013,-0.028795609905405667
Yoghurt,YoPro,2023-10-01,0.16469794120274872,0.08188414032215482,0.18806474700933334,0.374896096394,3,0.0828138008805939,0.07159091707925963,-0.010293223242895194
Yoghurt,YoPro,2024-01-01,0.1566791857905994,0.0716311083327013,0.183776703879,0.40683600745066667,3,0.0850480774578981,0.06864144676577116,-0.0029896615669301324
Yoghurt,YoPro,2024-04-01,0.17379418377673508,0.07159091707925963,0.17813358273433333,0.41370550473533335,3,0.10220326669747545,0.08030202582846833,0.008711108749208704
Yoghurt,YoPro,2024-07-01,0.16190695734516475,0.06864144676577116,0.17071793255433335,0.37214156845633334,3,0.09326551057939358,0.07809427222737964,0.009452825461608472
